/*M!999999\- enable the sandbox mode */ 
-- MariaDB dump 10.19  Distrib 10.11.11-MariaDB, for debian-linux-gnu (x86_64)
--
-- Host: localhost    Database: labtif2
-- ------------------------------------------------------
-- Server version	10.11.11-MariaDB-0ubuntu0.24.04.2

/*!40101 SET @OLD_CHARACTER_SET_CLIENT=@@CHARACTER_SET_CLIENT */;
/*!40101 SET @OLD_CHARACTER_SET_RESULTS=@@CHARACTER_SET_RESULTS */;
/*!40101 SET @OLD_COLLATION_CONNECTION=@@COLLATION_CONNECTION */;
/*!40101 SET NAMES utf8mb4 */;
/*!40103 SET @OLD_TIME_ZONE=@@TIME_ZONE */;
/*!40103 SET TIME_ZONE='+00:00' */;
/*!40014 SET @OLD_UNIQUE_CHECKS=@@UNIQUE_CHECKS, UNIQUE_CHECKS=0 */;
/*!40014 SET @OLD_FOREIGN_KEY_CHECKS=@@FOREIGN_KEY_CHECKS, FOREIGN_KEY_CHECKS=0 */;
/*!40101 SET @OLD_SQL_MODE=@@SQL_MODE, SQL_MODE='NO_AUTO_VALUE_ON_ZERO' */;
/*!40111 SET @OLD_SQL_NOTES=@@SQL_NOTES, SQL_NOTES=0 */;

--
-- Table structure for table `buku`
--

DROP TABLE IF EXISTS `buku`;
/*!40101 SET @saved_cs_client     = @@character_set_client */;
/*!40101 SET character_set_client = utf8mb4 */;
CREATE TABLE `buku` (
  `id` bigint(20) unsigned NOT NULL AUTO_INCREMENT,
  `isbn` varchar(13) NOT NULL,
  `judul_buku` varchar(255) NOT NULL,
  `tanggal` year(4) DEFAULT NULL,
  `kota` varchar(50) DEFAULT NULL,
  `url` varchar(255) DEFAULT NULL,
  `created_at` timestamp NOT NULL DEFAULT current_timestamp(),
  `updated_at` timestamp NOT NULL DEFAULT current_timestamp() ON UPDATE current_timestamp(),
  PRIMARY KEY (`id`)
) ENGINE=InnoDB AUTO_INCREMENT=112 DEFAULT CHARSET=utf8mb4 COLLATE=utf8mb4_unicode_ci;
/*!40101 SET character_set_client = @saved_cs_client */;

--
-- Dumping data for table `buku`
--

LOCK TABLES `buku` WRITE;
/*!40000 ALTER TABLE `buku` DISABLE KEYS */;
INSERT INTO `buku` VALUES
(1,'9786238301218','kecerdasan komputasional',2023,'bangkalan',NULL,'2025-04-15 20:02:03','2025-04-15 20:02:03'),
(2,'9786235972015','peta daya saing lulusan sasaran tracer study 2021',2021,'bangkalan',NULL,'2025-04-15 20:02:03','2025-04-15 20:02:03'),
(3,'9786233295048','teori dan pemrograman grafika komputer dengan c++ dan opengl',2021,'bangkalan',NULL,'2025-04-15 20:02:03','2025-04-15 20:02:03'),
(4,'9786024625597','dasar pemrograman web-html, css dan javascript',2020,'bangkalan',NULL,'2025-04-15 20:02:03','2025-04-15 20:02:03'),
(5,'9786024623869','pemrograman aplikasi web : buku ajar',2020,'',NULL,'2025-04-15 20:02:03','2025-04-15 20:02:03'),
(6,'9786024620189','pemrograman jaringan dengan java',2017,'',NULL,'2025-04-15 20:02:03','2025-04-15 20:02:03'),
(7,'9786234951912','rekayasa perangkat lunak : pendekatan praktis system',2022,'malang',NULL,'2025-04-15 20:02:03','2025-04-15 20:02:03'),
(8,'9786231750419','analisis dan desain sistem informasi pendekatan pengembangan system',2022,'malang',NULL,'2025-04-15 20:02:03','2025-04-15 20:02:03'),
(9,'9786024625573','pengantar sistem informasi',2020,'malang',NULL,'2025-04-15 20:02:03','2025-04-15 20:02:03'),
(10,'9786024623364','rekayasa perangkat lunak',2019,'malang',NULL,'2025-04-15 20:02:03','2025-04-15 20:02:03'),
(11,'9786024621322','sistem desain basis data',2018,'malang',NULL,'2025-04-15 20:02:03','2025-04-15 20:02:03'),
(12,'9786238626700','data science ecosystem teori & aplikasi',2024,'denpasar,bali',NULL,'2025-04-15 20:02:03','2025-04-15 20:02:03'),
(13,'9786238626687','internet of things',2024,'denpasar,bali',NULL,'2025-04-15 20:02:03','2025-04-15 20:02:03'),
(14,'9786238626755','digital otomotif',2024,'denpasar,bali',NULL,'2025-04-15 20:02:03','2025-04-15 20:02:03'),
(15,'9786238626663','menguasai pengembangan aplikasi web',2024,'denpasar,bali',NULL,'2025-04-15 20:02:03','2025-04-15 20:02:03'),
(16,'9786238626908','web programming',2024,'denpasar,bali',NULL,'2025-04-15 20:02:03','2025-04-15 20:02:03'),
(17,'9786238626724','data science \"esg sentiment classifier\"',2024,'denpasar,bali',NULL,'2025-04-15 20:02:03','2025-04-15 20:02:03'),
(18,'9786234486346','belajar basis data relasional mysql melalui studi kasus',2023,'tasikmalaya',NULL,'2025-04-15 20:02:03','2025-04-15 20:02:03'),
(19,'9786231750433','belajar dasar pemrograman api (application programmable interface)',2022,'malang',NULL,'2025-04-15 20:02:03','2025-04-15 20:02:03'),
(20,'9786024629434','pengolahan basis data mongodb',2022,'malang',NULL,'2025-04-15 20:02:03','2025-04-15 20:02:03'),
(21,'9786231750365','digital marketing',2022,'malang',NULL,'2025-04-15 20:02:03','2025-04-15 20:02:03'),
(22,'9786230270505','rekayasa multimedia',2023,'indonesia',NULL,'2025-04-15 20:02:03','2025-04-15 20:02:03'),
(23,'9786024016043','buku algoritma dan pemrograman menggunakan python',2016,'indonesia',NULL,'2025-04-15 20:02:03','2025-04-15 20:02:03'),
(24,'9786238301294','matematika diskrit (konsep dan logika)',2023,'malang',NULL,'2025-04-15 20:02:03','2025-04-15 20:02:03'),
(25,'9786234952162','data mining dan aplikasinya',2022,'malang',NULL,'2025-04-15 20:02:03','2025-04-15 20:02:03'),
(26,'9786233295345','statistika dasar untuk penelitian',2021,'malang',NULL,'2025-04-15 20:02:03','2025-04-15 20:02:03'),
(27,'9786230278549','pembelajaran mesin dan implementasinya dengan menggunakan python',2024,'yogyakarta',NULL,'2025-04-15 20:02:03','2025-04-15 20:02:03'),
(28,'9786238623433','buku ajar pengolahan citra digital',2024,'sidoarjo',NULL,'2025-04-15 20:02:03','2025-04-15 20:02:03'),
(29,'9786230270505','rekayasa multimedia',2023,'indonesia',NULL,'2025-04-15 20:02:03','2025-04-15 20:02:03'),
(30,'9786342062609','sistem manajemen database relasional (konsep dan teknologi)',2024,'malang',NULL,'2025-04-15 20:02:03','2025-04-15 20:02:03'),
(31,'9786342062487','penjaminull mutu perangkat lunak',2024,'malang',NULL,'2025-04-15 20:02:03','2025-04-15 20:02:03'),
(32,'9786238301294','matematika diskrit (konsep dan logika)',2023,'malang',NULL,'2025-04-15 20:02:03','2025-04-15 20:02:03'),
(33,'9786231754196','metodologi penelitian pendekatan informatika',2023,'malang',NULL,'2025-04-15 20:02:03','2025-04-15 20:02:03'),
(34,'9786234482737','konsep segmentasi dan klasifikasi citra medis [sumber elektronis] : disertai kode program matlab',2022,'cipedestasikmalaya',NULL,'2025-04-15 20:02:03','2025-04-15 20:02:03'),
(35,'9786234951912','rekayasa perangkat lunak : pendekatan praktis system',2022,'malang',NULL,'2025-04-15 20:02:03','2025-04-15 20:02:03'),
(36,'9786024629816','buku ajar sistem pendukung keputusan :konsep dan model)',2022,'malang',NULL,'2025-04-15 20:02:03','2025-04-15 20:02:03'),
(37,'9786235847313','bahan ajar mata kuliah jaringan komputer [sumber elektronis] : jaringan komputer berbasis mikrotik',2021,'cipedestasikmalaya',NULL,'2025-04-15 20:02:03','2025-04-15 20:02:03'),
(38,'9786024625665','dasar pemrograman web : teori & implementasi : html, css, javascript, bootstrap, codelgniter',2020,'malang',NULL,'2025-04-15 20:02:03','2025-04-15 20:02:03'),
(39,'9786024623364','rekayasa perangkat lunak',2019,'malang',NULL,'2025-04-15 20:02:03','2025-04-15 20:02:03'),
(40,'9786235847504','jaringan nirkabel ieee 802.11 [sumber elektronis]',2021,'panglayungan,cipedes,tasikmalaya',NULL,'2025-04-15 20:02:03','2025-04-15 20:02:03'),
(41,'9786024628260','jaringan nirkabel standar ieee 802.11',2021,'malang',NULL,'2025-04-15 20:02:03','2025-04-15 20:02:03'),
(42,'9786024623258','dasar jaringan komputer windows : teori & praktek',2019,'malang',NULL,'2025-04-15 20:02:03','2025-04-15 20:02:03'),
(43,'9786024621308','keamanull jaringan',2018,'malang',NULL,'2025-04-15 20:02:03','2025-04-15 20:02:03'),
(44,'9786234482430','buku ajar metode statistika dan aplikasinya [sumber elektronis]',2022,'bangkalan',NULL,'2025-04-15 20:02:03','2025-04-15 20:02:03'),
(45,'9786234482720','penerapan metode c4.5 dan knn pada kecerdasan komputasional [sumber elektronis]',2022,'bangkalan',NULL,'2025-04-15 20:02:03','2025-04-15 20:02:03'),
(46,'9786235847320','kecerdasan bisnis [sumber elektronis] : teori dan penerapannya pada study kasus data covid-19',2021,'bangkalan',NULL,'2025-04-15 20:02:03','2025-04-15 20:02:03'),
(47,'9786235847269','sistem pendukung keputusan konsep dan aplikasi [sumber elektronis]',2021,'bangkalan',NULL,'2025-04-15 20:02:03','2025-04-15 20:02:03'),
(48,'9786026743992','kecerdasan komputasional : konsep dan aplikasi',2017,'universitastrunojoyomadura',NULL,'2025-04-15 20:02:03','2025-04-15 20:02:03'),
(49,'9786342062487','penjaminull mutu perangkat lunak',2024,'malang',NULL,'2025-04-15 20:02:03','2025-04-15 20:02:03'),
(50,'9786234951912','rekayasa perangkat lunak : pendekatan praktis system',2022,'malang',NULL,'2025-04-15 20:02:03','2025-04-15 20:02:03'),
(51,'9786231750419','analisis dan desain sistem informasi pendekatan pengembangan system',2022,'malang',NULL,'2025-04-15 20:02:03','2025-04-15 20:02:03'),
(52,'9786024629816','buku ajar sistem pendukung keputusan :konsep dan model)',2022,'malang',NULL,'2025-04-15 20:02:03','2025-04-15 20:02:03'),
(53,'9786024625573','pengantar sistem informasi',2020,'malang',NULL,'2025-04-15 20:02:03','2025-04-15 20:02:03'),
(54,'9786024625665','dasar pemrograman web : teori & implementasi : html, css, javascript, bootstrap, codelgniter',2020,'malang',NULL,'2025-04-15 20:02:03','2025-04-15 20:02:03'),
(55,'9786024623364','rekayasa perangkat lunak',2019,'malang',NULL,'2025-04-15 20:02:03','2025-04-15 20:02:03'),
(56,'9786024621322','sistem desain basis data',2018,'malang',NULL,'2025-04-15 20:02:03','2025-04-15 20:02:03'),
(57,'9786342065006','proyek sains data (komplit dengan code python)',2024,'malang',NULL,'2025-04-15 20:02:03','2025-04-15 20:02:03'),
(58,'9786233295437','sentimen analisis sosial media (step by step with python)',2021,'bangkalan',NULL,'2025-04-15 20:02:03','2025-04-15 20:02:03'),
(59,'9786024625641','buku ajar komputasi bahasa alami',2020,'',NULL,'2025-04-15 20:02:03','2025-04-15 20:02:03'),
(60,'9786342065167','penambangan teks',2024,'malang',NULL,'2025-04-15 20:02:03','2025-04-15 20:02:03'),
(61,'9786234483642','algoritma dan pemrograman dengan python [sumber elektronis]',2023,'tasikmalaya',NULL,'2025-04-15 20:02:03','2025-04-15 20:02:03'),
(62,'9786234485479','proyek sains data',2023,'bangkalan',NULL,'2025-04-15 20:02:03','2025-04-15 20:02:03'),
(63,'9786234485462','informatika pariwisata',2023,'bangkalan',NULL,'2025-04-15 20:02:03','2025-04-15 20:02:03'),
(64,'9786234482416','sistem terdistribusi',2022,'bangkalan',NULL,'2025-04-15 20:02:03','2025-04-15 20:02:03'),
(65,'9786235847368','dasar pemrograman aplikasi web dan mobile menggunakan flutter [sumber elektronis]',2021,'bangkalan',NULL,'2025-04-15 20:02:03','2025-04-15 20:02:03'),
(66,'9786235847320','kecerdasan bisnis [sumber elektronis] : teori dan penerapannya pada study kasus data covid-19',2021,'bangkalan',NULL,'2025-04-15 20:02:03','2025-04-15 20:02:03'),
(67,'9786235847344','algoritma pemrograman (pendekatan praktis menggunakan phyton)',2021,'bangkalan',NULL,'2025-04-15 20:02:03','2025-04-15 20:02:03'),
(68,'9786024625108','membangun dan mengamankan layanull jaringan menggunakan linux',2020,'bangkalan',NULL,'2025-04-15 20:02:03','2025-04-15 20:02:03'),
(69,'9786024623395','temu-kembali informasi : konsep dasar dan aplikasinya',2019,'bangkalan',NULL,'2025-04-15 20:02:03','2025-04-15 20:02:03'),
(70,'9786234485479','proyek sains data',2023,'bangkalan',NULL,'2025-04-15 20:02:03','2025-04-15 20:02:03'),
(71,'9786234485462','informatika pariwisata',2023,'bangkalan',NULL,'2025-04-15 20:02:03','2025-04-15 20:02:03'),
(72,'9786234482416','sistem terdistribusi',2022,'bangkalan',NULL,'2025-04-15 20:02:03','2025-04-15 20:02:03'),
(73,'9786235847368','dasar pemrograman aplikasi web dan mobile menggunakan flutter [sumber elektronis]',2021,'bangkalan',NULL,'2025-04-15 20:02:03','2025-04-15 20:02:03'),
(74,'9786024016067','basis data : konsep dan aplikasi',2016,'bangkalanindonesia',NULL,'2025-04-15 20:02:03','2025-04-15 20:02:03'),
(75,'9786230278549','pembelajaran mesin dan implementasinya dengan menggunakan python',2024,'yogyakarta',NULL,'2025-04-15 20:02:03','2025-04-15 20:02:03'),
(76,'9786230223891','temu kembali citra berbasis isi dengan menggunakan python',2021,'',NULL,'2025-04-15 20:02:03','2025-04-15 20:02:03'),
(77,'9786230222955','aplikasi pemetaan menggunakan qgis dan python',2021,'yogyakarta',NULL,'2025-04-15 20:02:03','2025-04-15 20:02:03'),
(78,'9786230222924','aplikasi gui klasifikasi citra menggunakan pyqt',2021,'yogyakarta',NULL,'2025-04-15 20:02:03','2025-04-15 20:02:03'),
(79,'9786237110002','kecerdasan komputasional dan aplikasinya dengan menggunakan python',2018,'yogyakarta',NULL,'2025-04-15 20:02:03','2025-04-15 20:02:03'),
(80,'9786024621261','algoritma pemrograman dengan menggunakan python',2018,'malang',NULL,'2025-04-15 20:02:03','2025-04-15 20:02:03'),
(81,'9786230278549','pembelajaran mesin dan implementasinya dengan menggunakan python',2024,'yogyakarta',NULL,'2025-04-15 20:02:03','2025-04-15 20:02:03'),
(82,'9786238224517','grid dan flexbox: panduan praktis untuk layout web yang efektif',2024,'sidoarjo',NULL,'2025-04-15 20:02:03','2025-04-15 20:02:03'),
(83,'9786238224746','komputasi numerik untuk pemula : dilengkapi contoh-contoh praktis',2024,'gresik',NULL,'2025-04-15 20:02:03','2025-04-15 20:02:03'),
(84,'9786238828739','basis data : dasar-dasar perintah sql',2022,'malang',NULL,'2025-04-15 20:02:03','2025-04-15 20:02:03'),
(85,'9786230222955','aplikasi pemetaan menggunakan qgis dan python',2021,'yogyakarta',NULL,'2025-04-15 20:02:03','2025-04-15 20:02:03'),
(86,'9786230222924','aplikasi gui klasifikasi citra menggunakan pyqt',2021,'yogyakarta',NULL,'2025-04-15 20:02:03','2025-04-15 20:02:03'),
(87,'9786026378552','pemanfaatan augmented reality dan animasi menggunakan : hp reveal, metaverse dan animaker untuk media pembelajaran era 4.0',2019,'',NULL,'2025-04-15 20:02:03','2025-04-15 20:02:03'),
(88,'9786026378200','pemanfaatan corel draw dan aplikasi android untuk membuat motif batik',2018,'bangkalan',NULL,'2025-04-15 20:02:03','2025-04-15 20:02:03'),
(89,'9786026378330','buat aplikasi android kasir untuk ukm',2018,'bangkalan',NULL,'2025-04-15 20:02:03','2025-04-15 20:02:03'),
(90,'9786026378026','game builder for kids',2016,'bangkalan',NULL,'2025-04-15 20:02:03','2025-04-15 20:02:03'),
(91,'9786024016081','pengembangan aplikasi web menggunakan codeigniter : konsep dan implementasi',2016,'yogyakarta',NULL,'2025-04-15 20:02:03','2025-04-15 20:02:03'),
(92,'9786026387002','terampil membuat game dengan scratch',2016,'bangkalan',NULL,'2025-04-15 20:02:03','2025-04-15 20:02:03'),
(93,'9786230272141','pengembangan aplikasi web berbasis php dan sqlite menggunakan replit cloud-based service',2023,'yogyakarta',NULL,'2025-04-15 20:02:03','2025-04-15 20:02:03'),
(94,'9786234952094','pembelajaran interaktif pemrograman front-end web menggunakan cms wordpress',2022,'malang',NULL,'2025-04-15 20:02:03','2025-04-15 20:02:03'),
(95,'9786233295277','pemrograman basis data mysql sql',2021,'malang',NULL,'2025-04-15 20:02:03','2025-04-15 20:02:03'),
(96,'9786024627997','e-commerce : konsep dan teknologi',2021,'malang',NULL,'2025-04-15 20:02:03','2025-04-15 20:02:03'),
(97,'9786024623319','pengembangan aplikasi web',2019,'malang',NULL,'2025-04-15 20:02:03','2025-04-15 20:02:03'),
(98,'9786024621285','dasar pemrograman web menggunakan html, css, xml, dan javascript',2018,'malang',NULL,'2025-04-15 20:02:03','2025-04-15 20:02:03'),
(99,'9786342060810','pemodelan proses bisnis',2024,'malang',NULL,'2025-04-15 20:02:03','2025-04-15 20:02:03'),
(100,'9786238301126','basis data 1',2023,'malang',NULL,'2025-04-15 20:02:03','2025-04-15 20:02:03'),
(101,'9786234951714','matematika diskrit : teori dan aplikasi',2022,'malang',NULL,'2025-04-15 20:02:03','2025-04-15 20:02:03'),
(102,'9786233295284','sistem informasi : konsep dan pengembangan',2021,'malang',NULL,'2025-04-15 20:02:03','2025-04-15 20:02:03'),
(103,'ada','belajar praktis data mining menggunakan python dan orange',2023,'malang',NULL,'2025-04-15 20:02:03','2025-04-15 20:02:03'),
(104,'9786342020470','buku ajar pengantar teknologi informasi dan komputer',2024,'bojonegoro',NULL,'2025-04-15 20:02:03','2025-04-15 20:02:03'),
(105,'9786234482508','pengenalan power bi untuk visualisasi data penjualan video game sebagai alat bantu sistem pendukung keputusan',2022,'tasikmalaya',NULL,'2025-04-15 20:02:03','2025-04-15 20:02:03'),
(106,'9786233295055','teori dan aplikasi data mining dengan rapid miner',2021,'malang',NULL,'2025-04-15 20:02:03','2025-04-15 20:02:03'),
(107,'9786024625092','pengenalan basis data, konsep dan aplikasi',2020,'malang',NULL,'2025-04-15 20:02:03','2025-04-15 20:02:03'),
(108,'9786024623296','logika informatika dan digital',2019,'malang',NULL,'2025-04-15 20:02:03','2025-04-15 20:02:03'),
(109,'9786024623227','algoritma pemrograman',2019,'malang',NULL,'2025-04-15 20:02:03','2025-04-15 20:02:03'),
(110,'9786025498886','analisa dalam perancangan prototipe heat exchanger shell dan tube',2018,'ponorogo',NULL,'2025-04-15 20:02:03','2025-04-15 20:02:03'),
(111,'9786026743978','dasar komputasi cerdas',2017,'malang',NULL,'2025-04-15 20:02:03','2025-04-15 20:02:03');
/*!40000 ALTER TABLE `buku` ENABLE KEYS */;
UNLOCK TABLES;

--
-- Table structure for table `buku_lab`
--

DROP TABLE IF EXISTS `buku_lab`;
/*!40101 SET @saved_cs_client     = @@character_set_client */;
/*!40101 SET character_set_client = utf8mb4 */;
CREATE TABLE `buku_lab` (
  `id` bigint(20) unsigned NOT NULL AUTO_INCREMENT,
  `id_buku` bigint(20) unsigned NOT NULL,
  `id_lab` bigint(20) unsigned NOT NULL,
  `created_at` timestamp NOT NULL DEFAULT current_timestamp(),
  `updated_at` timestamp NOT NULL DEFAULT current_timestamp() ON UPDATE current_timestamp(),
  PRIMARY KEY (`id`),
  KEY `buku_lab_id_buku_foreign` (`id_buku`),
  KEY `buku_lab_id_lab_foreign` (`id_lab`),
  CONSTRAINT `buku_lab_id_buku_foreign` FOREIGN KEY (`id_buku`) REFERENCES `buku` (`id`) ON DELETE CASCADE,
  CONSTRAINT `buku_lab_id_lab_foreign` FOREIGN KEY (`id_lab`) REFERENCES `laboratorium` (`id`) ON DELETE CASCADE
) ENGINE=InnoDB AUTO_INCREMENT=112 DEFAULT CHARSET=utf8mb4 COLLATE=utf8mb4_unicode_ci;
/*!40101 SET character_set_client = @saved_cs_client */;

--
-- Dumping data for table `buku_lab`
--

LOCK TABLES `buku_lab` WRITE;
/*!40000 ALTER TABLE `buku_lab` DISABLE KEYS */;
INSERT INTO `buku_lab` VALUES
(1,1,6,'2025-04-15 20:02:03','2025-04-15 20:02:03'),
(2,2,6,'2025-04-15 20:02:03','2025-04-15 20:02:03'),
(3,3,6,'2025-04-15 20:02:03','2025-04-15 20:02:03'),
(4,4,6,'2025-04-15 20:02:03','2025-04-15 20:02:03'),
(5,5,6,'2025-04-15 20:02:03','2025-04-15 20:02:03'),
(6,6,6,'2025-04-15 20:02:03','2025-04-15 20:02:03'),
(7,7,7,'2025-04-15 20:02:03','2025-04-15 20:02:03'),
(8,8,7,'2025-04-15 20:02:03','2025-04-15 20:02:03'),
(9,9,7,'2025-04-15 20:02:03','2025-04-15 20:02:03'),
(10,10,7,'2025-04-15 20:02:03','2025-04-15 20:02:03'),
(11,11,7,'2025-04-15 20:02:03','2025-04-15 20:02:03'),
(12,12,7,'2025-04-15 20:02:03','2025-04-15 20:02:03'),
(13,13,7,'2025-04-15 20:02:03','2025-04-15 20:02:03'),
(14,14,7,'2025-04-15 20:02:03','2025-04-15 20:02:03'),
(15,15,7,'2025-04-15 20:02:03','2025-04-15 20:02:03'),
(16,16,7,'2025-04-15 20:02:03','2025-04-15 20:02:03'),
(17,17,7,'2025-04-15 20:02:03','2025-04-15 20:02:03'),
(18,18,7,'2025-04-15 20:02:03','2025-04-15 20:02:03'),
(19,19,7,'2025-04-15 20:02:03','2025-04-15 20:02:03'),
(20,20,7,'2025-04-15 20:02:03','2025-04-15 20:02:03'),
(21,21,7,'2025-04-15 20:02:03','2025-04-15 20:02:03'),
(22,22,7,'2025-04-15 20:02:03','2025-04-15 20:02:03'),
(23,23,6,'2025-04-15 20:02:03','2025-04-15 20:02:03'),
(24,24,6,'2025-04-15 20:02:03','2025-04-15 20:02:03'),
(25,25,6,'2025-04-15 20:02:03','2025-04-15 20:02:03'),
(26,26,6,'2025-04-15 20:02:03','2025-04-15 20:02:03'),
(27,27,6,'2025-04-15 20:02:03','2025-04-15 20:02:03'),
(28,28,6,'2025-04-15 20:02:03','2025-04-15 20:02:03'),
(29,29,6,'2025-04-15 20:02:03','2025-04-15 20:02:03'),
(30,30,6,'2025-04-15 20:02:03','2025-04-15 20:02:03'),
(31,31,6,'2025-04-15 20:02:03','2025-04-15 20:02:03'),
(32,32,6,'2025-04-15 20:02:03','2025-04-15 20:02:03'),
(33,33,6,'2025-04-15 20:02:03','2025-04-15 20:02:03'),
(34,34,6,'2025-04-15 20:02:03','2025-04-15 20:02:03'),
(35,35,6,'2025-04-15 20:02:03','2025-04-15 20:02:03'),
(36,36,6,'2025-04-15 20:02:03','2025-04-15 20:02:03'),
(37,37,6,'2025-04-15 20:02:03','2025-04-15 20:02:03'),
(38,38,6,'2025-04-15 20:02:03','2025-04-15 20:02:03'),
(39,39,6,'2025-04-15 20:02:03','2025-04-15 20:02:03'),
(40,40,4,'2025-04-15 20:02:03','2025-04-15 20:02:03'),
(41,41,4,'2025-04-15 20:02:03','2025-04-15 20:02:03'),
(42,42,4,'2025-04-15 20:02:03','2025-04-15 20:02:03'),
(43,43,4,'2025-04-15 20:02:03','2025-04-15 20:02:03'),
(44,44,6,'2025-04-15 20:02:03','2025-04-15 20:02:03'),
(45,45,6,'2025-04-15 20:02:03','2025-04-15 20:02:03'),
(46,46,6,'2025-04-15 20:02:03','2025-04-15 20:02:03'),
(47,47,6,'2025-04-15 20:02:03','2025-04-15 20:02:03'),
(48,48,6,'2025-04-15 20:02:03','2025-04-15 20:02:03'),
(49,49,6,'2025-04-15 20:02:03','2025-04-15 20:02:03'),
(50,50,6,'2025-04-15 20:02:03','2025-04-15 20:02:03'),
(51,51,6,'2025-04-15 20:02:03','2025-04-15 20:02:03'),
(52,52,6,'2025-04-15 20:02:03','2025-04-15 20:02:03'),
(53,53,6,'2025-04-15 20:02:03','2025-04-15 20:02:03'),
(54,54,6,'2025-04-15 20:02:03','2025-04-15 20:02:03'),
(55,55,6,'2025-04-15 20:02:03','2025-04-15 20:02:03'),
(56,56,6,'2025-04-15 20:02:03','2025-04-15 20:02:03'),
(57,57,5,'2025-04-15 20:02:03','2025-04-15 20:02:03'),
(58,58,5,'2025-04-15 20:02:03','2025-04-15 20:02:03'),
(59,59,5,'2025-04-15 20:02:03','2025-04-15 20:02:03'),
(60,60,5,'2025-04-15 20:02:03','2025-04-15 20:02:03'),
(61,61,5,'2025-04-15 20:02:03','2025-04-15 20:02:03'),
(62,62,5,'2025-04-15 20:02:03','2025-04-15 20:02:03'),
(63,63,5,'2025-04-15 20:02:03','2025-04-15 20:02:03'),
(64,64,5,'2025-04-15 20:02:03','2025-04-15 20:02:03'),
(65,65,5,'2025-04-15 20:02:03','2025-04-15 20:02:03'),
(66,66,5,'2025-04-15 20:02:03','2025-04-15 20:02:03'),
(67,67,5,'2025-04-15 20:02:03','2025-04-15 20:02:03'),
(68,68,5,'2025-04-15 20:02:03','2025-04-15 20:02:03'),
(69,69,5,'2025-04-15 20:02:03','2025-04-15 20:02:03'),
(70,70,5,'2025-04-15 20:02:03','2025-04-15 20:02:03'),
(71,71,5,'2025-04-15 20:02:03','2025-04-15 20:02:03'),
(72,72,5,'2025-04-15 20:02:03','2025-04-15 20:02:03'),
(73,73,5,'2025-04-15 20:02:03','2025-04-15 20:02:03'),
(74,74,5,'2025-04-15 20:02:03','2025-04-15 20:02:03'),
(75,75,6,'2025-04-15 20:02:03','2025-04-15 20:02:03'),
(76,76,6,'2025-04-15 20:02:03','2025-04-15 20:02:03'),
(77,77,6,'2025-04-15 20:02:03','2025-04-15 20:02:03'),
(78,78,6,'2025-04-15 20:02:03','2025-04-15 20:02:03'),
(79,79,6,'2025-04-15 20:02:03','2025-04-15 20:02:03'),
(80,80,6,'2025-04-15 20:02:03','2025-04-15 20:02:03'),
(81,81,6,'2025-04-15 20:02:03','2025-04-15 20:02:03'),
(82,82,6,'2025-04-15 20:02:03','2025-04-15 20:02:03'),
(83,83,6,'2025-04-15 20:02:03','2025-04-15 20:02:03'),
(84,84,6,'2025-04-15 20:02:03','2025-04-15 20:02:03'),
(85,85,7,'2025-04-15 20:02:03','2025-04-15 20:02:03'),
(86,86,7,'2025-04-15 20:02:03','2025-04-15 20:02:03'),
(87,87,7,'2025-04-15 20:02:03','2025-04-15 20:02:03'),
(88,88,7,'2025-04-15 20:02:03','2025-04-15 20:02:03'),
(89,89,7,'2025-04-15 20:02:03','2025-04-15 20:02:03'),
(90,90,7,'2025-04-15 20:02:03','2025-04-15 20:02:03'),
(91,91,7,'2025-04-15 20:02:03','2025-04-15 20:02:03'),
(92,92,7,'2025-04-15 20:02:03','2025-04-15 20:02:03'),
(93,93,6,'2025-04-15 20:02:03','2025-04-15 20:02:03'),
(94,94,6,'2025-04-15 20:02:03','2025-04-15 20:02:03'),
(95,95,6,'2025-04-15 20:02:03','2025-04-15 20:02:03'),
(96,96,6,'2025-04-15 20:02:03','2025-04-15 20:02:03'),
(97,97,6,'2025-04-15 20:02:03','2025-04-15 20:02:03'),
(98,98,6,'2025-04-15 20:02:03','2025-04-15 20:02:03'),
(99,99,7,'2025-04-15 20:02:03','2025-04-15 20:02:03'),
(100,100,7,'2025-04-15 20:02:03','2025-04-15 20:02:03'),
(101,101,7,'2025-04-15 20:02:03','2025-04-15 20:02:03'),
(102,102,7,'2025-04-15 20:02:03','2025-04-15 20:02:03'),
(103,103,6,'2025-04-15 20:02:03','2025-04-15 20:02:03'),
(104,104,6,'2025-04-15 20:02:03','2025-04-15 20:02:03'),
(105,105,6,'2025-04-15 20:02:03','2025-04-15 20:02:03'),
(106,106,6,'2025-04-15 20:02:03','2025-04-15 20:02:03'),
(107,107,6,'2025-04-15 20:02:03','2025-04-15 20:02:03'),
(108,108,6,'2025-04-15 20:02:03','2025-04-15 20:02:03'),
(109,109,6,'2025-04-15 20:02:03','2025-04-15 20:02:03'),
(110,110,6,'2025-04-15 20:02:03','2025-04-15 20:02:03'),
(111,111,6,'2025-04-15 20:02:03','2025-04-15 20:02:03');
/*!40000 ALTER TABLE `buku_lab` ENABLE KEYS */;
UNLOCK TABLES;

--
-- Table structure for table `buku_penulis`
--

DROP TABLE IF EXISTS `buku_penulis`;
/*!40101 SET @saved_cs_client     = @@character_set_client */;
/*!40101 SET character_set_client = utf8mb4 */;
CREATE TABLE `buku_penulis` (
  `id` bigint(20) unsigned NOT NULL AUTO_INCREMENT,
  `id_buku` bigint(20) unsigned NOT NULL,
  `id_dosen` bigint(20) unsigned NOT NULL,
  `created_at` timestamp NOT NULL DEFAULT current_timestamp(),
  `updated_at` timestamp NOT NULL DEFAULT current_timestamp() ON UPDATE current_timestamp(),
  PRIMARY KEY (`id`),
  KEY `buku_penulis_id_buku_foreign` (`id_buku`),
  KEY `buku_penulis_id_dosen_foreign` (`id_dosen`),
  CONSTRAINT `buku_penulis_id_buku_foreign` FOREIGN KEY (`id_buku`) REFERENCES `buku` (`id`) ON DELETE CASCADE,
  CONSTRAINT `buku_penulis_id_dosen_foreign` FOREIGN KEY (`id_dosen`) REFERENCES `dosen` (`id`) ON DELETE CASCADE
) ENGINE=InnoDB AUTO_INCREMENT=112 DEFAULT CHARSET=utf8mb4 COLLATE=utf8mb4_unicode_ci;
/*!40101 SET character_set_client = @saved_cs_client */;

--
-- Dumping data for table `buku_penulis`
--

LOCK TABLES `buku_penulis` WRITE;
/*!40000 ALTER TABLE `buku_penulis` DISABLE KEYS */;
INSERT INTO `buku_penulis` VALUES
(1,1,2,'2025-04-15 20:02:03','2025-04-15 20:02:03'),
(2,2,2,'2025-04-15 20:02:03','2025-04-15 20:02:03'),
(3,3,2,'2025-04-15 20:02:03','2025-04-15 20:02:03'),
(4,4,2,'2025-04-15 20:02:03','2025-04-15 20:02:03'),
(5,5,2,'2025-04-15 20:02:03','2025-04-15 20:02:03'),
(6,6,2,'2025-04-15 20:02:03','2025-04-15 20:02:03'),
(7,7,3,'2025-04-15 20:02:03','2025-04-15 20:02:03'),
(8,8,3,'2025-04-15 20:02:03','2025-04-15 20:02:03'),
(9,9,3,'2025-04-15 20:02:03','2025-04-15 20:02:03'),
(10,10,3,'2025-04-15 20:02:03','2025-04-15 20:02:03'),
(11,11,3,'2025-04-15 20:02:03','2025-04-15 20:02:03'),
(12,12,4,'2025-04-15 20:02:03','2025-04-15 20:02:03'),
(13,13,4,'2025-04-15 20:02:03','2025-04-15 20:02:03'),
(14,14,4,'2025-04-15 20:02:03','2025-04-15 20:02:03'),
(15,15,4,'2025-04-15 20:02:03','2025-04-15 20:02:03'),
(16,16,4,'2025-04-15 20:02:03','2025-04-15 20:02:03'),
(17,17,4,'2025-04-15 20:02:03','2025-04-15 20:02:03'),
(18,18,4,'2025-04-15 20:02:03','2025-04-15 20:02:03'),
(19,19,4,'2025-04-15 20:02:03','2025-04-15 20:02:03'),
(20,20,4,'2025-04-15 20:02:03','2025-04-15 20:02:03'),
(21,21,4,'2025-04-15 20:02:03','2025-04-15 20:02:03'),
(22,22,5,'2025-04-15 20:02:03','2025-04-15 20:02:03'),
(23,23,7,'2025-04-15 20:02:03','2025-04-15 20:02:03'),
(24,24,8,'2025-04-15 20:02:03','2025-04-15 20:02:03'),
(25,25,8,'2025-04-15 20:02:03','2025-04-15 20:02:03'),
(26,26,8,'2025-04-15 20:02:03','2025-04-15 20:02:03'),
(27,27,9,'2025-04-15 20:02:03','2025-04-15 20:02:03'),
(28,28,9,'2025-04-15 20:02:03','2025-04-15 20:02:03'),
(29,29,9,'2025-04-15 20:02:03','2025-04-15 20:02:03'),
(30,30,10,'2025-04-15 20:02:03','2025-04-15 20:02:03'),
(31,31,10,'2025-04-15 20:02:03','2025-04-15 20:02:03'),
(32,32,10,'2025-04-15 20:02:03','2025-04-15 20:02:03'),
(33,33,10,'2025-04-15 20:02:03','2025-04-15 20:02:03'),
(34,34,10,'2025-04-15 20:02:03','2025-04-15 20:02:03'),
(35,35,10,'2025-04-15 20:02:03','2025-04-15 20:02:03'),
(36,36,10,'2025-04-15 20:02:03','2025-04-15 20:02:03'),
(37,37,10,'2025-04-15 20:02:03','2025-04-15 20:02:03'),
(38,38,10,'2025-04-15 20:02:03','2025-04-15 20:02:03'),
(39,39,10,'2025-04-15 20:02:03','2025-04-15 20:02:03'),
(40,40,11,'2025-04-15 20:02:03','2025-04-15 20:02:03'),
(41,41,11,'2025-04-15 20:02:03','2025-04-15 20:02:03'),
(42,42,11,'2025-04-15 20:02:03','2025-04-15 20:02:03'),
(43,43,11,'2025-04-15 20:02:03','2025-04-15 20:02:03'),
(44,44,12,'2025-04-15 20:02:03','2025-04-15 20:02:03'),
(45,45,12,'2025-04-15 20:02:03','2025-04-15 20:02:03'),
(46,46,12,'2025-04-15 20:02:03','2025-04-15 20:02:03'),
(47,47,12,'2025-04-15 20:02:03','2025-04-15 20:02:03'),
(48,48,12,'2025-04-15 20:02:03','2025-04-15 20:02:03'),
(49,49,13,'2025-04-15 20:02:03','2025-04-15 20:02:03'),
(50,50,13,'2025-04-15 20:02:03','2025-04-15 20:02:03'),
(51,51,13,'2025-04-15 20:02:03','2025-04-15 20:02:03'),
(52,52,13,'2025-04-15 20:02:03','2025-04-15 20:02:03'),
(53,53,13,'2025-04-15 20:02:03','2025-04-15 20:02:03'),
(54,54,13,'2025-04-15 20:02:03','2025-04-15 20:02:03'),
(55,55,13,'2025-04-15 20:02:03','2025-04-15 20:02:03'),
(56,56,13,'2025-04-15 20:02:03','2025-04-15 20:02:03'),
(57,57,14,'2025-04-15 20:02:03','2025-04-15 20:02:03'),
(58,58,14,'2025-04-15 20:02:03','2025-04-15 20:02:03'),
(59,59,14,'2025-04-15 20:02:03','2025-04-15 20:02:03'),
(60,60,17,'2025-04-15 20:02:03','2025-04-15 20:02:03'),
(61,61,17,'2025-04-15 20:02:03','2025-04-15 20:02:03'),
(62,62,17,'2025-04-15 20:02:03','2025-04-15 20:02:03'),
(63,63,17,'2025-04-15 20:02:03','2025-04-15 20:02:03'),
(64,64,17,'2025-04-15 20:02:03','2025-04-15 20:02:03'),
(65,65,17,'2025-04-15 20:02:03','2025-04-15 20:02:03'),
(66,66,17,'2025-04-15 20:02:03','2025-04-15 20:02:03'),
(67,67,17,'2025-04-15 20:02:03','2025-04-15 20:02:03'),
(68,68,17,'2025-04-15 20:02:03','2025-04-15 20:02:03'),
(69,69,17,'2025-04-15 20:02:03','2025-04-15 20:02:03'),
(70,70,18,'2025-04-15 20:02:03','2025-04-15 20:02:03'),
(71,71,18,'2025-04-15 20:02:03','2025-04-15 20:02:03'),
(72,72,18,'2025-04-15 20:02:03','2025-04-15 20:02:03'),
(73,73,18,'2025-04-15 20:02:03','2025-04-15 20:02:03'),
(74,74,18,'2025-04-15 20:02:03','2025-04-15 20:02:03'),
(75,75,19,'2025-04-15 20:02:03','2025-04-15 20:02:03'),
(76,76,19,'2025-04-15 20:02:03','2025-04-15 20:02:03'),
(77,77,19,'2025-04-15 20:02:03','2025-04-15 20:02:03'),
(78,78,19,'2025-04-15 20:02:03','2025-04-15 20:02:03'),
(79,79,19,'2025-04-15 20:02:03','2025-04-15 20:02:03'),
(80,80,19,'2025-04-15 20:02:03','2025-04-15 20:02:03'),
(81,81,21,'2025-04-15 20:02:03','2025-04-15 20:02:03'),
(82,82,21,'2025-04-15 20:02:03','2025-04-15 20:02:03'),
(83,83,21,'2025-04-15 20:02:03','2025-04-15 20:02:03'),
(84,84,21,'2025-04-15 20:02:03','2025-04-15 20:02:03'),
(85,85,23,'2025-04-15 20:02:03','2025-04-15 20:02:03'),
(86,86,23,'2025-04-15 20:02:03','2025-04-15 20:02:03'),
(87,87,23,'2025-04-15 20:02:03','2025-04-15 20:02:03'),
(88,88,23,'2025-04-15 20:02:03','2025-04-15 20:02:03'),
(89,89,23,'2025-04-15 20:02:03','2025-04-15 20:02:03'),
(90,90,23,'2025-04-15 20:02:03','2025-04-15 20:02:03'),
(91,91,23,'2025-04-15 20:02:03','2025-04-15 20:02:03'),
(92,92,23,'2025-04-15 20:02:03','2025-04-15 20:02:03'),
(93,93,25,'2025-04-15 20:02:03','2025-04-15 20:02:03'),
(94,94,25,'2025-04-15 20:02:03','2025-04-15 20:02:03'),
(95,95,25,'2025-04-15 20:02:03','2025-04-15 20:02:03'),
(96,96,25,'2025-04-15 20:02:03','2025-04-15 20:02:03'),
(97,97,25,'2025-04-15 20:02:03','2025-04-15 20:02:03'),
(98,98,25,'2025-04-15 20:02:03','2025-04-15 20:02:03'),
(99,99,26,'2025-04-15 20:02:03','2025-04-15 20:02:03'),
(100,100,26,'2025-04-15 20:02:03','2025-04-15 20:02:03'),
(101,101,26,'2025-04-15 20:02:03','2025-04-15 20:02:03'),
(102,102,26,'2025-04-15 20:02:03','2025-04-15 20:02:03'),
(103,103,27,'2025-04-15 20:02:03','2025-04-15 20:02:03'),
(104,104,28,'2025-04-15 20:02:03','2025-04-15 20:02:03'),
(105,105,28,'2025-04-15 20:02:03','2025-04-15 20:02:03'),
(106,106,28,'2025-04-15 20:02:03','2025-04-15 20:02:03'),
(107,107,28,'2025-04-15 20:02:03','2025-04-15 20:02:03'),
(108,108,28,'2025-04-15 20:02:03','2025-04-15 20:02:03'),
(109,109,28,'2025-04-15 20:02:03','2025-04-15 20:02:03'),
(110,110,28,'2025-04-15 20:02:03','2025-04-15 20:02:03'),
(111,111,28,'2025-04-15 20:02:03','2025-04-15 20:02:03');
/*!40000 ALTER TABLE `buku_penulis` ENABLE KEYS */;
UNLOCK TABLES;

--
-- Table structure for table `dosen`
--

DROP TABLE IF EXISTS `dosen`;
/*!40101 SET @saved_cs_client     = @@character_set_client */;
/*!40101 SET character_set_client = utf8mb4 */;
CREATE TABLE `dosen` (
  `id` bigint(20) unsigned NOT NULL AUTO_INCREMENT,
  `nip` varchar(18) NOT NULL,
  `nama` varchar(255) NOT NULL,
  `email` varchar(255) NOT NULL,
  `jenjang` enum('S1','S2','S3') DEFAULT NULL,
  `universitas` varchar(255) DEFAULT NULL,
  `id_lab` bigint(20) unsigned DEFAULT NULL,
  `akun_scopus` varchar(255) DEFAULT NULL,
  `akun_googleScholar` varchar(255) DEFAULT NULL,
  `akun_garuda` varchar(255) DEFAULT NULL,
  `akun_sinta` varchar(255) DEFAULT NULL,
  `foto` varchar(255) DEFAULT NULL,
  `created_at` timestamp NOT NULL DEFAULT current_timestamp(),
  `updated_at` timestamp NOT NULL DEFAULT current_timestamp() ON UPDATE current_timestamp(),
  PRIMARY KEY (`id`),
  UNIQUE KEY `dosen_nip_unique` (`nip`),
  UNIQUE KEY `dosen_email_unique` (`email`),
  KEY `dosen_id_lab_foreign` (`id_lab`),
  CONSTRAINT `dosen_id_lab_foreign` FOREIGN KEY (`id_lab`) REFERENCES `laboratorium` (`id`) ON DELETE SET NULL
) ENGINE=InnoDB AUTO_INCREMENT=31 DEFAULT CHARSET=utf8mb4 COLLATE=utf8mb4_unicode_ci;
/*!40101 SET character_set_client = @saved_cs_client */;

--
-- Dumping data for table `dosen`
--

LOCK TABLES `dosen` WRITE;
/*!40000 ALTER TABLE `dosen` DISABLE KEYS */;
INSERT INTO `dosen` VALUES
(1,'9740610200812','Abdullah Basuki Rahmat, S.Si., M.T.','abdullah.basuki@if.trunojoyo.ac.id','S2','Universitas Trunojoyo Madura',6,' https://www.scopus.com/authid/detail.uri?authorId=57188669275','https://scholar.google.com/citations?user=rne5pdsAAAAJ&hl=en&oi=ao','https://garuda.kemdikbud.go.id/author/view/1408988','https://sinta.kemdikbud.go.id/authors/profile/6676271','01JKE6R7K8HPJDQD6MN2RASXEK.jpg','2025-04-15 20:02:03','2025-04-16 06:05:33'),
(2,'9860926201404','Ach Khozaimi,S.Kom.,M.Kom','khozaimi@trunojoyo.ac.id','S2','Universitas Trunojoyo Madura',6,' https://www.scopus.com/authid/detail.uri?authorId=57216501366','https://scholar.google.com/citations?user=83YT6YoAAAAJ&hl=en&oi=ao','https://garuda.kemdikbud.go.id/author/view/721197','https://sinta.kemdikbud.go.id/authors/profile/5999228','01JKE6VHMVSG5EXRQWH9DBX07S.jpg','2025-04-15 20:02:03','2025-04-16 06:05:33'),
(3,'9810109200604','Achmad Jauhari, S.T.M.Kom','jauhari@trunojoyo.ac.id','S2','Universitas Trunojoyo Madura',7,' https://www.scopus.com/authid/detail.uri?authorId=57219230724','https://scholar.google.com/citations?user=CIOhzZEAAAAJ&hl=en&oi=ao','https://garuda.kemdikbud.go.id/author/view/3644040','https://sinta.kemdikbud.go.id/authors/profile/6644894','01JKE6W9VGEASKRK37HDR4RSST.jpg','2025-04-15 20:02:03','2025-04-16 06:05:33'),
(4,'9800503200312','Andharini Dwi Cahyani, S.Kom.M.Kom., Ph.D.','andharini@if.trunojoyo.ac.id','S3','Universitas Trunojoyo Madura',7,' https://www.scopus.com/authid/detail.uri?authorId=57189691195','https://scholar.google.com/citations?user=a_0Bqn8AAAAJ&hl=en&oi=ao','https://garuda.kemdikbud.go.id/author/view/941200','https://sinta.kemdikbud.go.id/authors/profile/6030319','01JKE6XHX3Q7E3JWDW5WVCGKZR.jpg','2025-04-15 20:02:03','2025-04-16 07:06:47'),
(5,'9790222200501','Ari Kusumaningsih, S.T., M.T.','ari.kusumaningsih@trunojoyo.ac.id','S2','Universitas Trunojoyo Madura',7,' https://www.scopus.com/authid/detail.uri?authorId=57190407316','https://scholar.google.com/citations?user=3Vl-_LEAAAAJ&hl=en&oi=ao','https://garuda.kemdikbud.go.id/author/view/303194','https://sinta.kemdikbud.go.id/authors/profile/6071550','01JKE6YVMC7D3792H9KHX9P8QS.jpg','2025-04-15 20:02:03','2025-04-16 06:05:33'),
(6,'9691118200112','Prof. Dr. Arif Muntasa, M.T.','arifmuntasa@trunojoyo.ac.id','S3','Universitas Trunojoyo Madura',6,' https://www.scopus.com/authid/detail.uri?authorId=35729163900','https://scholar.google.com/citations?user=aaBIHcUAAAAJ&hl=en&oi=ao','https://garuda.kemdikbud.go.id/author/view/325237',NULL,'01JKE6Y0B3MWZRBAHSABBD1S1S.jpg','2025-04-15 20:02:03','2025-04-16 06:05:33'),
(7,'9780309200312','Dr. Arik Kurniawati, S.Kom., M.T.','arik.kurniawati@trunojoyo.ac.id','S3','Universitas Trunojoyo Madura',6,' https://www.scopus.com/authid/detail.uri?authorId=57190400770','https://scholar.google.com/citations?user=42MhVIkAAAAJ&hl=en&oi=sra','https://garuda.kemdikbud.go.id/author/view/302116','https://sinta.kemdikbud.go.id/authors/profile/6137267','01JKE6ZT34FD3BZE5ER3YTZCB5.jpg','2025-04-15 20:02:03','2025-04-16 06:05:33'),
(8,'9800325200312','Dr. Bain Khusnul Khotimah, S.T., M.Kom.','bain@trunojoyo.ac.id','S3','Universitas Trunojoyo Madura',6,' https://www.scopus.com/authid/detail.uri?authorId=57721832200','https://scholar.google.com/citations?user=-fWyWzoAAAAJ&hl=en&oi=ao','https://garuda.kemdikbud.go.id/author/view/2691188','https://sinta.kemdikbud.go.id/authors/profile/6099986','01JKE708YMH1TM1EHG2K903GK1.jpg','2025-04-15 20:02:03','2025-04-16 06:05:33'),
(9,'9780225200501','Dr. Cucun Very Angkoso, S.T.,M.T.','cucunvery@trunojoyo.ac.id','S3','Universitas Trunojoyo Madura',6,' https://www.scopus.com/authid/detail.uri?authorId=57191037824','https://scholar.google.com/citations?user=1qnGEAUAAAAJ&hl=en&oi=sra','https://garuda.kemdikbud.go.id/author/view/974788','https://sinta.kemdikbud.go.id/authors/profile/6071261','01JKE70V5EWC9RWJTFSRC7FMJK.jpg','2025-04-15 20:02:03','2025-04-16 06:05:33'),
(10,'9841104200812','Devie Rosa Anamisa, S.Kom.M.Kom.','devros_gress@trunojoyo.ac.id','S2','Universitas Trunojoyo Madura',6,' https://www.scopus.com/authid/detail.uri?authorId=57189682005','https://scholar.google.com/citations?user=CUWW2TUAAAAJ&hl=en&oi=ao','https://garuda.kemdikbud.go.id/author/view/226902','https://sinta.kemdikbud.go.id/authors/profile/5978594','01JKE71D2HMPM1EG3EFHKKFKVM.jpg','2025-04-15 20:02:03','2025-04-16 06:05:33'),
(11,'9740221200801','Dwi Kuswanto, S.Pd., M.T.','dwi.kuswanto@trunojoyo.ac.id','S2','Universitas Trunojoyo Madura',4,' https://www.scopus.com/authid/detail.uri?authorId=57219227724','https://scholar.google.com/citations?user=jeh3EHcAAAAJ&hl=en&oi=ao','https://garuda.kemdikbud.go.id/author/view/721176','https://sinta.kemdikbud.go.id/authors/profile/6083813','01JKE723RV0DA9GXMKB0DHTS43.jpg','2025-04-15 20:02:03','2025-04-16 06:05:33'),
(12,'9840716200812','Dr. Eka Mala Sari Rochman, S.Kom.M.Kom','em_sari@trunojoyo.ac.id','S3','Universitas Trunojoyo Madura',6,' https://www.scopus.com/authid/detail.uri?authorId=57201196097','https://scholar.google.com/citations?user=XV7XGHgAAAAJ&hl=en&oi=ao','https://garuda.kemdikbud.go.id/author/view/720721','https://sinta.kemdikbud.go.id/authors/profile/5975340','01JKE72K25S04183946KW57X5D.jpg','2025-04-15 20:02:03','2025-04-16 07:03:14'),
(13,'9891011202012','Fifin Ayu Mufarroha, S.Kom., M.Kom.','fifin.mufarroha@trunojoyo.ac.id','S2','Universitas Trunojoyo Madura',6,' https://www.scopus.com/authid/detail.uri?authorId=57194031934','https://scholar.google.com/citations?user=zBHWVr8AAAAJ&hl=en&oi=ao','https://garuda.kemdikbud.go.id/author/view/721256','https://sinta.kemdikbud.go.id/authors/profile/6765122','01JKE7326SS8AKVEB9DAT5WVJZ.jpg','2025-04-15 20:02:03','2025-04-16 06:05:33'),
(14,'9830305200604','Dr. Fika Hastarita Rachman, S.T.,M.Eng.','fika@trunojoyo.ac.id','S3','Universitas Trunojoyo Madura',5,' https://www.scopus.com/authid/detail.uri?authorId=57210758099','https://scholar.google.com/citations?user=zXqIgI8AAAAJ&hl=en&oi=ao','https://garuda.kemdikbud.go.id/author/view/976593','https://sinta.kemdikbud.go.id/authors/profile/6109925','01JKE7GKX9PSQVWV2JYXX7X06W.jpg','2025-04-15 20:02:03','2025-04-16 07:18:29'),
(15,'9760627200801','Dr. Firdaus Solihin, S.Kom., M.Kom.','firdaus@trunojoyo.ac.id','S3','Universitas Trunojoyo Madura',5,' https://www.scopus.com/authid/detail.uri?authorId=57217880873','https://scholar.google.com/citations?user=ygJP9iMAAAAJ&hl=en&oi=ao','https://garuda.kemdikbud.go.id/author/view/384817','https://sinta.kemdikbud.go.id/authors/profile/76624','01JKE742FBGYD5WXYE3SRQDS9E.jpg','2025-04-15 20:02:03','2025-04-16 06:05:33'),
(16,'9790828200501','Dr. Hermawan, S.T., M.Kom.','hermawan@trunojoyo.ac.id','S3','Universitas Trunojoyo Madura',7,' https://www.scopus.com/authid/detail.uri?authorId=58910476200','https://scholar.google.com/citations?user=xouackQAAAAJ&hl=en&oi=ao','https://garuda.kemdikbud.go.id/author/view/280580','https://sinta.kemdikbud.go.id/authors/profile/6667779','01JKE74G7HWKX3NPC2T4AS2B99.jpeg','2025-04-15 20:02:03','2025-04-16 06:05:33'),
(17,'9770722200312','Husni, S.Kom., M.T.','husni@trunojoyo.ac.id','S2','Universitas Trunojoyo Madura',5,' https://www.scopus.com/authid/detail.uri?authorId=57216510972','https://scholar.google.com/citations?user=PZGk910AAAAJ&hl=en&oi=ao','https://garuda.kemdikbud.go.id/author/view/6204835','https://sinta.kemdikbud.go.id/authors/profile/6676401','01JKE75GJMAXAW0M0WAJPQBXNQ.jpg','2025-04-15 20:02:03','2025-04-16 06:05:33'),
(18,'9881018201504','Ika Oktavia Suzanti, S.Kom.,M.Cs.','iosuzanti@trunojoyo.ac.id','S2','Universitas Trunojoyo Madura',5,' https://www.scopus.com/authid/detail.uri?authorId=57201194410','https://scholar.google.com/citations?user=3nTqXMwAAAAJ&hl=en&oi=sra','https://garuda.kemdikbud.go.id/author/view/3059397','https://sinta.kemdikbud.go.id/authors/profile/5977914','01JKE76ANXE38AW9XCQEDB4DQ1.jpg','2025-04-15 20:02:03','2025-04-16 06:05:33'),
(19,'9780820200212','Dr. Indah Agustien Siradjuddin, S.Kom.,M.Kom','indah.siradjuddin@trunojoyo.ac.id','S3','Universitas Trunojoyo Madura',6,' https://www.scopus.com/authid/detail.uri?authorId=48161914300','https://scholar.google.com/citations?user=fVsRr8UAAAAJ&hl=en&oi=ao','https://garuda.kemdikbud.go.id/author/view/221810','https://sinta.kemdikbud.go.id/authors/profile/5979755','01JKE76X1EM7E67V8M4ZZR0DZS.png','2025-04-15 20:02:03','2025-04-16 06:05:33'),
(20,'9810820200604','Iwan Santosa, S.T.,M.T.','ichwan20@gmail.com','S2','Universitas Trunojoyo Madura',4,' https://www.scopus.com/authid/detail.uri?authorId=57212137061','https://scholar.google.com/citations?user=Iil-_M0AAAAJ&hl=en&oi=ao','https://garuda.kemdikbud.go.id/author/view/721012','https://sinta.kemdikbud.go.id/authors/profile/6653727','01JKE77DKFWDGE66BM8G38S3RW.jpg','2025-04-15 20:02:03','2025-04-16 06:05:33'),
(21,'9790217200312','Kurniawan Eka Permana, S.Kom., M.Sc.','kurniawan@trunojoyo.ac.id','S2','Universitas Trunojoyo Madura',6,' https://www.scopus.com/authid/detail.uri?authorId=35085399400','https://scholar.google.com/citations?user=ctftWhgAAAAJ&hl=en&oi=ao','https://garuda.kemdikbud.go.id/author/view/8185904','https://sinta.kemdikbud.go.id/authors/profile/6676409','01JKE78FFWNSKS3R9HYGZDRCJF.jpg','2025-04-15 20:02:03','2025-04-16 06:05:33'),
(22,'9790510200604','Dr. Meidya Koeshardianto, S.Si., M.T.','meidya@trunojoyo.ac.id','S3','Universitas Trunojoyo Madura',4,' https://www.scopus.com/authid/detail.uri?authorId=57193812360','https://scholar.google.com/citations?user=GkX5HgMAAAAJ&hl=en&oi=ao','https://garuda.kemdikbud.go.id/author/view/1408928','https://sinta.kemdikbud.go.id/authors/profile/6172964','01JKE78WNBRWM4BRM2EWJXSCN4.jpg','2025-04-15 20:02:03','2025-04-16 06:05:33'),
(23,'9770713200212','Moch. Kautsar Sophan, S.Kom., M.M.T.','kautsar@trunojoyo.ac.id','S2','Universitas Trunojoyo Madura',7,' https://www.scopus.com/authid/detail.uri?authorId=55070840300','https://scholar.google.com/citations?hl=en&user=l2UCOVMAAAAJ','https://garuda.kemdikbud.go.id/author/view/385202','https://sinta.kemdikbud.go.id/authors/profile/5998205','01JKE799KZXJKEZH4SZZ8J14FQ.png','2025-04-15 20:02:03','2025-04-16 06:02:16'),
(24,'9730520200212','Mula\'ab, S.Si., M.Kom.','mulaab@trunojoyo.ac.id','S2','Universitas Trunojoyo Madura',5,' https://www.scopus.com/authid/detail.uri?authorId=57219229879','https://scholar.google.com/citations?user=3gnXSrcAAAAJ&hl=en&oi=sra','https://garuda.kemdikbud.go.id/author/view/3058279',NULL,'01JKE79Z2GBF5AERBG6FZY49YV.jpg','2025-04-15 20:02:03','2025-04-16 07:18:29'),
(25,'9780317200312','Dr. Noor Ifada, S.T., MISD.','noor.ifada@trunojoyo.ac.id','S3','Universitas Trunojoyo Madura',6,' https://www.scopus.com/authid/detail.uri?authorId=56590032100','https://scholar.google.com/citations?user=iZ7U2mYAAAAJ&hl=en&oi=ao','https://garuda.kemdikbud.go.id/author/view/331469','https://sinta.kemdikbud.go.id/authors/profile/5996275','01JKE7A8FWYY8YXRS5DPF9RNEC.jpg','2025-04-15 20:02:03','2025-04-16 06:05:33'),
(26,'9830607200604','Dr. Rika Yunitarini, S.T.M.T.','rika.yunitarini@trunojoyo.ac.id','S3','Universitas Trunojoyo Madura',7,' https://www.scopus.com/authid/detail.uri?authorId=57205692402','https://scholar.google.com/citations?user=pusRAnAAAAAJ&hl=en&oi=ao','https://garuda.kemdikbud.go.id/author/view/4421101','https://sinta.kemdikbud.go.id/authors/profile/6675341','01JKE7AMY12X3B6WHBDKKN6JGK.jpg','2025-04-15 20:02:03','2025-04-16 06:05:33'),
(27,'9800820200312','Dr. Rima Tri Wahyuningrum, S.T., M.T.','rimatriwahyuningrum@trunojoyo.ac.id','S3','Universitas Trunojoyo Madura',6,' https://www.scopus.com/authid/detail.uri?authorId=55977023600','https://scholar.google.com/citations?user=Q4Dwd_AAAAAJ&hl=en&oi=sra','https://garuda.kemdikbud.go.id/author/view/1360320','https://sinta.kemdikbud.go.id/authors/profile/5977254','01JKE7BY8NE9MDG043NFSMQCM2.jpg','2025-04-15 20:02:03','2025-04-16 06:05:33'),
(28,'9790313200604','Sigit Susanto Putro, S.Kom.M.Kom','sigit.putro@trunojoyo.ac.id','S2','Universitas Trunojoyo Madura',6,' https://www.scopus.com/authid/detail.uri?authorId=57191042460','https://scholar.google.com/citations?user=PVvr2MQAAAAJ&hl=en&oi=ao','https://garuda.kemdikbud.go.id/author/view/3058378','https://sinta.kemdikbud.go.id/authors/profile/6652351','01JKE7CZHZDFKQVM6K0CF4FV08.jpg','2025-04-15 20:02:03','2025-04-16 06:05:33'),
(29,'9840413200812','Yoga Dwitya Pramudita, S.Kom. M.Cs.','yoga@trunojoyo.ac.id','S2','Universitas Trunojoyo Madura',4,' https://www.scopus.com/authid/detail.uri?authorId=57201200314','https://scholar.google.com/citations?user=5yljBykAAAAJ&hl=en&oi=ao','https://garuda.kemdikbud.go.id/author/view/1477993','https://sinta.kemdikbud.go.id/authors/profile/6094138','01JKE7DDH3RXKFJS5HQJ9VHN3X.jpg','2025-04-15 20:02:03','2025-04-16 06:05:33'),
(30,'9800213200604','Yonathan Ferry Hendrawan, S.T.MIT.','yonathan.hendrawan@trunojoyo.ac.id','S2','Universitas Trunojoyo Madura',7,' https://www.scopus.com/authid/detail.uri?authorId=57190402628','https://scholar.google.com/citations?user=06rbU8AAAAAJ&hl=en&oi=sra','https://garuda.kemdikbud.go.id/author/view/1175298','https://sinta.kemdikbud.go.id/authors/profile/6073558','01JKE7DWRGADAJTJVK8JSFQAYP.jpg','2025-04-15 20:02:03','2025-04-16 06:05:33');
/*!40000 ALTER TABLE `dosen` ENABLE KEYS */;
UNLOCK TABLES;

--
-- Table structure for table `dosen_jabatan`
--

DROP TABLE IF EXISTS `dosen_jabatan`;
/*!40101 SET @saved_cs_client     = @@character_set_client */;
/*!40101 SET character_set_client = utf8mb4 */;
CREATE TABLE `dosen_jabatan` (
  `id` bigint(20) unsigned NOT NULL AUTO_INCREMENT,
  `id_dosen` bigint(20) unsigned NOT NULL,
  `id_lab` bigint(20) unsigned DEFAULT NULL,
  `id_jabatan` bigint(20) unsigned DEFAULT NULL,
  `dari_tahun` int(11) DEFAULT NULL,
  `sampai_tahun` int(11) DEFAULT NULL,
  `created_at` timestamp NOT NULL DEFAULT current_timestamp(),
  `updated_at` timestamp NOT NULL DEFAULT current_timestamp() ON UPDATE current_timestamp(),
  PRIMARY KEY (`id`),
  KEY `dosen_jabatan_id_dosen_foreign` (`id_dosen`),
  KEY `dosen_jabatan_id_lab_foreign` (`id_lab`),
  KEY `dosen_jabatan_id_jabatan_foreign` (`id_jabatan`),
  CONSTRAINT `dosen_jabatan_id_dosen_foreign` FOREIGN KEY (`id_dosen`) REFERENCES `dosen` (`id`) ON DELETE CASCADE,
  CONSTRAINT `dosen_jabatan_id_jabatan_foreign` FOREIGN KEY (`id_jabatan`) REFERENCES `jabatan` (`id`) ON DELETE SET NULL,
  CONSTRAINT `dosen_jabatan_id_lab_foreign` FOREIGN KEY (`id_lab`) REFERENCES `laboratorium` (`id`) ON DELETE SET NULL
) ENGINE=InnoDB AUTO_INCREMENT=35 DEFAULT CHARSET=utf8mb4 COLLATE=utf8mb4_unicode_ci;
/*!40101 SET character_set_client = @saved_cs_client */;

--
-- Dumping data for table `dosen_jabatan`
--

LOCK TABLES `dosen_jabatan` WRITE;
/*!40000 ALTER TABLE `dosen_jabatan` DISABLE KEYS */;
INSERT INTO `dosen_jabatan` VALUES
(1,1,6,3,NULL,NULL,'2025-04-15 20:02:03','2025-04-15 20:02:03'),
(2,2,6,3,NULL,NULL,'2025-04-15 20:02:03','2025-04-15 20:02:03'),
(3,3,7,3,NULL,NULL,'2025-04-15 20:02:03','2025-04-15 20:02:03'),
(4,4,7,3,NULL,NULL,'2025-04-15 20:02:03','2025-04-15 20:02:03'),
(5,5,7,3,NULL,NULL,'2025-04-15 20:02:03','2025-04-15 20:02:03'),
(6,6,6,3,NULL,NULL,'2025-04-15 20:02:03','2025-04-15 20:02:03'),
(7,7,6,3,NULL,NULL,'2025-04-15 20:02:03','2025-04-15 20:02:03'),
(8,8,6,3,NULL,NULL,'2025-04-15 20:02:03','2025-04-15 20:02:03'),
(9,9,6,3,NULL,NULL,'2025-04-15 20:02:03','2025-04-15 20:02:03'),
(10,10,6,3,NULL,NULL,'2025-04-15 20:02:03','2025-04-15 20:02:03'),
(11,10,NULL,1,NULL,NULL,'2025-04-15 20:02:03','2025-04-15 20:02:03'),
(12,11,4,3,NULL,NULL,'2025-04-15 20:02:03','2025-04-15 20:02:03'),
(13,12,6,3,NULL,NULL,'2025-04-15 20:02:03','2025-04-15 20:02:03'),
(14,13,6,3,NULL,NULL,'2025-04-15 20:02:03','2025-04-15 20:02:03'),
(15,14,5,3,NULL,NULL,'2025-04-15 20:02:03','2025-04-15 20:02:03'),
(16,14,3,2,NULL,NULL,'2025-04-15 20:02:03','2025-04-15 20:02:03'),
(17,15,5,3,NULL,NULL,'2025-04-15 20:02:03','2025-04-15 20:02:03'),
(18,16,7,3,NULL,NULL,'2025-04-15 20:02:03','2025-04-15 20:02:03'),
(19,17,5,3,NULL,NULL,'2025-04-15 20:02:03','2025-04-15 20:02:03'),
(20,18,5,3,NULL,NULL,'2025-04-15 20:02:03','2025-04-15 20:02:03'),
(21,19,6,3,NULL,NULL,'2025-04-15 20:02:03','2025-04-15 20:02:03'),
(22,20,4,3,NULL,NULL,'2025-04-15 20:02:03','2025-04-15 20:02:03'),
(23,21,6,3,NULL,NULL,'2025-04-15 20:02:03','2025-04-15 20:02:03'),
(24,22,4,3,NULL,NULL,'2025-04-15 20:02:03','2025-04-15 20:02:03'),
(25,23,7,3,NULL,NULL,'2025-04-15 20:02:03','2025-04-15 20:02:03'),
(26,23,1,2,NULL,NULL,'2025-04-15 20:02:03','2025-04-15 20:02:03'),
(27,24,5,3,NULL,NULL,'2025-04-15 20:02:03','2025-04-15 20:02:03'),
(28,25,6,3,NULL,NULL,'2025-04-15 20:02:03','2025-04-15 20:02:03'),
(29,26,7,3,NULL,NULL,'2025-04-15 20:02:03','2025-04-15 20:02:03'),
(30,27,6,3,NULL,NULL,'2025-04-15 20:02:03','2025-04-15 20:02:03'),
(31,28,6,3,NULL,NULL,'2025-04-15 20:02:03','2025-04-15 20:02:03'),
(32,29,4,3,NULL,NULL,'2025-04-15 20:02:03','2025-04-15 20:02:03'),
(33,29,2,2,NULL,NULL,'2025-04-15 20:02:03','2025-04-15 20:02:03'),
(34,30,7,3,NULL,NULL,'2025-04-15 20:02:03','2025-04-15 20:02:03');
/*!40000 ALTER TABLE `dosen_jabatan` ENABLE KEYS */;
UNLOCK TABLES;

--
-- Table structure for table `failed_jobs`
--

DROP TABLE IF EXISTS `failed_jobs`;
/*!40101 SET @saved_cs_client     = @@character_set_client */;
/*!40101 SET character_set_client = utf8mb4 */;
CREATE TABLE `failed_jobs` (
  `id` bigint(20) unsigned NOT NULL AUTO_INCREMENT,
  `uuid` varchar(255) NOT NULL,
  `connection` text NOT NULL,
  `queue` text NOT NULL,
  `payload` longtext NOT NULL,
  `exception` longtext NOT NULL,
  `failed_at` timestamp NOT NULL DEFAULT current_timestamp(),
  PRIMARY KEY (`id`),
  UNIQUE KEY `failed_jobs_uuid_unique` (`uuid`)
) ENGINE=InnoDB DEFAULT CHARSET=utf8mb4 COLLATE=utf8mb4_unicode_ci;
/*!40101 SET character_set_client = @saved_cs_client */;

--
-- Dumping data for table `failed_jobs`
--

LOCK TABLES `failed_jobs` WRITE;
/*!40000 ALTER TABLE `failed_jobs` DISABLE KEYS */;
/*!40000 ALTER TABLE `failed_jobs` ENABLE KEYS */;
UNLOCK TABLES;

--
-- Table structure for table `fasilitas`
--

DROP TABLE IF EXISTS `fasilitas`;
/*!40101 SET @saved_cs_client     = @@character_set_client */;
/*!40101 SET character_set_client = utf8mb4 */;
CREATE TABLE `fasilitas` (
  `id` bigint(20) unsigned NOT NULL AUTO_INCREMENT,
  `nama_fasilitas` varchar(255) NOT NULL,
  `created_at` timestamp NOT NULL DEFAULT current_timestamp(),
  `updated_at` timestamp NOT NULL DEFAULT current_timestamp() ON UPDATE current_timestamp(),
  PRIMARY KEY (`id`)
) ENGINE=InnoDB AUTO_INCREMENT=44 DEFAULT CHARSET=utf8mb4 COLLATE=utf8mb4_unicode_ci;
/*!40101 SET character_set_client = @saved_cs_client */;

--
-- Dumping data for table `fasilitas`
--

LOCK TABLES `fasilitas` WRITE;
/*!40000 ALTER TABLE `fasilitas` DISABLE KEYS */;
INSERT INTO `fasilitas` VALUES
(1,'Tang Crimping ','2025-04-15 20:02:03','2025-04-15 20:02:03'),
(2,'RJ 45 Connector UTP','2025-04-15 20:02:03','2025-04-15 20:02:03'),
(3,'Casing RJ 45','2025-04-15 20:02:03','2025-04-15 20:02:03'),
(4,'Energizer 9V (Square Battery)','2025-04-15 20:02:03','2025-04-15 20:02:03'),
(5,'Alkaline 9V (Square Battery)','2025-04-15 20:02:03','2025-04-15 20:02:03'),
(6,'Alkaline AA/A2 2pcs in 1','2025-04-15 20:02:03','2025-04-15 20:02:03'),
(7,'Cable Ties (Sigma 4,8 m/m)','2025-04-15 20:02:03','2025-04-15 20:02:03'),
(8,'8 Port (TP-Link 10/100Mbps) LS 1008','2025-04-15 20:02:03','2025-04-15 20:02:03'),
(9,'TEKIRO Locking Pliers Curve','2025-04-15 20:02:03','2025-04-15 20:02:03'),
(10,'USB 2.0 Ethernet Adapter','2025-04-15 20:02:03','2025-04-15 20:02:03'),
(11,'UTP Cable CAT 5E Belden','2025-04-15 20:02:03','2025-04-15 20:02:03'),
(12,'Converter HDMI 2 Meter','2025-04-15 20:02:03','2025-04-15 20:02:03'),
(13,'Tang Crimping ','2025-04-15 20:02:03','2025-04-15 20:02:03'),
(14,'Stop Kontak 6 Lubang 1,5 Meter','2025-04-15 20:02:03','2025-04-15 20:02:03'),
(15,'Energizer 9V (Square Battery)','2025-04-15 20:02:03','2025-04-15 20:02:03'),
(16,'Alkaline AAA/A3 2pcs in 1','2025-04-15 20:02:03','2025-04-15 20:02:03'),
(17,'Alkaline 9V (Square Battery)','2025-04-15 20:02:03','2025-04-15 20:02:03'),
(18,'Button Battery Panasonic','2025-04-15 20:02:03','2025-04-15 20:02:03'),
(19,'Alkaline AA/A2 2pcs in 1','2025-04-15 20:02:03','2025-04-15 20:02:03'),
(20,'Cable Ties (Sigma 4,8 m/m)','2025-04-15 20:02:03','2025-04-15 20:02:03'),
(21,'3 Port Hub HS Ethernet Adapter','2025-04-15 20:02:03','2025-04-15 20:02:03'),
(22,'TEKIRO Diagonal Pliers','2025-04-15 20:02:03','2025-04-15 20:02:03'),
(23,'Mouse Logitech B100 Black','2025-04-15 20:02:03','2025-04-15 20:02:03'),
(24,'Converter HDMI 2 Meter','2025-04-15 20:02:03','2025-04-15 20:02:03'),
(25,'VGA/DVI (24+5) 1,5 Meter','2025-04-15 20:02:03','2025-04-15 20:02:03'),
(26,'Converter VGA to HDMI','2025-04-15 20:02:03','2025-04-15 20:02:03'),
(27,'Tang Crimping ','2025-04-15 20:02:03','2025-04-15 20:02:03'),
(28,'Connector UTP','2025-04-15 20:02:03','2025-04-15 20:02:03'),
(29,'Energizer 9V (Square Battery)','2025-04-15 20:02:03','2025-04-15 20:02:03'),
(30,'Button Battery Mexell','2025-04-15 20:02:03','2025-04-15 20:02:03'),
(31,'Alkaline AA/A2 2pcs in 1','2025-04-15 20:02:03','2025-04-15 20:02:03'),
(32,'Cable Ties (Sigma 4,8 m/m)','2025-04-15 20:02:03','2025-04-15 20:02:03'),
(33,'Cable Reel (4 Lubang) 12 Meter','2025-04-15 20:02:03','2025-04-15 20:02:03'),
(34,'TP-Link 150 Mbps Nano VIB Adapter','2025-04-15 20:02:03','2025-04-15 20:02:03'),
(35,'M-Disk LG (DVD Writer)','2025-04-15 20:02:03','2025-04-15 20:02:03'),
(36,'3 Port Hub HS Ethernet Adapter','2025-04-15 20:02:03','2025-04-15 20:02:03'),
(37,'TP-Link 300 Mbps','2025-04-15 20:02:03','2025-04-15 20:02:03'),
(38,'TEKIRO Diagonal Pliers','2025-04-15 20:02:03','2025-04-15 20:02:03'),
(39,'D-Link 4-Port USB KVM Switch','2025-04-15 20:02:03','2025-04-15 20:02:03'),
(40,'LAN Tester','2025-04-15 20:02:03','2025-04-15 20:02:03'),
(41,'Bluetooth USB','2025-04-15 20:02:03','2025-04-15 20:02:03'),
(42,'Mouse Logitech B100 Black','2025-04-15 20:02:03','2025-04-15 20:02:03'),
(43,'UTP Cable CAT 5E Belden','2025-04-15 20:02:03','2025-04-15 20:02:03');
/*!40000 ALTER TABLE `fasilitas` ENABLE KEYS */;
UNLOCK TABLES;

--
-- Table structure for table `fasilitas_lab`
--

DROP TABLE IF EXISTS `fasilitas_lab`;
/*!40101 SET @saved_cs_client     = @@character_set_client */;
/*!40101 SET character_set_client = utf8mb4 */;
CREATE TABLE `fasilitas_lab` (
  `id` bigint(20) unsigned NOT NULL AUTO_INCREMENT,
  `id_fasilitas` bigint(20) unsigned NOT NULL,
  `id_lab` bigint(20) unsigned NOT NULL,
  `jumlah` int(11) NOT NULL,
  `created_at` timestamp NOT NULL DEFAULT current_timestamp(),
  `updated_at` timestamp NOT NULL DEFAULT current_timestamp() ON UPDATE current_timestamp(),
  PRIMARY KEY (`id`),
  KEY `fasilitas_lab_id_fasilitas_foreign` (`id_fasilitas`),
  KEY `fasilitas_lab_id_lab_foreign` (`id_lab`),
  CONSTRAINT `fasilitas_lab_id_fasilitas_foreign` FOREIGN KEY (`id_fasilitas`) REFERENCES `fasilitas` (`id`) ON DELETE CASCADE,
  CONSTRAINT `fasilitas_lab_id_lab_foreign` FOREIGN KEY (`id_lab`) REFERENCES `laboratorium` (`id`) ON DELETE CASCADE
) ENGINE=InnoDB AUTO_INCREMENT=44 DEFAULT CHARSET=utf8mb4 COLLATE=utf8mb4_unicode_ci;
/*!40101 SET character_set_client = @saved_cs_client */;

--
-- Dumping data for table `fasilitas_lab`
--

LOCK TABLES `fasilitas_lab` WRITE;
/*!40000 ALTER TABLE `fasilitas_lab` DISABLE KEYS */;
INSERT INTO `fasilitas_lab` VALUES
(1,1,1,1,'2025-04-15 20:02:03','2025-04-15 20:02:03'),
(2,2,1,2,'2025-04-15 20:02:03','2025-04-15 20:02:03'),
(3,3,1,2,'2025-04-15 20:02:03','2025-04-15 20:02:03'),
(4,4,1,3,'2025-04-15 20:02:03','2025-04-15 20:02:03'),
(5,5,1,2,'2025-04-15 20:02:03','2025-04-15 20:02:03'),
(6,6,1,2,'2025-04-15 20:02:03','2025-04-15 20:02:03'),
(7,7,1,1,'2025-04-15 20:02:03','2025-04-15 20:02:03'),
(8,8,1,1,'2025-04-15 20:02:03','2025-04-15 20:02:03'),
(9,9,1,1,'2025-04-15 20:02:03','2025-04-15 20:02:03'),
(10,10,1,2,'2025-04-15 20:02:03','2025-04-15 20:02:03'),
(11,11,1,1,'2025-04-15 20:02:03','2025-04-15 20:02:03'),
(12,12,2,2,'2025-04-15 20:02:03','2025-04-15 20:02:03'),
(13,13,2,1,'2025-04-15 20:02:03','2025-04-15 20:02:03'),
(14,14,2,1,'2025-04-15 20:02:03','2025-04-15 20:02:03'),
(15,15,2,2,'2025-04-15 20:02:03','2025-04-15 20:02:03'),
(16,16,2,2,'2025-04-15 20:02:03','2025-04-15 20:02:03'),
(17,17,2,3,'2025-04-15 20:02:03','2025-04-15 20:02:03'),
(18,18,2,3,'2025-04-15 20:02:03','2025-04-15 20:02:03'),
(19,19,2,2,'2025-04-15 20:02:03','2025-04-15 20:02:03'),
(20,20,2,1,'2025-04-15 20:02:03','2025-04-15 20:02:03'),
(21,21,2,1,'2025-04-15 20:02:03','2025-04-15 20:02:03'),
(22,22,2,1,'2025-04-15 20:02:03','2025-04-15 20:02:03'),
(23,23,2,4,'2025-04-15 20:02:03','2025-04-15 20:02:03'),
(24,24,3,2,'2025-04-15 20:02:03','2025-04-15 20:02:03'),
(25,25,3,2,'2025-04-15 20:02:03','2025-04-15 20:02:03'),
(26,26,3,2,'2025-04-15 20:02:03','2025-04-15 20:02:03'),
(27,27,3,1,'2025-04-15 20:02:03','2025-04-15 20:02:03'),
(28,28,3,10,'2025-04-15 20:02:03','2025-04-15 20:02:03'),
(29,29,3,3,'2025-04-15 20:02:03','2025-04-15 20:02:03'),
(30,30,3,1,'2025-04-15 20:02:03','2025-04-15 20:02:03'),
(31,31,3,2,'2025-04-15 20:02:03','2025-04-15 20:02:03'),
(32,32,3,1,'2025-04-15 20:02:03','2025-04-15 20:02:03'),
(33,33,3,1,'2025-04-15 20:02:03','2025-04-15 20:02:03'),
(34,34,3,2,'2025-04-15 20:02:03','2025-04-15 20:02:03'),
(35,35,3,2,'2025-04-15 20:02:03','2025-04-15 20:02:03'),
(36,36,3,1,'2025-04-15 20:02:03','2025-04-15 20:02:03'),
(37,37,3,2,'2025-04-15 20:02:03','2025-04-15 20:02:03'),
(38,38,3,1,'2025-04-15 20:02:03','2025-04-15 20:02:03'),
(39,39,3,1,'2025-04-15 20:02:03','2025-04-15 20:02:03'),
(40,40,3,1,'2025-04-15 20:02:03','2025-04-15 20:02:03'),
(41,41,3,3,'2025-04-15 20:02:03','2025-04-15 20:02:03'),
(42,42,3,3,'2025-04-15 20:02:03','2025-04-15 20:02:03'),
(43,43,3,1,'2025-04-15 20:02:03','2025-04-15 20:02:03');
/*!40000 ALTER TABLE `fasilitas_lab` ENABLE KEYS */;
UNLOCK TABLES;

--
-- Table structure for table `jabatan`
--

DROP TABLE IF EXISTS `jabatan`;
/*!40101 SET @saved_cs_client     = @@character_set_client */;
/*!40101 SET character_set_client = utf8mb4 */;
CREATE TABLE `jabatan` (
  `id` bigint(20) unsigned NOT NULL AUTO_INCREMENT,
  `jabatan` varchar(255) NOT NULL,
  `created_at` timestamp NOT NULL DEFAULT current_timestamp(),
  `updated_at` timestamp NOT NULL DEFAULT current_timestamp() ON UPDATE current_timestamp(),
  PRIMARY KEY (`id`)
) ENGINE=InnoDB AUTO_INCREMENT=4 DEFAULT CHARSET=utf8mb4 COLLATE=utf8mb4_unicode_ci;
/*!40101 SET character_set_client = @saved_cs_client */;

--
-- Dumping data for table `jabatan`
--

LOCK TABLES `jabatan` WRITE;
/*!40000 ALTER TABLE `jabatan` DISABLE KEYS */;
INSERT INTO `jabatan` VALUES
(1,'kepala','2025-04-15 20:02:03','2025-04-15 20:02:03'),
(2,'koordinator','2025-04-15 20:02:03','2025-04-15 20:02:03'),
(3,'anggota','2025-04-15 20:02:03','2025-04-15 20:02:03');
/*!40000 ALTER TABLE `jabatan` ENABLE KEYS */;
UNLOCK TABLES;

--
-- Table structure for table `kegiatan`
--

DROP TABLE IF EXISTS `kegiatan`;
/*!40101 SET @saved_cs_client     = @@character_set_client */;
/*!40101 SET character_set_client = utf8mb4 */;
CREATE TABLE `kegiatan` (
  `id` bigint(20) unsigned NOT NULL AUTO_INCREMENT,
  `kategori_kegiatan` varchar(50) NOT NULL,
  `created_at` timestamp NOT NULL DEFAULT current_timestamp(),
  `updated_at` timestamp NOT NULL DEFAULT current_timestamp() ON UPDATE current_timestamp(),
  PRIMARY KEY (`id`)
) ENGINE=InnoDB AUTO_INCREMENT=6 DEFAULT CHARSET=utf8mb4 COLLATE=utf8mb4_unicode_ci;
/*!40101 SET character_set_client = @saved_cs_client */;

--
-- Dumping data for table `kegiatan`
--

LOCK TABLES `kegiatan` WRITE;
/*!40000 ALTER TABLE `kegiatan` DISABLE KEYS */;
INSERT INTO `kegiatan` VALUES
(1,'praktikum','2025-04-15 20:02:03','2025-04-15 20:02:03'),
(2,'wargalab','2025-04-15 20:02:03','2025-04-15 20:02:03'),
(3,'workshop','2025-04-15 20:02:03','2025-04-15 20:02:03'),
(4,'internship','2025-04-15 20:02:03','2025-04-15 20:02:03'),
(5,'magang','2025-04-15 20:02:03','2025-04-15 20:02:03');
/*!40000 ALTER TABLE `kegiatan` ENABLE KEYS */;
UNLOCK TABLES;

--
-- Table structure for table `kegiatan_lab`
--

DROP TABLE IF EXISTS `kegiatan_lab`;
/*!40101 SET @saved_cs_client     = @@character_set_client */;
/*!40101 SET character_set_client = utf8mb4 */;
CREATE TABLE `kegiatan_lab` (
  `id` bigint(20) unsigned NOT NULL AUTO_INCREMENT,
  `id_lab` bigint(20) unsigned DEFAULT NULL,
  `id_kegiatan` bigint(20) unsigned DEFAULT NULL,
  `nama_kegiatan` varchar(255) NOT NULL,
  `tanggal` date DEFAULT NULL,
  `created_at` timestamp NOT NULL DEFAULT current_timestamp(),
  `updated_at` timestamp NOT NULL DEFAULT current_timestamp() ON UPDATE current_timestamp(),
  PRIMARY KEY (`id`),
  KEY `kegiatan_lab_id_lab_foreign` (`id_lab`),
  KEY `kegiatan_lab_id_kegiatan_foreign` (`id_kegiatan`),
  CONSTRAINT `kegiatan_lab_id_kegiatan_foreign` FOREIGN KEY (`id_kegiatan`) REFERENCES `kegiatan` (`id`) ON DELETE CASCADE,
  CONSTRAINT `kegiatan_lab_id_lab_foreign` FOREIGN KEY (`id_lab`) REFERENCES `laboratorium` (`id`) ON DELETE CASCADE
) ENGINE=InnoDB AUTO_INCREMENT=12 DEFAULT CHARSET=utf8mb4 COLLATE=utf8mb4_unicode_ci;
/*!40101 SET character_set_client = @saved_cs_client */;

--
-- Dumping data for table `kegiatan_lab`
--

LOCK TABLES `kegiatan_lab` WRITE;
/*!40000 ALTER TABLE `kegiatan_lab` DISABLE KEYS */;
INSERT INTO `kegiatan_lab` VALUES
(1,2,1,'Plotting Praktikum',NULL,'2025-04-15 20:02:03','2025-04-15 20:02:03'),
(2,2,2,'Oprec WargaLab 2024',NULL,'2025-04-15 20:02:03','2025-04-15 20:02:03'),
(3,4,2,'Kegiatan kekeluargaan Antar Anggota WargaLab',NULL,'2025-04-15 20:02:03','2025-04-15 20:02:03'),
(4,2,3,'Workshop Bersama IAIN Pamekasan',NULL,'2025-04-15 20:02:03','2025-04-15 20:02:03'),
(5,3,3,'Workshop WargaLab TIF WEB dan ML',NULL,'2025-04-15 20:02:03','2025-04-15 20:02:03'),
(6,4,5,'Magang WargaLab sebagai Rangkaian Booting & Memory 2024',NULL,'2025-04-15 20:02:03','2025-04-15 20:02:03'),
(7,2,4,'Internship Palacky dengan Mahasiswa ceko',NULL,'2025-04-15 20:02:03','2025-04-15 20:02:03'),
(8,3,1,'Pemeliharaan dan Bersih-bersih Lab',NULL,'2025-04-15 20:02:03','2025-04-15 20:02:03'),
(9,1,1,'Pengadaan Barang Baru',NULL,'2025-04-15 20:02:03','2025-04-15 20:02:03'),
(10,3,1,'Persiapan Sebelum Praktikum',NULL,'2025-04-15 20:02:03','2025-04-15 20:02:03'),
(11,1,1,'Praktikum',NULL,'2025-04-15 20:02:03','2025-04-15 20:02:03');
/*!40000 ALTER TABLE `kegiatan_lab` ENABLE KEYS */;
UNLOCK TABLES;

--
-- Table structure for table `kegiatan_lab_foto`
--

DROP TABLE IF EXISTS `kegiatan_lab_foto`;
/*!40101 SET @saved_cs_client     = @@character_set_client */;
/*!40101 SET character_set_client = utf8mb4 */;
CREATE TABLE `kegiatan_lab_foto` (
  `id` bigint(20) unsigned NOT NULL AUTO_INCREMENT,
  `id_kegiatan_lab` bigint(20) unsigned NOT NULL,
  `foto` varchar(255) DEFAULT NULL,
  `keterangan` text DEFAULT NULL,
  `created_at` timestamp NOT NULL DEFAULT current_timestamp(),
  `updated_at` timestamp NOT NULL DEFAULT current_timestamp() ON UPDATE current_timestamp(),
  PRIMARY KEY (`id`),
  KEY `kegiatan_lab_foto_id_kegiatan_lab_foreign` (`id_kegiatan_lab`),
  CONSTRAINT `kegiatan_lab_foto_id_kegiatan_lab_foreign` FOREIGN KEY (`id_kegiatan_lab`) REFERENCES `kegiatan_lab` (`id`) ON DELETE CASCADE
) ENGINE=InnoDB AUTO_INCREMENT=12 DEFAULT CHARSET=utf8mb4 COLLATE=utf8mb4_unicode_ci;
/*!40101 SET character_set_client = @saved_cs_client */;

--
-- Dumping data for table `kegiatan_lab_foto`
--

LOCK TABLES `kegiatan_lab_foto` WRITE;
/*!40000 ALTER TABLE `kegiatan_lab_foto` DISABLE KEYS */;
INSERT INTO `kegiatan_lab_foto` VALUES
(1,1,'01JKXKZBNAJKTG9CAZGSXVSA03.jpg','Plotting Praktikum adalah kegiatan rutin yang dilaksanakan sebelum memulai kegiatan praktikum pada awal semester baru. Tujuan utama dari kegiatan ini adalah untuk menentukan pembagian Asisten Praktikum (Asprak) pada setiap kelas praktikum yang akan berjalan selama semester tersebut. Kegiatan ini biasanya melibatkan koordinator praktikum, dosen pengampu, serta calon asisten praktikum yang telah mendaftar dan lolos seleksi.\n\nDalam proses plotting, beberapa tahapan dilakukan, seperti:\nPemetaan Jadwal Praktikum: Menentukan jadwal praktikum sesuai dengan jadwal kuliah dan ketersediaan laboratorium.\nPenyusunan Kelas Praktikum: Membagi mahasiswa ke dalam kelas-kelas praktikum berdasarkan kapasitas laboratorium dan jumlah peserta.\nPemilihan dan Penugasan Asprak: Menyesuaikan jumlah asisten dengan kebutuhan setiap kelas praktikum, memastikan kompetensi asisten sesuai dengan materi yang akan diajarkan.\nPlotting ini sangat penting untuk memastikan proses praktikum berjalan lancar, efisien, dan terorganisir dengan baik selama satu semester penuh.','2025-04-15 20:02:03','2025-04-15 21:42:14'),
(2,2,'01JKXM0SJFD7Q9MBTH13GP7PN7.jpg','Oprec WargaLab (Open Recruitment WargaLab) 2024 adalah kegiatan tahunan yang diselenggarakan oleh komunitas WargaLab untuk merekrut anggota baru yang ingin bergabung dan menjadi bagian dari WargaLab. Kegiatan ini bertujuan untuk memberikan kesempatan kepada mahasiswa yang berminat untuk mengembangkan kemampuan teknis, organisasi, dan kolaborasi melalui keanggotaan di WargaLab.\n\nKegiatan ini dilakukan bekerja sama dengan WargaLab Sistem Informasi (SI), sehingga calon anggota memiliki kesempatan untuk belajar dan berkolaborasi lintas bidang ilmu. Selama proses oprec, calon anggota akan melalui beberapa tahapan, seperti:\nPendaftaran: Peserta yang berminat mendaftar melalui formulir yang telah disediakan.\nSeleksi: Tahap seleksi dilakukan untuk menilai minat, kemampuan, dan motivasi calon anggota.\nOrientasi: Peserta yang lolos seleksi akan mengikuti orientasi untuk memahami visi, misi, dan nilai-nilai WargaLab.\nPenerimaan: Pengumuman anggota baru yang resmi bergabung dalam WargaLab.\nPanitia pelaksana kegiatan ini terdiri dari anggota WargaLab yang berada satu tingkat di atas calon anggota baru. Mereka bertugas merancang dan menjalankan seluruh rangkaian kegiatan oprec, termasuk menyusun materi seleksi, menyelenggarakan pelatihan, serta membimbing peserta selama proses berlangsung.','2025-04-15 20:02:03','2025-04-15 21:42:15'),
(3,3,'01JKXM1ZA2CT90Y2YK4Y1KRA99.jpg','Kegiatan Kekeluargaan Antar Anggota WargaLab adalah acara yang bertujuan untuk mempererat hubungan kekeluargaan dan silaturahmi antar anggota WargaLab. Kegiatan ini berupa acara santai dengan suasana kebersamaan, salah satunya adalah acara bakar-bakar bersama.\n\nAcara ini biasanya melibatkan seluruh anggota WargaLab, baik yang baru maupun yang lama, untuk menciptakan momen kebersamaan di luar rutinitas kegiatan akademik atau organisasi. Dalam kegiatan ini, anggota memiliki kesempatan untuk lebih mengenal satu sama lain, memperkuat kerja sama, serta menciptakan lingkungan yang nyaman dan akrab di dalam komunitas.\n\nRangkaian acara dapat meliputi:\nPersiapan: Pembagian tugas untuk menyiapkan bahan makanan, peralatan, dan tempat acara.\nKegiatan Utama: Bakar-bakar bersama, yang bisa berupa memanggang makanan seperti ayam, ikan, sate, atau jagung, disertai dengan diskusi santai atau permainan kelompok untuk menambah keseruan.\nPenutupan: Refleksi singkat atau ucapan terima kasih dari panitia kepada semua peserta.\nKegiatan ini dirancang untuk meningkatkan rasa kebersamaan dan menciptakan kenangan berharga di antara anggota WargaLab, sehingga suasana kerja sama dalam komunitas dapat berjalan lebih solid dan harmonis.','2025-04-15 20:02:03','2025-04-15 21:42:16'),
(4,4,'01JKXM2WPJP1F9D5ZXZZR0WZRT.jpg','Workshop Bersama IAIN Pamekasan adalah kegiatan kolaboratif yang diselenggarakan oleh WargaLab bersama dengan Institut Agama Islam Negeri (IAIN) Pamekasan. Kegiatan ini bertujuan untuk berbagi pengetahuan, pengalaman, dan keterampilan dalam bidang tertentu yang relevan dengan kebutuhan peserta workshop.\n\nWorkshop ini dirancang untuk memberikan wawasan praktis dan teoritis kepada peserta dengan melibatkan pemateri atau narasumber yang kompeten di bidangnya. Kegiatan ini biasanya mencakup:\nPembukaan: Sambutan dari pihak penyelenggara, baik dari WargaLab maupun IAIN Pamekasan.\nSesi Utama: Penyampaian materi oleh narasumber, yang dapat berupa presentasi, diskusi, atau studi kasus sesuai dengan topik workshop.\nPraktik atau Simulasi: Peserta diajak untuk menerapkan ilmu yang disampaikan melalui kegiatan langsung seperti simulasi atau diskusi kelompok.\nPenutupan: Refleksi, tanya jawab, serta pemberian sertifikat kepada peserta dan narasumber.\nWorkshop ini tidak hanya bertujuan untuk meningkatkan kapasitas peserta, tetapi juga untuk mempererat hubungan antara komunitas WargaLab dan IAIN Pamekasan, menciptakan kolaborasi yang berkelanjutan dalam bidang akademik dan pengembangan keterampilan.','2025-04-15 20:02:03','2025-04-15 21:42:17'),
(5,5,'01JKXM3QTM3ZMGST15W68HRHGT.jpg','Workshop WargaLab TIF WEB dan ML adalah kegiatan rutin yang diselenggarakan oleh WargaLab untuk anggota maupun peserta lainnya yang ingin memperdalam pengetahuan dan keterampilan di bidang pengembangan web (WEB) dan machine learning (ML). Kegiatan ini dirancang untuk mendukung pengembangan kompetensi teknis mahasiswa Teknik Informatika (TIF) dan memberikan pemahaman praktis yang dapat diaplikasikan langsung dalam proyek atau penelitian.\n\nRangkaian kegiatan workshop ini biasanya meliputi:\nPembukaan: Sambutan oleh ketua WargaLab atau panitia penyelenggara untuk menjelaskan tujuan dan manfaat workshop.\nPenyampaian Materi: Narasumber atau pemateri menyampaikan konsep dan teori dasar terkait pengembangan web (seperti HTML, CSS, JavaScript, atau framework modern) serta machine learning (seperti algoritma, model, dan implementasi menggunakan tools seperti Python dan library ML).\nSesi Praktik: Peserta diajak untuk menerapkan langsung materi yang disampaikan, seperti membangun aplikasi web sederhana atau membuat model ML untuk kasus tertentu.\nDiskusi dan Tanya Jawab: Peserta dapat berdiskusi dan bertanya langsung kepada narasumber untuk memperdalam pemahaman.\nPenutupan: Evaluasi kegiatan, pembagian sertifikat, dan foto bersama sebagai dokumentasi.\nWorkshop ini tidak hanya meningkatkan kemampuan teknis peserta, tetapi juga memperkuat budaya belajar bersama di WargaLab, menciptakan lingkungan yang mendukung inovasi dan kolaborasi di bidang teknologi.','2025-04-15 20:02:03','2025-04-15 21:42:18'),
(6,6,'01JKXM4Y0EZXPYHPHZPH8RYC5E.jpg','Magang WargaLab adalah salah satu kegiatan yang menjadi bagian dari rangkaian acara Booting & Memory 2024, sebuah program orientasi mahasiswa baru Teknik Informatika angkatan 2024. Kegiatan ini diselenggarakan oleh WargaLab bekerja sama dengan Himpunan Mahasiswa Teknik Informatika (HIMATIF) untuk mengenalkan lingkungan laboratorium kepada mahasiswa baru sekaligus memberikan pengalaman awal dalam dunia akademik dan praktikum di Teknik Informatika.\n\nRangkaian magang ini berlangsung di tiga laboratorium utama, yaitu:\nLaboratorium CC (Computational and Cyber): Fokus pada pengenalan teknologi komputasi dan keamanan siber.\nLaboratorium TIA (Teknologi Informasi dan Aplikasi): Berorientasi pada aplikasi teknologi informasi dan pengembangan perangkat lunak.\nLaboratorium TMJ (Teknologi Multimedia dan Jaringan): Mengedepankan pengenalan multimedia dan jaringan komputer.\nRangkaian kegiatan meliputi:\nPengenalan Laboratorium: Mahasiswa baru diajak untuk memahami fungsi, fasilitas, dan kegiatan utama di setiap laboratorium.\nSimulasi Praktikum: Peserta diberi kesempatan untuk mengikuti simulasi praktikum dengan bimbingan asisten laboratorium dan WargaLab.\nDiskusi dan Tanya Jawab: Sesi interaktif untuk memperkenalkan peran WargaLab dan memberi wawasan mengenai peluang yang dapat dikembangkan di masing-masing laboratorium.\nKegiatan Kekompakan: Aktivitas yang bertujuan untuk membangun kerja sama antar mahasiswa baru.\nMagang WargaLab sebagai bagian dari Booting & Memory 2024 diharapkan dapat memberikan pengalaman berharga, memupuk semangat kolaborasi, serta membantu mahasiswa baru beradaptasi dengan lingkungan akademik di Teknik Informatika.','2025-04-15 20:02:03','2025-04-15 21:42:21'),
(7,7,'01JKXM5YBHRVRAHTBYEXX7HY1J.jpg','Internship Palacky adalah kegiatan kolaboratif yang melibatkan anggota WargaLab dan mahasiswa asing dari Ceko. Program ini bertujuan untuk memperkenalkan budaya Indonesia sekaligus membangun hubungan internasional yang erat melalui aktivitas yang sederhana, interaktif, dan menyenangkan.\n\nDalam kegiatan ini, anggota WargaLab berperan aktif sebagai tuan rumah yang memperkenalkan keunikan budaya Indonesia kepada mahasiswa Ceko. Hal ini dilakukan melalui berbagai permainan tradisional, diskusi budaya, dan aktivitas kolaboratif lainnya.\nRangkaian kegiatan meliputi:\nPenyambutan: Sesi awal yang mencakup perkenalan antar peserta, pengenalan program, dan pembukaan dengan sapaan khas budaya Indonesia.\nPermainan Tradisional: Anggota WargaLab mengajak mahasiswa Ceko untuk memainkan permainan tradisional Indonesia, seperti engklek, balap karung, atau gobak sodor. Permainan ini dikemas secara modern untuk meningkatkan interaksi dan keseruan.\nDiskusi Budaya: Sesi berbagi cerita antara anggota WargaLab dan mahasiswa Ceko tentang kebudayaan masing-masing negara, termasuk seni, makanan, bahasa, dan tradisi unik.\nPenutupan: Acara diakhiri dengan pemberian cinderamata khas Indonesia kepada mahasiswa Ceko sebagai kenang-kenangan, serta foto bersama untuk dokumentasi.\nProgram ini tidak hanya memperkenalkan budaya Indonesia, tetapi juga memberikan pengalaman lintas budaya yang berharga bagi kedua belah pihak, membangun pemahaman global, dan mempererat hubungan internasional dalam suasana kekeluargaan.','2025-04-15 20:02:03','2025-04-15 21:42:22'),
(8,8,'01JKXM74F92D9S6EKS2093WMFS.jpg','Pemeliharaan dan Bersih-bersih Lab adalah kegiatan rutin yang dilakukan oleh anggota WargaLab sebelum dimulainya kegiatan praktikum pada setiap semester. Kegiatan ini bertujuan untuk memastikan semua laboratorium dalam kondisi optimal dan siap digunakan untuk mendukung proses praktikum, penelitian, dan kegiatan akademik lainnya.\n\nRuang lingkup kegiatan:\nPembersihan Area Laboratorium:\nKegiatan bersih-bersih dilakukan oleh homebase masing-masing lab di lima laboratorium, yaitu:\nLab TIA (Teknologi Informasi dan Aplikasi)\nLab CC (Computational and Cyber)\nLab TMJ (Teknologi Multimedia dan Jaringan)\nLab Riset\nLab Sister (Sistem Informasi dan Terapan)\nAktivitas meliputi menyapu, mengepel, merapikan meja dan peralatan, membersihkan komputer dan perangkat keras, serta mengatur ulang tata letak jika diperlukan.\nPengecekan Fasilitas Laboratorium:\n\nJaringan: Pemeriksaan koneksi internet dan jaringan lokal untuk memastikan semua perangkat terkoneksi dengan baik.\nHardware: Inspeksi perangkat keras seperti komputer, monitor, proyektor, dan perangkat pendukung lainnya untuk memastikan kelayakan pakai.\nSoftware: Memastikan sistem operasi dan perangkat lunak pendukung praktikum terinstal dan berfungsi dengan baik.\nPendataan Peralatan dan Inventaris:\nMelakukan pendataan barang-barang baru yang masuk ke laboratorium.\nIdentifikasi barang-barang yang tidak layak pakai atau memerlukan perbaikan agar dapat diajukan untuk penggantian atau perbaikan.\nTujuan Kegiatan:\n\nMenyediakan lingkungan laboratorium yang bersih, nyaman, dan kondusif untuk belajar.\nMemastikan semua fasilitas laboratorium berfungsi dengan baik untuk mendukung kegiatan praktikum dan penelitian.\nMeningkatkan rasa tanggung jawab anggota WargaLab terhadap fasilitas yang ada.\nDengan adanya kegiatan ini, diharapkan laboratorium tetap terjaga kualitasnya dan dapat mendukung kegiatan akademik dengan maksimal.','2025-04-15 20:02:03','2025-04-15 21:42:28'),
(9,9,'01JKXM8D5FA9AE3TRFT1A56VYK.jpg','Pengadaan Barang Baru adalah kegiatan yang dilakukan oleh Program Studi (Prodi) Teknik Informatika untuk memperbarui dan meningkatkan kualitas fasilitas yang ada di laboratorium-laboratorium di lingkungan Prodi. Kegiatan ini dilakukan pada tahun 2024 dengan tujuan untuk memastikan semua laboratorium memiliki peralatan yang lebih modern dan nyaman digunakan oleh mahasiswa dan dosen selama kegiatan praktikum atau penelitian.\n\nRincian Kegiatan Pengadaan:\nPengadaan PC Baru:\nLaboratorium TIA (Teknologi Informasi dan Aplikasi) dan Lab CC (Computational and Cyber) menerima pengadaan komputer (PC) baru.\nPengadaan ini bertujuan untuk meningkatkan kinerja dan kapasitas sistem komputer di kedua laboratorium tersebut, sehingga mendukung aktivitas praktikum, pemrograman, dan penelitian yang lebih efisien.\nPemasangan Karpet Baru dan Cat Ulang:\nSemua laboratorium Informatika, termasuk Lab TIA, Lab CC, dan lainnya, menerima karpet baru yang lebih nyaman dan aman digunakan.\nSelain itu, setiap laboratorium juga di cat ulang untuk memberikan tampilan yang lebih segar dan bersih, menciptakan suasana yang lebih menyenangkan dan kondusif untuk belajar.\nPengadaan AC:\nPengadaan pendingin udara (AC) baru dilakukan di seluruh laboratorium Informatika untuk menciptakan lingkungan yang lebih nyaman.\nPengadaan ini diharapkan dapat mengurangi suhu panas yang sering terjadi di ruang laboratorium, terutama selama kegiatan praktikum atau penelitian yang memerlukan konsentrasi tinggi.\nTujuan Kegiatan:\nMeningkatkan kenyamanan dan kualitas fasilitas di setiap laboratorium agar mendukung kegiatan akademik yang lebih produktif.\nMemperbarui peralatan laboratorium agar lebih sesuai dengan kebutuhan praktikum, penelitian, dan pengembangan teknologi terbaru.\nMenyediakan lingkungan yang lebih nyaman bagi mahasiswa dan dosen untuk mendalami ilmu di bidang Teknologi Informasi dan Informatika.\nDengan pengadaan barang baru ini, diharapkan laboratorium di Prodi Teknik Informatika akan lebih optimal dalam mendukung kegiatan belajar mengajar serta penelitian di bidang teknologi.','2025-04-15 20:02:03','2025-04-15 21:42:29'),
(10,10,'01JKXM90FAX69KG8HCJMTGCMC0.jpg','Persiapan Sebelum Praktikum adalah kegiatan yang dilakukan untuk memastikan semua peralatan dan lingkungan laboratorium siap digunakan sebelum dimulai praktikum jaringan komputer (jarkom). Kegiatan ini dilakukan oleh anggota WargaLab, dengan peran utama dipegang oleh asisten praktikum jarkom, yang bertanggung jawab atas persiapan teknis dan administratif.\n\nRincian Persiapan yang Dilakukan:\nPengecekan Peralatan Laboratorium:\nAsisten praktikum melakukan pengecekan terhadap perangkat keras (hardware) yang akan digunakan selama praktikum, seperti komputer, switch, router, dan perangkat jaringan lainnya.\nPastikan semua perangkat tersebut berfungsi dengan baik dan siap digunakan.\nPengaturan Jaringan:\nPengecekan konfigurasi jaringan di laboratorium, termasuk memastikan koneksi internet dan jaringan lokal berjalan lancar.\nPengaturan IP address, subnetting, dan pengujian koneksi antar perangkat dilakukan agar peserta praktikum dapat belajar dan bekerja dengan lancar.\nInstalasi Software yang Diperlukan:\nMemastikan perangkat lunak yang dibutuhkan untuk praktikum jarkom, seperti simulator jaringan atau software analisis jaringan, telah terinstal dan dapat digunakan tanpa masalah.\nPersiapan Bahan Ajar dan Modul Praktikum:\nMenyiapkan bahan ajar, modul praktikum, dan instruksi yang akan diberikan kepada peserta. Ini termasuk pengaturan topik-topik yang akan dipelajari selama praktikum, serta persiapan soal atau tugas yang harus dikerjakan oleh peserta.\nPengecekan Sistem Keamanan:\nAsisten juga memeriksa sistem keamanan jaringan dan perangkat untuk memastikan tidak ada masalah yang dapat mengganggu jalannya praktikum, seperti serangan dari luar atau konfigurasi yang salah.\nPersiapan Fasilitas Pendukung:\nMemastikan ruangan praktikum dalam kondisi bersih, nyaman, dan siap digunakan. Ini termasuk pengecekan proyektor, papan tulis, dan fasilitas lainnya yang mendukung jalannya praktikum.\nTujuan Kegiatan:\nMemastikan semua peralatan dan sistem yang digunakan selama praktikum jaringan komputer berfungsi dengan baik.\nMenyediakan lingkungan yang mendukung bagi peserta praktikum untuk memahami konsep-konsep jaringan komputer dengan lancar.\nMeningkatkan efisiensi pelaksanaan praktikum dengan meminimalkan gangguan teknis atau peralatan yang tidak berfungsi.\nDengan persiapan yang matang, praktikum jaringan komputer dapat berjalan lebih efektif, dan mahasiswa dapat mendapatkan pengalaman praktis yang maksimal di bidang teknologi jaringan.','2025-04-15 20:02:03','2025-04-15 21:42:30'),
(11,11,'01JKXM9WX3KDG16ZMXK22X9XNJ.jpg','Praktikum adalah kegiatan praktis yang dilakukan oleh mahasiswa di laboratorium untuk mempelajari dan mengaplikasikan konsep-konsep yang telah diajarkan di dalam kelas. Kegiatan ini dilaksanakan di tiga laboratorium utama, yaitu Lab TIA (Teknologi Informasi dan Aplikasi), Lab CC (Computational and Cyber), dan Lab TMJ (Teknologi Multimedia dan Jaringan).\n\nJenis Praktikum yang Dilakukan:\nPraktikum Alpro (Algoritma dan Pemrograman):\nPraktikum ini fokus pada penerapan algoritma dasar dan teknik pemrograman menggunakan berbagai bahasa pemrograman. Mahasiswa akan belajar membuat dan menguji program sesuai dengan algoritma yang telah dipelajari di mata kuliah.\n\nPraktikum PTI (Pemrograman Teknik Informatika):\nPada praktikum PTI, mahasiswa akan bekerja dengan perangkat lunak dan teknik pemrograman tingkat lanjut yang digunakan di dunia industri. Fokus praktikum ini adalah pengembangan perangkat lunak dan pemrograman sistem.\n\nPraktikum Struktur Data:\nPraktikum ini bertujuan untuk membantu mahasiswa memahami struktur data yang digunakan dalam pemrograman, seperti array, linked list, stack, queue, dan pohon. Mahasiswa akan mengimplementasikan struktur data untuk menyelesaikan berbagai permasalahan komputasi.\n\nPraktikum DPW (Dasar Pemrograman Web):\nPraktikum DPW mengajarkan mahasiswa untuk membangun aplikasi berbasis web menggunakan teknologi web modern. Mahasiswa akan mempelajari cara membuat halaman web interaktif, pengolahan form, dan penghubungan dengan database.\n\nPraktikum Jarkom (Jaringan Komputer):\nPraktikum ini berfokus pada pengenalan dan penerapan konsep-konsep dasar jaringan komputer. Mahasiswa akan mempraktikkan cara mengonfigurasi dan mengelola perangkat jaringan, termasuk router, switch, dan pemecahan masalah jaringan.\n\nPraktikum PAW (Pemrograman Aplikasi Web):\nPada praktikum PAW, mahasiswa belajar tentang pengembangan aplikasi web yang lebih kompleks, yang mencakup pengelolaan data, server backend, serta interaksi antara frontend dan backend aplikasi.\n\nTujuan Kegiatan:\nMemberikan pengalaman praktis kepada mahasiswa dengan menerapkan teori yang telah dipelajari dalam materi kuliah.\nMengembangkan keterampilan teknis mahasiswa di bidang pemrograman, jaringan komputer, pengembangan aplikasi, dan teknologi informasi.\nMembantu mahasiswa dalam mengasah kemampuan problem-solving melalui proyek-proyek praktikum yang beragam.\nKegiatan praktikum ini memberikan kesempatan bagi mahasiswa untuk lebih memahami dan menguasai materi yang diajarkan dengan melakukan eksperimen langsung di laboratorium, mempersiapkan mereka untuk menghadapi tantangan di dunia profesional.','2025-04-15 20:02:03','2025-04-15 21:42:31');
/*!40000 ALTER TABLE `kegiatan_lab_foto` ENABLE KEYS */;
UNLOCK TABLES;

--
-- Table structure for table `laboratorium`
--

DROP TABLE IF EXISTS `laboratorium`;
/*!40101 SET @saved_cs_client     = @@character_set_client */;
/*!40101 SET character_set_client = utf8mb4 */;
CREATE TABLE `laboratorium` (
  `id` bigint(20) unsigned NOT NULL AUTO_INCREMENT,
  `nama_lab` varchar(50) NOT NULL,
  `deskripsi` text DEFAULT NULL,
  `jenis_lab` enum('praktikum','bidang minat') NOT NULL,
  `slug` varchar(50) NOT NULL,
  `created_at` timestamp NOT NULL DEFAULT current_timestamp(),
  `updated_at` timestamp NOT NULL DEFAULT current_timestamp() ON UPDATE current_timestamp(),
  PRIMARY KEY (`id`)
) ENGINE=InnoDB AUTO_INCREMENT=8 DEFAULT CHARSET=utf8mb4 COLLATE=utf8mb4_unicode_ci;
/*!40101 SET character_set_client = @saved_cs_client */;

--
-- Dumping data for table `laboratorium`
--

LOCK TABLES `laboratorium` WRITE;
/*!40000 ALTER TABLE `laboratorium` DISABLE KEYS */;
INSERT INTO `laboratorium` VALUES
(1,'Teknologi, Informasi dan Aplikasi','Laboratorium Teknologi Informasi dan Aplikasi atau yang sering disebut dengan Lab TIA merupakan laboratorium milik program studi Teknik Informatika Universitas Trunojoyo Madura yang mana terletak pada lantai 3 Gedung Eksak. Laboratorium ini digunakan untuk menunjang fasilitas, sarana dan prasarana kegiatan belajar dan mengajar bagi mahasiswa dan dosen.','praktikum','teknologi-informasi-dan-aplikasi','2025-04-15 20:02:03','2025-04-15 20:02:03'),
(2,'Common Computing','Laboratorium Common Computing atau biasa disingkat dengan Lab CC merupakan laboratorium milik Program Studi Teknik Informatika Fakultas Teknik Universitas Trunojoyo Madura. Dengan ketua laboratorium Bapak Yoga Dwitya Pramudita, S.Kom., M.Sc. Lab ini terletak pada Gedung Lab Eksak pada lantai 3 berada di samping Laboratorium Teknologi Informasi dan Aplikasi.','praktikum','common-computing','2025-04-15 20:02:03','2025-04-15 20:02:03'),
(3,'Multimedia','Laboratorium Multimedia Computing merupakan suatu wadah di mana mahasiswa dapat merasakan pengalaman mendalam dalam dunia multimedia dan teknologi komputasi. Di sini, mahasiswa diundang untuk menjelajahi beragam konsep dan aplikasi dalam bidang ini, memperluas batas kreativitas mereka melalui berbagai proyek yang menarik. Dari pengembangan perangkat lunak hingga desain grafis dan produksi konten digital, lab ini menjadi tempat di mana gagasan-gagasan segar diterjemahkan menjadi karya nyata. Dengan atmosfer yang mendukung eksperimen dan eksplorasi, mahasiswa didorong untuk mengeksplorasi potensi mereka tanpa batas, sehingga menghasilkan inovasi-inovasi yang inspiratif dan berdampak.','praktikum','multimedia','2025-04-15 20:02:03','2025-04-15 20:02:03'),
(4,'Sistem Terdistribusi dan Jaringan','Laboratorium Sistem Terdistribusi dan Jaringan (Lab SISTER) merupakan pusat penelitian dan praktikum yang fokus pada arsitektur terdistribusi, komputasi awan, serta protokol dan keamanan jaringan komputer. Mahasiswa dapat mengimplementasikan layanan terdistribusi, mempelajari manajemen sumber daya terdistribusi, serta menguji kinerja dan ketahanan jaringan menggunakan perangkat keras dan perangkat lunak terkini.','bidang minat','sistem-terdistribusi-dan-jaringan','2025-04-15 20:02:03','2025-04-15 20:02:03'),
(5,'Komputasi Bahasa Alami','Laboratorium Komputasi Bahasa Alami (Lab KBA) adalah ruang eksperimen dan penelitian untuk pengolahan bahasa manusia menggunakan teknik kecerdasan buatan dan pembelajaran mesin. Di sini, mahasiswa dapat mengeksplorasi analisis sentimen, ekstraksi informasi, penerjemahan mesin, serta pengembangan chatbots dan sistem dialog cerdas melalui proyek-proyek praktikum yang aplikatif.','bidang minat','komputasi-bahasa-alami','2025-04-15 20:02:03','2025-04-15 20:02:03'),
(6,'Kecerdasan Komputasi','Laboratorium Kecerdasan Komputasi (Lab KK) menyediakan fasilitas untuk merancang dan menguji algoritma kecerdasan buatan, mulai dari pembelajaran mesin klasik hingga pembelajaran mendalam. Mahasiswa didorong untuk menerapkan teori-teori optimasi, pengenalan pola, dan pengambilan keputusan otomatis pada berbagai studi kasus, termasuk visi komputer, data mining, dan robotika.','bidang minat','kecerdasan-komputasi','2025-04-15 20:02:03','2025-04-15 20:02:03'),
(7,'Teknologi Perangkat Lunak','Laboratorium Teknologi Perangkat Lunak (Lab TPL) mendukung kegiatan praktikum dan penelitian di bidang rekayasa perangkat lunak. Mahasiswa dapat mempelajari siklus hidup perangkat lunak, metodologi agile, manajemen proyek, serta teknik pengujian dan integrasi berkelanjutan. Lab ini juga dilengkapi alat bantu modern untuk pemodelan, version control, dan deployment.','bidang minat','teknologi-perangkat-lunak','2025-04-15 20:02:03','2025-04-15 20:02:03');
/*!40000 ALTER TABLE `laboratorium` ENABLE KEYS */;
UNLOCK TABLES;

--
-- Table structure for table `mata_kuliah`
--

DROP TABLE IF EXISTS `mata_kuliah`;
/*!40101 SET @saved_cs_client     = @@character_set_client */;
/*!40101 SET character_set_client = utf8mb4 */;
CREATE TABLE `mata_kuliah` (
  `id` bigint(20) unsigned NOT NULL AUTO_INCREMENT,
  `nama_matKul` varchar(255) NOT NULL,
  `semester` enum('Ganjil','Genap') NOT NULL,
  `tahun_ajaran_1` year(4) NOT NULL,
  `tahun_ajaran_2` year(4) NOT NULL,
  `id_lab` bigint(20) unsigned NOT NULL,
  `created_at` timestamp NOT NULL DEFAULT current_timestamp(),
  `updated_at` timestamp NOT NULL DEFAULT current_timestamp() ON UPDATE current_timestamp(),
  PRIMARY KEY (`id`),
  KEY `mata_kuliah_id_lab_foreign` (`id_lab`),
  CONSTRAINT `mata_kuliah_id_lab_foreign` FOREIGN KEY (`id_lab`) REFERENCES `laboratorium` (`id`) ON DELETE CASCADE
) ENGINE=InnoDB AUTO_INCREMENT=38 DEFAULT CHARSET=utf8mb4 COLLATE=utf8mb4_unicode_ci;
/*!40101 SET character_set_client = @saved_cs_client */;

--
-- Dumping data for table `mata_kuliah`
--

LOCK TABLES `mata_kuliah` WRITE;
/*!40000 ALTER TABLE `mata_kuliah` DISABLE KEYS */;
INSERT INTO `mata_kuliah` VALUES
(1,'Struktur Data','Genap',2024,2025,2,'2025-02-05 00:07:43','2025-02-05 00:07:43'),
(2,'Dasar Pemrogaman Web','Genap',2024,2025,2,'2025-02-05 00:07:43','2025-02-05 00:07:43'),
(3,'Kecerdasan Komputasional','Genap',2024,2025,2,'2025-02-05 00:07:43','2025-02-05 00:07:43'),
(4,'Grafika Komputer','Genap',2024,2025,2,'2025-02-05 00:07:43','2025-02-05 00:07:43'),
(5,'Strategi Algoritma','Genap',2024,2025,2,'2025-02-05 00:07:43','2025-02-05 00:07:43'),
(6,'Struktur Data','Genap',2024,2025,3,'2025-02-05 00:07:43','2025-02-05 00:07:43'),
(7,'Kecerdasan Komputasional','Genap',2024,2025,3,'2025-02-05 00:07:43','2025-02-05 00:07:43'),
(8,'Basis Data II','Genap',2024,2025,3,'2025-02-05 00:07:43','2025-02-05 00:07:43'),
(9,'Pengembangan Sistem Berbasis Framework','Genap',2024,2025,3,'2025-02-05 00:07:43','2025-02-05 00:07:43'),
(10,'Penambangan Teks','Genap',2024,2025,3,'2025-02-05 00:07:43','2025-02-05 00:07:43'),
(11,'Dasar Pemrogaman Web','Genap',2024,2025,1,'2025-02-05 00:07:43','2025-02-05 00:07:43'),
(12,'Pengembangan Sistem Berbasis Framework','Genap',2024,2025,1,'2025-02-05 00:07:43','2025-02-05 00:07:43'),
(13,'Interaksi Manusia & Komputer','Genap',2024,2025,1,'2025-02-05 00:07:43','2025-02-05 00:07:43'),
(14,'Pengembangan Aplikasi Terintegrasi','Genap',2024,2025,1,'2025-02-05 00:07:43','2025-02-05 00:07:43'),
(15,'Sistem Rekomendasi & Personalisasi','Genap',2024,2025,1,'2025-02-05 00:07:43','2025-02-05 00:07:43'),
(16,'Kecerdasan Bisnis','Genap',2024,2025,1,'2025-02-05 00:07:43','2025-02-05 00:07:43'),
(17,'Pengantar Teknologi Informasi','Ganjil',2024,2025,2,'2025-02-05 12:52:10','2025-02-05 12:52:10'),
(18,'Etika Profesional','Ganjil',2024,2025,2,'2025-02-05 12:52:10','2025-02-05 12:52:10'),
(19,'Pengembangan Aplikasi Web','Ganjil',2024,2025,2,'2025-02-05 12:52:10','2025-02-05 12:52:10'),
(20,'Algoritma Pemrograman','Ganjil',2024,2025,2,'2025-02-05 12:52:10','2025-02-05 12:52:10'),
(21,'Keamanan Data & Aplikasi','Ganjil',2024,2025,2,'2025-02-05 12:52:10','2025-02-05 12:52:10'),
(22,'Pengolahan Citra','Ganjil',2024,2025,2,'2025-02-05 12:52:10','2025-02-05 12:52:10'),
(23,'Pembelajaran Mesin','Ganjil',2024,2025,2,'2025-02-05 12:52:10','2025-02-05 12:52:10'),
(24,'Matematika Diskret','Ganjil',2024,2025,2,'2025-02-05 12:52:10','2025-02-05 12:52:10'),
(25,'Sistem Terdistribusi','Ganjil',2024,2025,2,'2025-02-05 12:52:10','2025-02-05 12:52:10'),
(26,'Algoritma Pemrograman','Ganjil',2024,2025,1,'2025-02-05 12:52:10','2025-02-05 12:52:10'),
(27,'Jaringan Komputer','Ganjil',2024,2025,1,'2025-02-05 12:52:10','2025-02-05 12:52:10'),
(28,'Pengantar Teknologi Informasi','Ganjil',2024,2025,1,'2025-02-05 12:52:10','2025-02-05 12:52:10'),
(29,'Pengembangan Aplikasi Web','Ganjil',2024,2025,1,'2025-02-05 12:52:10','2025-02-05 12:52:10'),
(30,'Struktur Data','Ganjil',2024,2025,1,'2025-02-05 12:52:10','2025-02-05 12:52:10'),
(31,'Pencarian & Penambangan Web','Ganjil',2024,2025,1,'2025-02-05 12:52:10','2025-02-05 12:52:10'),
(32,'Pengembangan Aplikasi Web','Ganjil',2024,2025,3,'2025-02-05 12:52:10','2025-02-05 12:52:10'),
(33,'Matematika Diskret','Ganjil',2024,2025,3,'2025-02-05 12:52:10','2025-02-05 12:52:10'),
(34,'Algoritma Pemrogaman','Ganjil',2024,2025,3,'2025-02-05 12:52:10','2025-02-05 12:52:10'),
(35,'Sistem Informasi','Ganjil',2024,2025,3,'2025-02-05 12:52:10','2025-02-05 12:52:10'),
(36,'Pembelajaran Mesin','Ganjil',2024,2025,3,'2025-02-05 12:52:10','2025-02-05 12:52:10'),
(37,'Pemrograman Game','Ganjil',2024,2025,3,'2025-02-05 12:52:10','2025-02-05 12:52:10');
/*!40000 ALTER TABLE `mata_kuliah` ENABLE KEYS */;
UNLOCK TABLES;

--
-- Table structure for table `migrations`
--

DROP TABLE IF EXISTS `migrations`;
/*!40101 SET @saved_cs_client     = @@character_set_client */;
/*!40101 SET character_set_client = utf8mb4 */;
CREATE TABLE `migrations` (
  `id` int(10) unsigned NOT NULL AUTO_INCREMENT,
  `migration` varchar(255) NOT NULL,
  `batch` int(11) NOT NULL,
  PRIMARY KEY (`id`)
) ENGINE=InnoDB AUTO_INCREMENT=47 DEFAULT CHARSET=utf8mb4 COLLATE=utf8mb4_unicode_ci;
/*!40101 SET character_set_client = @saved_cs_client */;

--
-- Dumping data for table `migrations`
--

LOCK TABLES `migrations` WRITE;
/*!40000 ALTER TABLE `migrations` DISABLE KEYS */;
INSERT INTO `migrations` VALUES
(24,'2014_10_12_100000_create_password_reset_tokens_table',1),
(25,'2019_08_19_000000_create_failed_jobs_table',1),
(26,'2019_12_14_000001_create_personal_access_tokens_table',1),
(27,'2025_01_19_132455_create_permission_tables',1),
(28,'2025_02_03_191340_create_laboratorium_table',1),
(29,'2025_02_03_191341_create_users_table',1),
(30,'2025_02_03_191411_create_dosen_table',1),
(31,'2025_02_03_191439_create_buku_table',1),
(32,'2025_02_03_191450_create_buku_lab_table',1),
(33,'2025_02_03_191457_create_buku_penulis_table',1),
(34,'2025_02_03_191544_create_fasilitas_table',1),
(35,'2025_02_03_191551_create_fasilitas_lab_table',1),
(36,'2025_02_03_191639_create_jabatan_table',1),
(37,'2025_02_03_191646_create_dosen_jabatan_table',1),
(38,'2025_02_03_191721_create_kegiatan_table',1),
(39,'2025_02_03_191731_create_kegiatan_lab_table',1),
(40,'2025_02_03_191732_create_kegiatan_lab_foto_table',1),
(41,'2025_02_03_191756_create_mata_kuliah_table',1),
(42,'2025_02_03_191807_create_pengabdian_table',1),
(43,'2025_02_03_191819_create_publikasi_table',1),
(44,'2025_02_03_191832_create_publikasi_lab_table',1),
(45,'2025_02_03_191838_create_publikasi_penulis_table',1),
(46,'2025_02_03_191850_create_riset_table',1);
/*!40000 ALTER TABLE `migrations` ENABLE KEYS */;
UNLOCK TABLES;

--
-- Table structure for table `model_has_permissions`
--

DROP TABLE IF EXISTS `model_has_permissions`;
/*!40101 SET @saved_cs_client     = @@character_set_client */;
/*!40101 SET character_set_client = utf8mb4 */;
CREATE TABLE `model_has_permissions` (
  `permission_id` bigint(20) unsigned NOT NULL,
  `model_type` varchar(255) NOT NULL,
  `model_id` bigint(20) unsigned NOT NULL,
  PRIMARY KEY (`permission_id`,`model_id`,`model_type`),
  KEY `model_has_permissions_model_id_model_type_index` (`model_id`,`model_type`),
  CONSTRAINT `model_has_permissions_permission_id_foreign` FOREIGN KEY (`permission_id`) REFERENCES `permissions` (`id`) ON DELETE CASCADE
) ENGINE=InnoDB DEFAULT CHARSET=utf8mb4 COLLATE=utf8mb4_unicode_ci;
/*!40101 SET character_set_client = @saved_cs_client */;

--
-- Dumping data for table `model_has_permissions`
--

LOCK TABLES `model_has_permissions` WRITE;
/*!40000 ALTER TABLE `model_has_permissions` DISABLE KEYS */;
/*!40000 ALTER TABLE `model_has_permissions` ENABLE KEYS */;
UNLOCK TABLES;

--
-- Table structure for table `model_has_roles`
--

DROP TABLE IF EXISTS `model_has_roles`;
/*!40101 SET @saved_cs_client     = @@character_set_client */;
/*!40101 SET character_set_client = utf8mb4 */;
CREATE TABLE `model_has_roles` (
  `role_id` bigint(20) unsigned NOT NULL,
  `model_type` varchar(255) NOT NULL,
  `model_id` bigint(20) unsigned NOT NULL,
  PRIMARY KEY (`role_id`,`model_id`,`model_type`),
  KEY `model_has_roles_model_id_model_type_index` (`model_id`,`model_type`),
  CONSTRAINT `model_has_roles_role_id_foreign` FOREIGN KEY (`role_id`) REFERENCES `roles` (`id`) ON DELETE CASCADE
) ENGINE=InnoDB DEFAULT CHARSET=utf8mb4 COLLATE=utf8mb4_unicode_ci;
/*!40101 SET character_set_client = @saved_cs_client */;

--
-- Dumping data for table `model_has_roles`
--

LOCK TABLES `model_has_roles` WRITE;
/*!40000 ALTER TABLE `model_has_roles` DISABLE KEYS */;
INSERT INTO `model_has_roles` VALUES
(1,'App\\Models\\User',1),
(6,'App\\Models\\User',7),
(6,'App\\Models\\User',8),
(6,'App\\Models\\User',9),
(6,'App\\Models\\User',10),
(6,'App\\Models\\User',11);
/*!40000 ALTER TABLE `model_has_roles` ENABLE KEYS */;
UNLOCK TABLES;

--
-- Table structure for table `password_reset_tokens`
--

DROP TABLE IF EXISTS `password_reset_tokens`;
/*!40101 SET @saved_cs_client     = @@character_set_client */;
/*!40101 SET character_set_client = utf8mb4 */;
CREATE TABLE `password_reset_tokens` (
  `email` varchar(255) NOT NULL,
  `token` varchar(255) NOT NULL,
  `created_at` timestamp NULL DEFAULT NULL,
  PRIMARY KEY (`email`)
) ENGINE=InnoDB DEFAULT CHARSET=utf8mb4 COLLATE=utf8mb4_unicode_ci;
/*!40101 SET character_set_client = @saved_cs_client */;

--
-- Dumping data for table `password_reset_tokens`
--

LOCK TABLES `password_reset_tokens` WRITE;
/*!40000 ALTER TABLE `password_reset_tokens` DISABLE KEYS */;
/*!40000 ALTER TABLE `password_reset_tokens` ENABLE KEYS */;
UNLOCK TABLES;

--
-- Table structure for table `pengabdian`
--

DROP TABLE IF EXISTS `pengabdian`;
/*!40101 SET @saved_cs_client     = @@character_set_client */;
/*!40101 SET character_set_client = utf8mb4 */;
CREATE TABLE `pengabdian` (
  `id` bigint(20) unsigned NOT NULL AUTO_INCREMENT,
  `judul_pengabdian` varchar(255) NOT NULL,
  `tanggal` date DEFAULT NULL,
  `id_lab` bigint(20) unsigned NOT NULL,
  `created_at` timestamp NOT NULL DEFAULT current_timestamp(),
  `updated_at` timestamp NOT NULL DEFAULT current_timestamp() ON UPDATE current_timestamp(),
  PRIMARY KEY (`id`),
  KEY `pengabdian_id_lab_foreign` (`id_lab`),
  CONSTRAINT `pengabdian_id_lab_foreign` FOREIGN KEY (`id_lab`) REFERENCES `laboratorium` (`id`) ON DELETE CASCADE
) ENGINE=InnoDB AUTO_INCREMENT=2 DEFAULT CHARSET=utf8mb4 COLLATE=utf8mb4_unicode_ci;
/*!40101 SET character_set_client = @saved_cs_client */;

--
-- Dumping data for table `pengabdian`
--

LOCK TABLES `pengabdian` WRITE;
/*!40000 ALTER TABLE `pengabdian` DISABLE KEYS */;
/*!40000 ALTER TABLE `pengabdian` ENABLE KEYS */;
UNLOCK TABLES;

--
-- Table structure for table `permissions`
--

DROP TABLE IF EXISTS `permissions`;
/*!40101 SET @saved_cs_client     = @@character_set_client */;
/*!40101 SET character_set_client = utf8mb4 */;
CREATE TABLE `permissions` (
  `id` bigint(20) unsigned NOT NULL AUTO_INCREMENT,
  `name` varchar(255) NOT NULL,
  `guard_name` varchar(255) NOT NULL,
  `created_at` timestamp NULL DEFAULT NULL,
  `updated_at` timestamp NULL DEFAULT NULL,
  PRIMARY KEY (`id`),
  UNIQUE KEY `permissions_name_guard_name_unique` (`name`,`guard_name`)
) ENGINE=InnoDB AUTO_INCREMENT=235 DEFAULT CHARSET=utf8mb4 COLLATE=utf8mb4_unicode_ci;
/*!40101 SET character_set_client = @saved_cs_client */;

--
-- Dumping data for table `permissions`
--

LOCK TABLES `permissions` WRITE;
/*!40000 ALTER TABLE `permissions` DISABLE KEYS */;
INSERT INTO `permissions` VALUES
(1,'view_buku','web','2025-01-18 17:12:51','2025-01-18 17:12:51'),
(2,'view_any_buku','web','2025-01-18 17:12:51','2025-01-18 17:12:51'),
(3,'create_buku','web','2025-01-18 17:12:51','2025-01-18 17:12:51'),
(4,'update_buku','web','2025-01-18 17:12:51','2025-01-18 17:12:51'),
(5,'restore_buku','web','2025-01-18 17:12:51','2025-01-18 17:12:51'),
(6,'restore_any_buku','web','2025-01-18 17:12:51','2025-01-18 17:12:51'),
(7,'replicate_buku','web','2025-01-18 17:12:51','2025-01-18 17:12:51'),
(8,'reorder_buku','web','2025-01-18 17:12:51','2025-01-18 17:12:51'),
(9,'delete_buku','web','2025-01-18 17:12:51','2025-01-18 17:12:51'),
(10,'delete_any_buku','web','2025-01-18 17:12:51','2025-01-18 17:12:51'),
(11,'force_delete_buku','web','2025-01-18 17:12:51','2025-01-18 17:12:51'),
(12,'force_delete_any_buku','web','2025-01-18 17:12:51','2025-01-18 17:12:51'),
(13,'view_buku::lab','web','2025-01-18 17:12:51','2025-01-18 17:12:51'),
(14,'view_any_buku::lab','web','2025-01-18 17:12:51','2025-01-18 17:12:51'),
(15,'create_buku::lab','web','2025-01-18 17:12:51','2025-01-18 17:12:51'),
(16,'update_buku::lab','web','2025-01-18 17:12:51','2025-01-18 17:12:51'),
(17,'restore_buku::lab','web','2025-01-18 17:12:52','2025-01-18 17:12:52'),
(18,'restore_any_buku::lab','web','2025-01-18 17:12:52','2025-01-18 17:12:52'),
(19,'replicate_buku::lab','web','2025-01-18 17:12:52','2025-01-18 17:12:52'),
(20,'reorder_buku::lab','web','2025-01-18 17:12:52','2025-01-18 17:12:52'),
(21,'delete_buku::lab','web','2025-01-18 17:12:52','2025-01-18 17:12:52'),
(22,'delete_any_buku::lab','web','2025-01-18 17:12:52','2025-01-18 17:12:52'),
(23,'force_delete_buku::lab','web','2025-01-18 17:12:52','2025-01-18 17:12:52'),
(24,'force_delete_any_buku::lab','web','2025-01-18 17:12:52','2025-01-18 17:12:52'),
(25,'view_buku::penulis','web','2025-01-18 17:12:52','2025-01-18 17:12:52'),
(26,'view_any_buku::penulis','web','2025-01-18 17:12:52','2025-01-18 17:12:52'),
(27,'create_buku::penulis','web','2025-01-18 17:12:52','2025-01-18 17:12:52'),
(28,'update_buku::penulis','web','2025-01-18 17:12:52','2025-01-18 17:12:52'),
(29,'restore_buku::penulis','web','2025-01-18 17:12:52','2025-01-18 17:12:52'),
(30,'restore_any_buku::penulis','web','2025-01-18 17:12:52','2025-01-18 17:12:52'),
(31,'replicate_buku::penulis','web','2025-01-18 17:12:52','2025-01-18 17:12:52'),
(32,'reorder_buku::penulis','web','2025-01-18 17:12:52','2025-01-18 17:12:52'),
(33,'delete_buku::penulis','web','2025-01-18 17:12:52','2025-01-18 17:12:52'),
(34,'delete_any_buku::penulis','web','2025-01-18 17:12:52','2025-01-18 17:12:52'),
(35,'force_delete_buku::penulis','web','2025-01-18 17:12:52','2025-01-18 17:12:52'),
(36,'force_delete_any_buku::penulis','web','2025-01-18 17:12:52','2025-01-18 17:12:52'),
(37,'view_dosen','web','2025-01-18 17:12:52','2025-01-18 17:12:52'),
(38,'view_any_dosen','web','2025-01-18 17:12:52','2025-01-18 17:12:52'),
(39,'create_dosen','web','2025-01-18 17:12:52','2025-01-18 17:12:52'),
(40,'update_dosen','web','2025-01-18 17:12:52','2025-01-18 17:12:52'),
(41,'restore_dosen','web','2025-01-18 17:12:52','2025-01-18 17:12:52'),
(42,'restore_any_dosen','web','2025-01-18 17:12:52','2025-01-18 17:12:52'),
(43,'replicate_dosen','web','2025-01-18 17:12:52','2025-01-18 17:12:52'),
(44,'reorder_dosen','web','2025-01-18 17:12:52','2025-01-18 17:12:52'),
(45,'delete_dosen','web','2025-01-18 17:12:52','2025-01-18 17:12:52'),
(46,'delete_any_dosen','web','2025-01-18 17:12:52','2025-01-18 17:12:52'),
(47,'force_delete_dosen','web','2025-01-18 17:12:52','2025-01-18 17:12:52'),
(48,'force_delete_any_dosen','web','2025-01-18 17:12:52','2025-01-18 17:12:52'),
(49,'view_dosen::jabatan','web','2025-01-18 17:12:52','2025-01-18 17:12:52'),
(50,'view_any_dosen::jabatan','web','2025-01-18 17:12:52','2025-01-18 17:12:52'),
(51,'create_dosen::jabatan','web','2025-01-18 17:12:52','2025-01-18 17:12:52'),
(52,'update_dosen::jabatan','web','2025-01-18 17:12:52','2025-01-18 17:12:52'),
(53,'restore_dosen::jabatan','web','2025-01-18 17:12:52','2025-01-18 17:12:52'),
(54,'restore_any_dosen::jabatan','web','2025-01-18 17:12:52','2025-01-18 17:12:52'),
(55,'replicate_dosen::jabatan','web','2025-01-18 17:12:52','2025-01-18 17:12:52'),
(56,'reorder_dosen::jabatan','web','2025-01-18 17:12:52','2025-01-18 17:12:52'),
(57,'delete_dosen::jabatan','web','2025-01-18 17:12:52','2025-01-18 17:12:52'),
(58,'delete_any_dosen::jabatan','web','2025-01-18 17:12:52','2025-01-18 17:12:52'),
(59,'force_delete_dosen::jabatan','web','2025-01-18 17:12:52','2025-01-18 17:12:52'),
(60,'force_delete_any_dosen::jabatan','web','2025-01-18 17:12:52','2025-01-18 17:12:52'),
(61,'view_fasilitas','web','2025-01-18 17:12:52','2025-01-18 17:12:52'),
(62,'view_any_fasilitas','web','2025-01-18 17:12:52','2025-01-18 17:12:52'),
(63,'create_fasilitas','web','2025-01-18 17:12:52','2025-01-18 17:12:52'),
(64,'update_fasilitas','web','2025-01-18 17:12:52','2025-01-18 17:12:52'),
(65,'restore_fasilitas','web','2025-01-18 17:12:52','2025-01-18 17:12:52'),
(66,'restore_any_fasilitas','web','2025-01-18 17:12:52','2025-01-18 17:12:52'),
(67,'replicate_fasilitas','web','2025-01-18 17:12:52','2025-01-18 17:12:52'),
(68,'reorder_fasilitas','web','2025-01-18 17:12:52','2025-01-18 17:12:52'),
(69,'delete_fasilitas','web','2025-01-18 17:12:52','2025-01-18 17:12:52'),
(70,'delete_any_fasilitas','web','2025-01-18 17:12:52','2025-01-18 17:12:52'),
(71,'force_delete_fasilitas','web','2025-01-18 17:12:52','2025-01-18 17:12:52'),
(72,'force_delete_any_fasilitas','web','2025-01-18 17:12:52','2025-01-18 17:12:52'),
(73,'view_fasilitas::lab','web','2025-01-18 17:12:52','2025-01-18 17:12:52'),
(74,'view_any_fasilitas::lab','web','2025-01-18 17:12:52','2025-01-18 17:12:52'),
(75,'create_fasilitas::lab','web','2025-01-18 17:12:52','2025-01-18 17:12:52'),
(76,'update_fasilitas::lab','web','2025-01-18 17:12:52','2025-01-18 17:12:52'),
(77,'restore_fasilitas::lab','web','2025-01-18 17:12:52','2025-01-18 17:12:52'),
(78,'restore_any_fasilitas::lab','web','2025-01-18 17:12:52','2025-01-18 17:12:52'),
(79,'replicate_fasilitas::lab','web','2025-01-18 17:12:52','2025-01-18 17:12:52'),
(80,'reorder_fasilitas::lab','web','2025-01-18 17:12:52','2025-01-18 17:12:52'),
(81,'delete_fasilitas::lab','web','2025-01-18 17:12:52','2025-01-18 17:12:52'),
(82,'delete_any_fasilitas::lab','web','2025-01-18 17:12:52','2025-01-18 17:12:52'),
(83,'force_delete_fasilitas::lab','web','2025-01-18 17:12:52','2025-01-18 17:12:52'),
(84,'force_delete_any_fasilitas::lab','web','2025-01-18 17:12:52','2025-01-18 17:12:52'),
(85,'view_jabatan','web','2025-01-18 17:12:52','2025-01-18 17:12:52'),
(86,'view_any_jabatan','web','2025-01-18 17:12:52','2025-01-18 17:12:52'),
(87,'create_jabatan','web','2025-01-18 17:12:52','2025-01-18 17:12:52'),
(88,'update_jabatan','web','2025-01-18 17:12:52','2025-01-18 17:12:52'),
(89,'restore_jabatan','web','2025-01-18 17:12:52','2025-01-18 17:12:52'),
(90,'restore_any_jabatan','web','2025-01-18 17:12:52','2025-01-18 17:12:52'),
(91,'replicate_jabatan','web','2025-01-18 17:12:52','2025-01-18 17:12:52'),
(92,'reorder_jabatan','web','2025-01-18 17:12:52','2025-01-18 17:12:52'),
(93,'delete_jabatan','web','2025-01-18 17:12:52','2025-01-18 17:12:52'),
(94,'delete_any_jabatan','web','2025-01-18 17:12:52','2025-01-18 17:12:52'),
(95,'force_delete_jabatan','web','2025-01-18 17:12:52','2025-01-18 17:12:52'),
(96,'force_delete_any_jabatan','web','2025-01-18 17:12:52','2025-01-18 17:12:52'),
(97,'view_kegiatan','web','2025-01-18 17:12:53','2025-01-18 17:12:53'),
(98,'view_any_kegiatan','web','2025-01-18 17:12:53','2025-01-18 17:12:53'),
(99,'create_kegiatan','web','2025-01-18 17:12:53','2025-01-18 17:12:53'),
(100,'update_kegiatan','web','2025-01-18 17:12:53','2025-01-18 17:12:53'),
(101,'restore_kegiatan','web','2025-01-18 17:12:53','2025-01-18 17:12:53'),
(102,'restore_any_kegiatan','web','2025-01-18 17:12:53','2025-01-18 17:12:53'),
(103,'replicate_kegiatan','web','2025-01-18 17:12:53','2025-01-18 17:12:53'),
(104,'reorder_kegiatan','web','2025-01-18 17:12:53','2025-01-18 17:12:53'),
(105,'delete_kegiatan','web','2025-01-18 17:12:53','2025-01-18 17:12:53'),
(106,'delete_any_kegiatan','web','2025-01-18 17:12:53','2025-01-18 17:12:53'),
(107,'force_delete_kegiatan','web','2025-01-18 17:12:53','2025-01-18 17:12:53'),
(108,'force_delete_any_kegiatan','web','2025-01-18 17:12:53','2025-01-18 17:12:53'),
(109,'view_kegiatan::lab','web','2025-01-18 17:12:53','2025-01-18 17:12:53'),
(110,'view_any_kegiatan::lab','web','2025-01-18 17:12:53','2025-01-18 17:12:53'),
(111,'create_kegiatan::lab','web','2025-01-18 17:12:53','2025-01-18 17:12:53'),
(112,'update_kegiatan::lab','web','2025-01-18 17:12:53','2025-01-18 17:12:53'),
(113,'restore_kegiatan::lab','web','2025-01-18 17:12:53','2025-01-18 17:12:53'),
(114,'restore_any_kegiatan::lab','web','2025-01-18 17:12:53','2025-01-18 17:12:53'),
(115,'replicate_kegiatan::lab','web','2025-01-18 17:12:53','2025-01-18 17:12:53'),
(116,'reorder_kegiatan::lab','web','2025-01-18 17:12:53','2025-01-18 17:12:53'),
(117,'delete_kegiatan::lab','web','2025-01-18 17:12:53','2025-01-18 17:12:53'),
(118,'delete_any_kegiatan::lab','web','2025-01-18 17:12:53','2025-01-18 17:12:53'),
(119,'force_delete_kegiatan::lab','web','2025-01-18 17:12:53','2025-01-18 17:12:53'),
(120,'force_delete_any_kegiatan::lab','web','2025-01-18 17:12:53','2025-01-18 17:12:53'),
(121,'view_kegiatan::lab::foto','web','2025-01-18 17:12:53','2025-01-18 17:12:53'),
(122,'view_any_kegiatan::lab::foto','web','2025-01-18 17:12:53','2025-01-18 17:12:53'),
(123,'create_kegiatan::lab::foto','web','2025-01-18 17:12:53','2025-01-18 17:12:53'),
(124,'update_kegiatan::lab::foto','web','2025-01-18 17:12:53','2025-01-18 17:12:53'),
(125,'restore_kegiatan::lab::foto','web','2025-01-18 17:12:53','2025-01-18 17:12:53'),
(126,'restore_any_kegiatan::lab::foto','web','2025-01-18 17:12:53','2025-01-18 17:12:53'),
(127,'replicate_kegiatan::lab::foto','web','2025-01-18 17:12:53','2025-01-18 17:12:53'),
(128,'reorder_kegiatan::lab::foto','web','2025-01-18 17:12:53','2025-01-18 17:12:53'),
(129,'delete_kegiatan::lab::foto','web','2025-01-18 17:12:53','2025-01-18 17:12:53'),
(130,'delete_any_kegiatan::lab::foto','web','2025-01-18 17:12:53','2025-01-18 17:12:53'),
(131,'force_delete_kegiatan::lab::foto','web','2025-01-18 17:12:53','2025-01-18 17:12:53'),
(132,'force_delete_any_kegiatan::lab::foto','web','2025-01-18 17:12:53','2025-01-18 17:12:53'),
(133,'view_laboratorium','web','2025-01-18 17:12:53','2025-01-18 17:12:53'),
(134,'view_any_laboratorium','web','2025-01-18 17:12:53','2025-01-18 17:12:53'),
(135,'create_laboratorium','web','2025-01-18 17:12:53','2025-01-18 17:12:53'),
(136,'update_laboratorium','web','2025-01-18 17:12:53','2025-01-18 17:12:53'),
(137,'restore_laboratorium','web','2025-01-18 17:12:53','2025-01-18 17:12:53'),
(138,'restore_any_laboratorium','web','2025-01-18 17:12:53','2025-01-18 17:12:53'),
(139,'replicate_laboratorium','web','2025-01-18 17:12:53','2025-01-18 17:12:53'),
(140,'reorder_laboratorium','web','2025-01-18 17:12:53','2025-01-18 17:12:53'),
(141,'delete_laboratorium','web','2025-01-18 17:12:53','2025-01-18 17:12:53'),
(142,'delete_any_laboratorium','web','2025-01-18 17:12:53','2025-01-18 17:12:53'),
(143,'force_delete_laboratorium','web','2025-01-18 17:12:53','2025-01-18 17:12:53'),
(144,'force_delete_any_laboratorium','web','2025-01-18 17:12:53','2025-01-18 17:12:53'),
(145,'view_mata::kuliah','web','2025-01-18 17:12:53','2025-01-18 17:12:53'),
(146,'view_any_mata::kuliah','web','2025-01-18 17:12:53','2025-01-18 17:12:53'),
(147,'create_mata::kuliah','web','2025-01-18 17:12:53','2025-01-18 17:12:53'),
(148,'update_mata::kuliah','web','2025-01-18 17:12:53','2025-01-18 17:12:53'),
(149,'restore_mata::kuliah','web','2025-01-18 17:12:53','2025-01-18 17:12:53'),
(150,'restore_any_mata::kuliah','web','2025-01-18 17:12:53','2025-01-18 17:12:53'),
(151,'replicate_mata::kuliah','web','2025-01-18 17:12:53','2025-01-18 17:12:53'),
(152,'reorder_mata::kuliah','web','2025-01-18 17:12:53','2025-01-18 17:12:53'),
(153,'delete_mata::kuliah','web','2025-01-18 17:12:53','2025-01-18 17:12:53'),
(154,'delete_any_mata::kuliah','web','2025-01-18 17:12:53','2025-01-18 17:12:53'),
(155,'force_delete_mata::kuliah','web','2025-01-18 17:12:53','2025-01-18 17:12:53'),
(156,'force_delete_any_mata::kuliah','web','2025-01-18 17:12:53','2025-01-18 17:12:53'),
(157,'view_pengabdian','web','2025-01-18 17:12:53','2025-01-18 17:12:53'),
(158,'view_any_pengabdian','web','2025-01-18 17:12:53','2025-01-18 17:12:53'),
(159,'create_pengabdian','web','2025-01-18 17:12:53','2025-01-18 17:12:53'),
(160,'update_pengabdian','web','2025-01-18 17:12:53','2025-01-18 17:12:53'),
(161,'restore_pengabdian','web','2025-01-18 17:12:53','2025-01-18 17:12:53'),
(162,'restore_any_pengabdian','web','2025-01-18 17:12:54','2025-01-18 17:12:54'),
(163,'replicate_pengabdian','web','2025-01-18 17:12:54','2025-01-18 17:12:54'),
(164,'reorder_pengabdian','web','2025-01-18 17:12:54','2025-01-18 17:12:54'),
(165,'delete_pengabdian','web','2025-01-18 17:12:54','2025-01-18 17:12:54'),
(166,'delete_any_pengabdian','web','2025-01-18 17:12:54','2025-01-18 17:12:54'),
(167,'force_delete_pengabdian','web','2025-01-18 17:12:54','2025-01-18 17:12:54'),
(168,'force_delete_any_pengabdian','web','2025-01-18 17:12:54','2025-01-18 17:12:54'),
(169,'view_publikasi','web','2025-01-18 17:12:54','2025-01-18 17:12:54'),
(170,'view_any_publikasi','web','2025-01-18 17:12:54','2025-01-18 17:12:54'),
(171,'create_publikasi','web','2025-01-18 17:12:54','2025-01-18 17:12:54'),
(172,'update_publikasi','web','2025-01-18 17:12:54','2025-01-18 17:12:54'),
(173,'restore_publikasi','web','2025-01-18 17:12:54','2025-01-18 17:12:54'),
(174,'restore_any_publikasi','web','2025-01-18 17:12:54','2025-01-18 17:12:54'),
(175,'replicate_publikasi','web','2025-01-18 17:12:54','2025-01-18 17:12:54'),
(176,'reorder_publikasi','web','2025-01-18 17:12:54','2025-01-18 17:12:54'),
(177,'delete_publikasi','web','2025-01-18 17:12:54','2025-01-18 17:12:54'),
(178,'delete_any_publikasi','web','2025-01-18 17:12:54','2025-01-18 17:12:54'),
(179,'force_delete_publikasi','web','2025-01-18 17:12:54','2025-01-18 17:12:54'),
(180,'force_delete_any_publikasi','web','2025-01-18 17:12:54','2025-01-18 17:12:54'),
(181,'view_publikasi::lab','web','2025-01-18 17:12:54','2025-01-18 17:12:54'),
(182,'view_any_publikasi::lab','web','2025-01-18 17:12:54','2025-01-18 17:12:54'),
(183,'create_publikasi::lab','web','2025-01-18 17:12:54','2025-01-18 17:12:54'),
(184,'update_publikasi::lab','web','2025-01-18 17:12:54','2025-01-18 17:12:54'),
(185,'restore_publikasi::lab','web','2025-01-18 17:12:54','2025-01-18 17:12:54'),
(186,'restore_any_publikasi::lab','web','2025-01-18 17:12:54','2025-01-18 17:12:54'),
(187,'replicate_publikasi::lab','web','2025-01-18 17:12:54','2025-01-18 17:12:54'),
(188,'reorder_publikasi::lab','web','2025-01-18 17:12:54','2025-01-18 17:12:54'),
(189,'delete_publikasi::lab','web','2025-01-18 17:12:54','2025-01-18 17:12:54'),
(190,'delete_any_publikasi::lab','web','2025-01-18 17:12:54','2025-01-18 17:12:54'),
(191,'force_delete_publikasi::lab','web','2025-01-18 17:12:54','2025-01-18 17:12:54'),
(192,'force_delete_any_publikasi::lab','web','2025-01-18 17:12:54','2025-01-18 17:12:54'),
(193,'view_publikasi::penulis','web','2025-01-18 17:12:54','2025-01-18 17:12:54'),
(194,'view_any_publikasi::penulis','web','2025-01-18 17:12:54','2025-01-18 17:12:54'),
(195,'create_publikasi::penulis','web','2025-01-18 17:12:54','2025-01-18 17:12:54'),
(196,'update_publikasi::penulis','web','2025-01-18 17:12:54','2025-01-18 17:12:54'),
(197,'restore_publikasi::penulis','web','2025-01-18 17:12:54','2025-01-18 17:12:54'),
(198,'restore_any_publikasi::penulis','web','2025-01-18 17:12:54','2025-01-18 17:12:54'),
(199,'replicate_publikasi::penulis','web','2025-01-18 17:12:54','2025-01-18 17:12:54'),
(200,'reorder_publikasi::penulis','web','2025-01-18 17:12:54','2025-01-18 17:12:54'),
(201,'delete_publikasi::penulis','web','2025-01-18 17:12:54','2025-01-18 17:12:54'),
(202,'delete_any_publikasi::penulis','web','2025-01-18 17:12:54','2025-01-18 17:12:54'),
(203,'force_delete_publikasi::penulis','web','2025-01-18 17:12:54','2025-01-18 17:12:54'),
(204,'force_delete_any_publikasi::penulis','web','2025-01-18 17:12:54','2025-01-18 17:12:54'),
(205,'view_riset','web','2025-01-18 17:12:54','2025-01-18 17:12:54'),
(206,'view_any_riset','web','2025-01-18 17:12:54','2025-01-18 17:12:54'),
(207,'create_riset','web','2025-01-18 17:12:54','2025-01-18 17:12:54'),
(208,'update_riset','web','2025-01-18 17:12:54','2025-01-18 17:12:54'),
(209,'restore_riset','web','2025-01-18 17:12:54','2025-01-18 17:12:54'),
(210,'restore_any_riset','web','2025-01-18 17:12:54','2025-01-18 17:12:54'),
(211,'replicate_riset','web','2025-01-18 17:12:54','2025-01-18 17:12:54'),
(212,'reorder_riset','web','2025-01-18 17:12:54','2025-01-18 17:12:54'),
(213,'delete_riset','web','2025-01-18 17:12:54','2025-01-18 17:12:54'),
(214,'delete_any_riset','web','2025-01-18 17:12:54','2025-01-18 17:12:54'),
(215,'force_delete_riset','web','2025-01-18 17:12:54','2025-01-18 17:12:54'),
(216,'force_delete_any_riset','web','2025-01-18 17:12:54','2025-01-18 17:12:54'),
(217,'view_role','web','2025-01-18 17:12:54','2025-01-18 17:12:54'),
(218,'view_any_role','web','2025-01-18 17:12:54','2025-01-18 17:12:54'),
(219,'create_role','web','2025-01-18 17:12:54','2025-01-18 17:12:54'),
(220,'update_role','web','2025-01-18 17:12:54','2025-01-18 17:12:54'),
(221,'delete_role','web','2025-01-18 17:12:54','2025-01-18 17:12:54'),
(222,'delete_any_role','web','2025-01-18 17:12:54','2025-01-18 17:12:54'),
(223,'view_user','web','2025-01-18 17:16:26','2025-01-18 17:16:26'),
(224,'view_any_user','web','2025-01-18 17:16:26','2025-01-18 17:16:26'),
(225,'create_user','web','2025-01-18 17:16:26','2025-01-18 17:16:26'),
(226,'update_user','web','2025-01-18 17:16:26','2025-01-18 17:16:26'),
(227,'restore_user','web','2025-01-18 17:16:26','2025-01-18 17:16:26'),
(228,'restore_any_user','web','2025-01-18 17:16:26','2025-01-18 17:16:26'),
(229,'replicate_user','web','2025-01-18 17:16:26','2025-01-18 17:16:26'),
(230,'reorder_user','web','2025-01-18 17:16:26','2025-01-18 17:16:26'),
(231,'delete_user','web','2025-01-18 17:16:26','2025-01-18 17:16:26'),
(232,'delete_any_user','web','2025-01-18 17:16:26','2025-01-18 17:16:26'),
(233,'force_delete_user','web','2025-01-18 17:16:26','2025-01-18 17:16:26'),
(234,'force_delete_any_user','web','2025-01-18 17:16:26','2025-01-18 17:16:26');
/*!40000 ALTER TABLE `permissions` ENABLE KEYS */;
UNLOCK TABLES;

--
-- Table structure for table `personal_access_tokens`
--

DROP TABLE IF EXISTS `personal_access_tokens`;
/*!40101 SET @saved_cs_client     = @@character_set_client */;
/*!40101 SET character_set_client = utf8mb4 */;
CREATE TABLE `personal_access_tokens` (
  `id` bigint(20) unsigned NOT NULL AUTO_INCREMENT,
  `tokenable_type` varchar(255) NOT NULL,
  `tokenable_id` bigint(20) unsigned NOT NULL,
  `name` varchar(255) NOT NULL,
  `token` varchar(64) NOT NULL,
  `abilities` text DEFAULT NULL,
  `last_used_at` timestamp NULL DEFAULT NULL,
  `expires_at` timestamp NULL DEFAULT NULL,
  `created_at` timestamp NULL DEFAULT NULL,
  `updated_at` timestamp NULL DEFAULT NULL,
  PRIMARY KEY (`id`),
  UNIQUE KEY `personal_access_tokens_token_unique` (`token`),
  KEY `personal_access_tokens_tokenable_type_tokenable_id_index` (`tokenable_type`,`tokenable_id`)
) ENGINE=InnoDB DEFAULT CHARSET=utf8mb4 COLLATE=utf8mb4_unicode_ci;
/*!40101 SET character_set_client = @saved_cs_client */;

--
-- Dumping data for table `personal_access_tokens`
--

LOCK TABLES `personal_access_tokens` WRITE;
/*!40000 ALTER TABLE `personal_access_tokens` DISABLE KEYS */;
/*!40000 ALTER TABLE `personal_access_tokens` ENABLE KEYS */;
UNLOCK TABLES;

--
-- Table structure for table `publikasi`
--

DROP TABLE IF EXISTS `publikasi`;
/*!40101 SET @saved_cs_client     = @@character_set_client */;
/*!40101 SET character_set_client = utf8mb4 */;
CREATE TABLE `publikasi` (
  `id` bigint(20) unsigned NOT NULL AUTO_INCREMENT,
  `judul_publikasi` varchar(255) NOT NULL,
  `tanggal` year(4) DEFAULT NULL,
  `link_scopus` varchar(255) DEFAULT NULL,
  `link_googleScholar` varchar(255) DEFAULT NULL,
  `link_sinta` varchar(255) DEFAULT NULL,
  `link_garuda` varchar(255) DEFAULT NULL,
  `created_at` timestamp NOT NULL DEFAULT current_timestamp(),
  `updated_at` timestamp NOT NULL DEFAULT current_timestamp() ON UPDATE current_timestamp(),
  PRIMARY KEY (`id`)
) ENGINE=InnoDB AUTO_INCREMENT=589 DEFAULT CHARSET=utf8mb4 COLLATE=utf8mb4_unicode_ci;
/*!40101 SET character_set_client = @saved_cs_client */;

--
-- Dumping data for table `publikasi`
--

LOCK TABLES `publikasi` WRITE;
/*!40000 ALTER TABLE `publikasi` DISABLE KEYS */;
INSERT INTO `publikasi` VALUES
(1,'madura island tourism recommendation system based on collaborative filtering using convolutional neural network',2024,'https://www.scopus.com/record/display.uri?eid=2-s2.0-85200664658&origin=resultslist','https://scholar.google.com/scholar?q=+intitle:\'madura island tourism recommendation system based on collaborative filtering using convolutional neural network\'','https://sinta.kemdikbud.go.id/authors/profile/6676271',NULL,'2025-04-15 20:02:03','2025-04-15 20:02:03'),
(2,'air temperature forecasting based on stacking machine learning model with multi-step time series',2023,'https://www.scopus.com/record/display.uri?eid=2-s2.0-85186492585&origin=resultslist','https://scholar.google.com/scholar?q=+intitle:\'air temperature forecasting based on stacking machine learning model with multi-step time series\'','https://sinta.kemdikbud.go.id/authors/profile/6676271',NULL,'2025-04-15 20:02:03','2025-04-15 20:02:03'),
(3,'classification of multiclass eeg signal related to mental task using higuchi fractal dimension and 10-statistic parameters-support vector machine',2016,'https://www.scopus.com/record/display.uri?eid=2-s2.0-84962172853&origin=resultslist','https://scholar.google.com/scholar?q=+intitle:\'classification of multiclass eeg signal related to mental task using higuchi fractal dimension and 10-statistic parameters-support vector machine\'','https://sinta.kemdikbud.go.id/authors/profile/6676271',NULL,'2025-04-15 20:02:03','2025-04-15 20:02:03'),
(4,'collaborative filtering-based madura island tourism recommendation system using recommendernet',2024,NULL,'https://scholar.google.com/scholar?q=+intitle:\'collaborative filtering-based madura island tourism recommendation system using recommendernet\'','https://sinta.kemdikbud.go.id/authors/profile/6676271',NULL,'2025-04-15 20:02:03','2025-04-15 20:02:03'),
(5,'optimasi peramalan tingkat laju inflasi indonesia melalui pendekatan ensemble bagging pada algoritma support vector regression',2024,NULL,'https://scholar.google.com/scholar?q=+intitle:\'optimasi peramalan tingkat laju inflasi indonesia melalui pendekatan ensemble bagging pada algoritma support vector regression\'','https://sinta.kemdikbud.go.id/authors/profile/6676271',NULL,'2025-04-15 20:02:03','2025-04-15 20:02:03'),
(6,'grid dan flexbox: panduan praktis untuk layout web yang efektif',2024,NULL,'https://scholar.google.com/scholar?q=+intitle:\'grid dan flexbox: panduan praktis untuk layout web yang efektif\'','https://sinta.kemdikbud.go.id/authors/profile/6676271',NULL,'2025-04-15 20:02:03','2025-04-15 20:02:03'),
(7,'determining student achievements using multicriteria approach with electre method',2023,NULL,'https://scholar.google.com/scholar?q=+intitle:\'determining student achievements using multicriteria approach with electre method\'','https://sinta.kemdikbud.go.id/authors/profile/6676271',NULL,'2025-04-15 20:02:03','2025-04-15 20:02:03'),
(8,'perbandingan kinerja query sql join tables dengan menggunakan index',2023,NULL,'https://scholar.google.com/scholar?q=+intitle:\'perbandingan kinerja query sql join tables dengan menggunakan index\'','https://sinta.kemdikbud.go.id/authors/profile/6676271','https://garuda.kemdikbud.go.id/documents/detail/3706312','2025-04-15 20:02:03','2025-04-15 20:02:03'),
(9,'studi penyediaan peluang usaha dengan modal terbatas melalui media internet',2012,NULL,'https://scholar.google.com/scholar?q=+intitle:\'studi penyediaan peluang usaha dengan modal terbatas melalui media internet\'','https://sinta.kemdikbud.go.id/authors/profile/6676271',NULL,'2025-04-15 20:02:03','2025-04-15 20:02:03'),
(10,'rancang bangun m-learning menuju pengembangan rsbi dengan arsitektur pendekatan learning technology system architecture (ltsa)',2011,NULL,'https://scholar.google.com/scholar?q=+intitle:\'rancang bangun m-learning menuju pengembangan rsbi dengan arsitektur pendekatan learning technology system architecture (ltsa)\'','https://sinta.kemdikbud.go.id/authors/profile/6676271',NULL,'2025-04-15 20:02:03','2025-04-15 20:02:03'),
(11,'integration k-means clustering and ahp for recommendations batik msmes',2024,'https://www.scopus.com/record/display.uri?eid=2-s2.0-85189247112&origin=resultslist','https://scholar.google.com/scholar?q=+intitle:\'integration k-means clustering and ahp for recommendations batik msmes\'','https://sinta.kemdikbud.go.id/authors/profile/5999228',NULL,'2025-04-15 20:02:03','2025-04-15 20:02:03'),
(12,'new insight in cervical cancer diagnosis using convolution neural network architecture',2024,'https://www.scopus.com/record/display.uri?eid=2-s2.0-85203843315&origin=resultslist','https://scholar.google.com/scholar?q=+intitle:\'new insight in cervical cancer diagnosis using convolution neural network architecture\'','https://sinta.kemdikbud.go.id/authors/profile/5999228',NULL,'2025-04-15 20:02:03','2025-04-15 20:02:03'),
(13,'clustering tourism places in madura based facilities using fuzzy c-means',2023,'https://www.scopus.com/record/display.uri?eid=2-s2.0-85146510554&origin=resultslist','https://scholar.google.com/scholar?q=+intitle:\'clustering tourism places in madura based facilities using fuzzy c-means\'','https://sinta.kemdikbud.go.id/authors/profile/5999228',NULL,'2025-04-15 20:02:03','2025-04-15 20:02:03'),
(14,'serious exergame for special education needs using 3d-depth camera',2022,'https://www.scopus.com/record/display.uri?eid=2-s2.0-85141554434&origin=resultslist','https://scholar.google.com/scholar?q=+intitle:\'serious exergame for special education needs using 3d-depth camera\'','https://sinta.kemdikbud.go.id/authors/profile/5999228',NULL,'2025-04-15 20:02:03','2025-04-15 20:02:03'),
(15,'web-based urban village information system development',2021,'https://www.scopus.com/record/display.uri?eid=2-s2.0-85147019975&origin=resultslist',NULL,'https://sinta.kemdikbud.go.id/authors/profile/5999228',NULL,'2025-04-15 20:02:03','2025-04-15 20:02:03'),
(16,'rest api implementation on android based monitoring application',2020,'https://www.scopus.com/record/display.uri?eid=2-s2.0-85091770331&origin=resultslist',NULL,'https://sinta.kemdikbud.go.id/authors/profile/5999228',NULL,'2025-04-15 20:02:03','2025-04-15 20:02:03'),
(17,'application monitoring and evaluation using smart (simple multi attribute rating technique) method',2020,'https://www.scopus.com/record/display.uri?eid=2-s2.0-85091793571&origin=resultslist',NULL,'https://sinta.kemdikbud.go.id/authors/profile/5999228',NULL,'2025-04-15 20:02:03','2025-04-15 20:02:03'),
(18,'mobile expert system for dengue fever based on certainty factor method',2020,'https://www.scopus.com/record/display.uri?eid=2-s2.0-85091785186&origin=resultslist',NULL,'https://sinta.kemdikbud.go.id/authors/profile/5999228',NULL,'2025-04-15 20:02:03','2025-04-15 20:02:03'),
(19,'decision support system for determining the quality of salt in sumenep madura-indonesia',2020,'https://www.scopus.com/record/display.uri?eid=2-s2.0-85083741221&origin=resultslist',NULL,'https://sinta.kemdikbud.go.id/authors/profile/5999228',NULL,'2025-04-15 20:02:03','2025-04-15 20:02:03'),
(20,'chatbot cerdas sebagai helpdesk objek wisata menggunakan algoritma smith-waterman',2023,NULL,'https://scholar.google.com/scholar?q=+intitle:\'chatbot cerdas sebagai helpdesk objek wisata menggunakan algoritma smith-waterman\'','https://sinta.kemdikbud.go.id/authors/profile/5999228',NULL,'2025-04-15 20:02:03','2025-04-15 20:02:03'),
(21,'design and development of backend application for thesis management system using microservice architecture and restful api',2023,NULL,'https://scholar.google.com/scholar?q=+intitle:\'design and development of backend application for thesis management system using microservice architecture and restful api\'','https://sinta.kemdikbud.go.id/authors/profile/5999228',NULL,'2025-04-15 20:02:03','2025-04-15 20:02:03'),
(22,'implementation of the rivest cipher 4 method web-based employee data',2023,NULL,'https://scholar.google.com/scholar?q=+intitle:\'implementation of the rivest cipher 4 method web-based employee data\'','https://sinta.kemdikbud.go.id/authors/profile/5999228',NULL,'2025-04-15 20:02:03','2025-04-15 20:02:03'),
(23,'penerapan metode decision tree untuk klasifikasi data produk skincare untuk ibu hamil menggunakan aplikasi orange',2023,NULL,'https://scholar.google.com/scholar?q=+intitle:\'penerapan metode decision tree untuk klasifikasi data produk skincare untuk ibu hamil menggunakan aplikasi orange\'','https://sinta.kemdikbud.go.id/authors/profile/5999228','https://garuda.kemdikbud.go.id/documents/detail/3211641','2025-04-15 20:02:03','2025-04-15 20:02:03'),
(24,'a combination of algorithm agglomerative hierarchical cluster (ahc) and k-means for clustering tourism in madura-indonesia',2022,NULL,'https://scholar.google.com/scholar?q=+intitle:\'a combination of algorithm agglomerative hierarchical cluster (ahc) and k-means for clustering tourism in madura-indonesia\'','https://sinta.kemdikbud.go.id/authors/profile/5999228',NULL,'2025-04-15 20:02:03','2025-04-15 20:02:03'),
(25,'game edukasi berbasis kinect untuk memperkenalkan bentuk dan warna bagi siswa berkebutuhan khusus',2022,NULL,'https://scholar.google.com/scholar?q=+intitle:\'game edukasi berbasis kinect untuk memperkenalkan bentuk dan warna bagi siswa berkebutuhan khusus\'','https://sinta.kemdikbud.go.id/authors/profile/5999228','https://garuda.kemdikbud.go.id/documents/detail/3153272','2025-04-15 20:02:03','2025-04-15 20:02:03'),
(26,'rancang bangun sistem e-marketplace pariwisata madura',2020,NULL,NULL,'https://sinta.kemdikbud.go.id/authors/profile/5999228','https://garuda.kemdikbud.go.id/documents/detail/3428176','2025-04-15 20:02:03','2025-04-15 20:02:03'),
(27,'salt quality determination using simple additive weighting (saw) and analytical hirarki process (ahp) methods',2019,NULL,NULL,'https://sinta.kemdikbud.go.id/authors/profile/5999228','https://garuda.kemdikbud.go.id/documents/detail/2273415','2025-04-15 20:02:03','2025-04-15 20:02:03'),
(28,'pengembangan aplikasi managemen tugas skripsi (studi kasus : program studi teknik informatika universitas trunojoyo madura)',2019,NULL,NULL,'https://sinta.kemdikbud.go.id/authors/profile/5999228','https://garuda.kemdikbud.go.id/documents/detail/1102690','2025-04-15 20:02:03','2025-04-15 20:02:03'),
(29,'implementasi jaringan point to multipoint dengan mikrotik rb 433 pada jaringan internet asrama mahasiswa universitas trunojoyo madura',2017,NULL,NULL,'https://sinta.kemdikbud.go.id/authors/profile/5999228','https://garuda.kemdikbud.go.id/documents/detail/1620109','2025-04-15 20:02:03','2025-04-15 20:02:03'),
(30,'analisis kinerja efektifitas pembagian bandwidth dan quality of service (qos) pada jaringan kampus studi kasus universitas trunojoyo',2017,NULL,NULL,'https://sinta.kemdikbud.go.id/authors/profile/5999228','https://garuda.kemdikbud.go.id/documents/detail/1620086','2025-04-15 20:02:03','2025-04-15 20:02:03'),
(31,'implementasi arsitektur mvc pada aplikasi asrama untuk meningkatkan efisiensi proses manajemen data asrama',2017,NULL,NULL,'https://sinta.kemdikbud.go.id/authors/profile/5999228','https://garuda.kemdikbud.go.id/documents/detail/1275792','2025-04-15 20:02:03','2025-04-15 20:02:03'),
(32,'restoration of javanese characters based on wasserstein generative adversarial network-gradient penalty',2024,'https://www.scopus.com/record/display.uri?eid=2-s2.0-85214307107&origin=resultslist',NULL,'https://sinta.kemdikbud.go.id/authors/profile/6644894',NULL,'2025-04-15 20:02:03','2025-04-15 20:02:03'),
(33,'forecasting ginger harvest yields: a comparative study of double exponential smoothing and long short-term memory models',2024,'https://www.scopus.com/record/display.uri?eid=2-s2.0-85197892599&origin=resultslist',NULL,'https://sinta.kemdikbud.go.id/authors/profile/6644894',NULL,'2025-04-15 20:02:03','2025-04-15 20:02:03'),
(34,'performance test of naive bayes and svm methods on classification of malnutrition status in children',2024,'https://www.scopus.com/record/display.uri?eid=2-s2.0-85187880359&origin=resultslist','https://scholar.google.com/scholar?q=+intitle:\'performance test of naive bayes and svm methods on classification of malnutrition status in children\'','https://sinta.kemdikbud.go.id/authors/profile/6644894',NULL,'2025-04-15 20:02:03','2025-04-15 20:02:03'),
(35,'feature selection to increase the attractiveness of visitors in bangkalan tourism, madura based on chi-square method',2023,'https://www.scopus.com/record/display.uri?eid=2-s2.0-85146513067&origin=resultslist',NULL,'https://sinta.kemdikbud.go.id/authors/profile/6644894',NULL,'2025-04-15 20:02:03','2025-04-15 20:02:03'),
(36,'design of k-means method segmentation for visitor characteristics of bangkalan cultural heritage tourism',2023,'https://www.scopus.com/record/display.uri?eid=2-s2.0-85146513297&origin=resultslist','https://scholar.google.com/scholar?q=+intitle:\'design of k-means method segmentation for visitor characteristics of bangkalan cultural heritage tourism\'','https://sinta.kemdikbud.go.id/authors/profile/6644894',NULL,'2025-04-15 20:02:03','2025-04-15 20:02:03'),
(37,'the design of the least square method on sales of admission tickets to madura tourism in forecasting cases',2023,'https://www.scopus.com/record/display.uri?eid=2-s2.0-85146525637&origin=resultslist',NULL,'https://sinta.kemdikbud.go.id/authors/profile/6644894',NULL,'2025-04-15 20:02:03','2025-04-15 20:02:03'),
(38,'diagnosis system of cattle diseases using case-based reasoning and nearest neighbor similarity methods',2022,'https://www.scopus.com/record/display.uri?eid=2-s2.0-85147094415&origin=resultslist',NULL,'https://sinta.kemdikbud.go.id/authors/profile/6644894',NULL,'2025-04-15 20:02:03','2025-04-15 20:02:03'),
(39,'mobile application for personalized culinary tourism based on user preference',2022,'https://www.scopus.com/record/display.uri?eid=2-s2.0-85149554053&origin=resultslist',NULL,'https://sinta.kemdikbud.go.id/authors/profile/6644894',NULL,'2025-04-15 20:02:03','2025-04-15 20:02:03'),
(40,'comparison of k-means and k-medoids in tourist attraction clustering based on visitor characteristics',2022,'https://www.scopus.com/record/display.uri?eid=2-s2.0-85149522482&origin=resultslist',NULL,'https://sinta.kemdikbud.go.id/authors/profile/6644894',NULL,'2025-04-15 20:02:03','2025-04-15 20:02:03'),
(41,'selection system of madura tourism object as the best recommendation based on comparative analysis of k-nn and naive bayes methods',2022,'https://www.scopus.com/record/display.uri?eid=2-s2.0-85149582164&origin=resultslist',NULL,'https://sinta.kemdikbud.go.id/authors/profile/6644894',NULL,'2025-04-15 20:02:03','2025-04-15 20:02:03'),
(42,'time series method for forecasting model for amount of ginger plant production',2025,NULL,'https://scholar.google.com/scholar?q=+intitle:\'time series method for forecasting model for amount of ginger plant production\'','https://sinta.kemdikbud.go.id/authors/profile/6644894',NULL,'2025-04-15 20:02:03','2025-04-15 20:02:03'),
(43,'geographic information system mapping of essential oil producing plants in bangkalan regency using k-means clustering',2024,NULL,'https://scholar.google.com/scholar?q=+intitle:\'geographic information system mapping of essential oil producing plants in bangkalan regency using k-means clustering\'','https://sinta.kemdikbud.go.id/authors/profile/6644894',NULL,'2025-04-15 20:02:03','2025-04-15 20:02:03'),
(44,'forecasting ginger harvest yields: a comparative study of double exponential smoothing and long short-term memory models.',2024,NULL,'https://scholar.google.com/scholar?q=+intitle:\'forecasting ginger harvest yields: a comparative study of double exponential smoothing and long short-term memory models.\'','https://sinta.kemdikbud.go.id/authors/profile/6644894',NULL,'2025-04-15 20:02:03','2025-04-15 20:02:03'),
(45,'restoration of javanese characters based on wasserstein generative adversarial network-gradient penalty.',2024,NULL,'https://scholar.google.com/scholar?q=+intitle:\'restoration of javanese characters based on wasserstein generative adversarial network-gradient penalty.\'','https://sinta.kemdikbud.go.id/authors/profile/6644894',NULL,'2025-04-15 20:02:03','2025-04-15 20:02:03'),
(46,'prediction model for tourism object ticket determination in bangkalan, madura, indonesia',2023,NULL,'https://scholar.google.com/scholar?q=+intitle:\'prediction model for tourism object ticket determination in bangkalan, madura, indonesia\'','https://sinta.kemdikbud.go.id/authors/profile/6644894','https://garuda.kemdikbud.go.id/documents/detail/4167234','2025-04-15 20:02:03','2025-04-15 20:02:03'),
(47,'prediksi jumlah penderita stunting di madura dengan pendekatan machine learning',2023,NULL,'https://scholar.google.com/scholar?q=+intitle:\'prediksi jumlah penderita stunting di madura dengan pendekatan machine learning\'','https://sinta.kemdikbud.go.id/authors/profile/6644894',NULL,'2025-04-15 20:02:03','2025-04-15 20:02:03'),
(48,'k-nearest neighbors method for recommendation system in bangkalans tourism',2023,NULL,'https://scholar.google.com/scholar?q=+intitle:\'k-nearest neighbors method for recommendation system in bangkalans tourism\'','https://sinta.kemdikbud.go.id/authors/profile/6644894',NULL,'2025-04-15 20:02:03','2025-04-15 20:02:03'),
(49,'visitor decision system in selection of tourist sites based on hybrid of chi-square and k-nn methods',2023,NULL,'https://scholar.google.com/scholar?q=+intitle:\'visitor decision system in selection of tourist sites based on hybrid of chi-square and k-nn methods\'','https://sinta.kemdikbud.go.id/authors/profile/6644894',NULL,'2025-04-15 20:02:03','2025-04-15 20:02:03'),
(50,'k-nearest neighbors method for recommendation system in bangkalans tourism',2023,NULL,NULL,'https://sinta.kemdikbud.go.id/authors/profile/6644894','https://garuda.kemdikbud.go.id/documents/detail/3471443','2025-04-15 20:02:03','2025-04-15 20:02:03'),
(51,'comparison of stemming and similarity algorithms in indonesian translated al-qur\'an text search',2021,NULL,NULL,'https://sinta.kemdikbud.go.id/authors/profile/6644894','https://garuda.kemdikbud.go.id/documents/detail/2544776','2025-04-15 20:02:03','2025-04-15 20:02:03'),
(52,'smart mobile application for decision support systems on determination of resident in dormitory',2020,NULL,NULL,'https://sinta.kemdikbud.go.id/authors/profile/6644894','https://garuda.kemdikbud.go.id/documents/detail/2273443','2025-04-15 20:02:03','2025-04-15 20:02:03'),
(53,'the development of information systems for measuring student performance at mts al-azhar paseseh tanjung bumi',2019,NULL,NULL,'https://sinta.kemdikbud.go.id/authors/profile/6644894','https://garuda.kemdikbud.go.id/documents/detail/1766609','2025-04-15 20:02:03','2025-04-15 20:02:03'),
(54,'sistem informasi evaluasi mutu akademik dan proses pembelajaran menggunakan metode enhanced cumulative voting',2019,NULL,NULL,'https://sinta.kemdikbud.go.id/authors/profile/6644894','https://garuda.kemdikbud.go.id/documents/detail/1850610','2025-04-15 20:02:03','2025-04-15 20:02:03'),
(55,'sms gateway based vacancy of work vocation information system on pamekasan region',2017,NULL,NULL,'https://sinta.kemdikbud.go.id/authors/profile/6644894','https://garuda.kemdikbud.go.id/documents/detail/1766616','2025-04-15 20:02:03','2025-04-15 20:02:03'),
(56,'hubungan budaya sekolah dan komitmen organisasi dengan produktivitas kerja guru di smp negeri di kota mataram',2016,NULL,NULL,'https://sinta.kemdikbud.go.id/authors/profile/6644894','https://garuda.kemdikbud.go.id/documents/detail/1291457','2025-04-15 20:02:03','2025-04-15 20:02:03'),
(57,'application of google maps api on smart city for searching distance nearby health facilities in bangkalan',2016,NULL,NULL,'https://sinta.kemdikbud.go.id/authors/profile/6644894','https://garuda.kemdikbud.go.id/documents/detail/1766620','2025-04-15 20:02:03','2025-04-15 20:02:03'),
(58,'perancangan content management system bank perkreditan rakyat',2015,NULL,NULL,'https://sinta.kemdikbud.go.id/authors/profile/6644894','https://garuda.kemdikbud.go.id/documents/detail/2257080','2025-04-15 20:02:03','2025-04-15 20:02:03'),
(59,'distribution and catch characteristics of portunus pelagicus in north madura waters',2024,'https://www.scopus.com/record/display.uri?eid=2-s2.0-85194141621&origin=resultslist',NULL,'https://sinta.kemdikbud.go.id/authors/profile/6030319',NULL,'2025-04-15 20:02:03','2025-04-15 20:02:03'),
(60,'the effect of seaweed addition and different storage time on total lactic acid, viscosity, and syneresis of goat milk yogurt with spirulina platensis',2024,'https://www.scopus.com/record/display.uri?eid=2-s2.0-85197744670&origin=resultslist',NULL,'https://sinta.kemdikbud.go.id/authors/profile/6030319',NULL,'2025-04-15 20:02:03','2025-04-15 20:02:03'),
(61,'location selection of local coffee shops using fuzzy multicriteria decision making',2024,'https://www.scopus.com/record/display.uri?eid=2-s2.0-85200690600&origin=resultslist','https://scholar.google.com/scholar?q=+intitle:\'location selection of local coffee shops using fuzzy multicriteria decision making\'','https://sinta.kemdikbud.go.id/authors/profile/6030319',NULL,'2025-04-15 20:02:03','2025-04-15 20:02:03'),
(62,'hyperparameters and centroid improvements in the k-medoids method for grouping processed beef smes',2024,'https://www.scopus.com/record/display.uri?eid=2-s2.0-85184455757&origin=resultslist','https://scholar.google.com/scholar?q=+intitle:\'hyperparameters and centroid improvements in the k-medoids method for grouping processed beef smes\'','https://sinta.kemdikbud.go.id/authors/profile/6030319',NULL,'2025-04-15 20:02:03','2025-04-15 20:02:03'),
(63,'application of the triz model for evaluating the potential innovation value of a digital start-up company',2024,'https://www.scopus.com/record/display.uri?eid=2-s2.0-85197950117&origin=resultslist','https://scholar.google.com/scholar?q=+intitle:\'application of the triz model for evaluating the potential innovation value of a digital start-up company\'','https://sinta.kemdikbud.go.id/authors/profile/6030319',NULL,'2025-04-15 20:02:03','2025-04-15 20:02:03'),
(64,'potential adoption of oil palm agroforestry in sungai jernih village, jambi, indonesia',2023,'https://www.scopus.com/record/display.uri?eid=2-s2.0-85149958685&origin=resultslist',NULL,'https://sinta.kemdikbud.go.id/authors/profile/6030319',NULL,'2025-04-15 20:02:03','2025-04-15 20:02:03'),
(65,'the diversity of birds in the young oil palm agroforestry plot in jambi, indonesia',2023,'https://www.scopus.com/record/display.uri?eid=2-s2.0-85149963667&origin=resultslist',NULL,'https://sinta.kemdikbud.go.id/authors/profile/6030319',NULL,'2025-04-15 20:02:03','2025-04-15 20:02:03'),
(66,'design and build a passenger prediction information system using gated recurrent unit deep learning algorithm',2023,'https://www.scopus.com/record/display.uri?eid=2-s2.0-85186526256&origin=resultslist',NULL,'https://sinta.kemdikbud.go.id/authors/profile/6030319',NULL,'2025-04-15 20:02:03','2025-04-15 20:02:03'),
(67,'decision support system of sustainable supplier selection for micro small medium enterprise in apparel industry',2023,'https://www.scopus.com/record/display.uri?eid=2-s2.0-85183461745&origin=resultslist',NULL,'https://sinta.kemdikbud.go.id/authors/profile/6030319',NULL,'2025-04-15 20:02:03','2025-04-15 20:02:03'),
(68,'online user reviews investigation towards madura island tourism using latent semantic analysis',2022,'https://www.scopus.com/record/display.uri?eid=2-s2.0-85147091725&origin=resultslist',NULL,'https://sinta.kemdikbud.go.id/authors/profile/6030319',NULL,'2025-04-15 20:02:03','2025-04-15 20:02:03'),
(69,'web programming',2024,NULL,'https://scholar.google.com/scholar?q=+intitle:\'web programming\'','https://sinta.kemdikbud.go.id/authors/profile/6030319',NULL,'2025-04-15 20:02:03','2025-04-15 20:02:03'),
(70,'application of the triz model for evaluating the potential innovation value of a digital start-up company.',2024,NULL,'https://scholar.google.com/scholar?q=+intitle:\'application of the triz model for evaluating the potential innovation value of a digital start-up company.\'','https://sinta.kemdikbud.go.id/authors/profile/6030319',NULL,'2025-04-15 20:02:03','2025-04-15 20:02:03'),
(71,'data science ecosystem teori & aplikasi',2024,NULL,'https://scholar.google.com/scholar?q=+intitle:\'data science ecosystem teori & aplikasi\'','https://sinta.kemdikbud.go.id/authors/profile/6030319',NULL,'2025-04-15 20:02:03','2025-04-15 20:02:03'),
(72,'internet of things',2024,NULL,'https://scholar.google.com/scholar?q=+intitle:\'internet of things\'','https://sinta.kemdikbud.go.id/authors/profile/6030319',NULL,'2025-04-15 20:02:03','2025-04-15 20:02:03'),
(73,'digital otomotif',2024,NULL,'https://scholar.google.com/scholar?q=+intitle:\'digital otomotif\'','https://sinta.kemdikbud.go.id/authors/profile/6030319',NULL,'2025-04-15 20:02:03','2025-04-15 20:02:03'),
(74,'menguasai pengembangan aplikasi web',2024,NULL,'https://scholar.google.com/scholar?q=+intitle:\'menguasai pengembangan aplikasi web\'','https://sinta.kemdikbud.go.id/authors/profile/6030319',NULL,'2025-04-15 20:02:03','2025-04-15 20:02:03'),
(75,'data science - esg sentiment classifier',2024,NULL,'https://scholar.google.com/scholar?q=+intitle:\'data science - esg sentiment classifier\'','https://sinta.kemdikbud.go.id/authors/profile/6030319',NULL,'2025-04-15 20:02:03','2025-04-15 20:02:03'),
(76,'koreksi kesalahan ejaan pada pencarian artikel pariwisata berbahasa indonesia menggunakan levenshtein distance',2024,NULL,NULL,'https://sinta.kemdikbud.go.id/authors/profile/6030319','https://garuda.kemdikbud.go.id/documents/detail/4709452','2025-04-15 20:02:03','2025-04-15 20:02:03'),
(77,'implementation of fuzzy logic control method on chilli cultivation technology based smart drip irrigation system',2023,NULL,NULL,'https://sinta.kemdikbud.go.id/authors/profile/6030319','https://garuda.kemdikbud.go.id/documents/detail/3352561','2025-04-15 20:02:03','2025-04-15 20:02:03'),
(78,'aspect-based sentiment analysis from user-generated content in shopee marketplace platform',2023,NULL,NULL,'https://sinta.kemdikbud.go.id/authors/profile/6030319','https://garuda.kemdikbud.go.id/documents/detail/3575364','2025-04-15 20:02:03','2025-04-15 20:02:03'),
(79,'pelatihan penggunaan software video editor sebagai sarana promosi wisata madura',2022,NULL,NULL,'https://sinta.kemdikbud.go.id/authors/profile/6030319','https://garuda.kemdikbud.go.id/documents/detail/2711715','2025-04-15 20:02:03','2025-04-15 20:02:03'),
(80,'metode line balancing heuristik untuk penyeleseian masalah terjadinya bottleneck pada lintasan produksi',2020,NULL,NULL,'https://sinta.kemdikbud.go.id/authors/profile/6030319','https://garuda.kemdikbud.go.id/documents/detail/3434361','2025-04-15 20:02:03','2025-04-15 20:02:03'),
(81,'sistem pakar diagnosa hama dan penyakit padi dengan metode bayesian berbasis certainty factor',2019,NULL,NULL,'https://sinta.kemdikbud.go.id/authors/profile/6030319','https://garuda.kemdikbud.go.id/documents/detail/1850620','2025-04-15 20:02:03','2025-04-15 20:02:03'),
(82,'klasifikasi diabetes mellitus menggunakan support vector machine (studi kasus: puskesmas modopuro, mojokerto)',2019,NULL,NULL,'https://sinta.kemdikbud.go.id/authors/profile/6030319','https://garuda.kemdikbud.go.id/documents/detail/3434342','2025-04-15 20:02:03','2025-04-15 20:02:03'),
(83,'rekomendasi pemilihan supplier pada umkm produsen tas menggunakan metode ahp  promethee',2019,NULL,NULL,'https://sinta.kemdikbud.go.id/authors/profile/6030319','https://garuda.kemdikbud.go.id/documents/detail/3434356','2025-04-15 20:02:03','2025-04-15 20:02:03'),
(84,'rancang bangun sistem informasi akademik menggunakan agile model driven',2016,NULL,NULL,'https://sinta.kemdikbud.go.id/authors/profile/6030319','https://garuda.kemdikbud.go.id/documents/detail/1748290','2025-04-15 20:02:03','2025-04-15 20:02:03'),
(85,'design an adaptive e-learning application architecture based on ieee ltsa reference model',2015,NULL,NULL,'https://sinta.kemdikbud.go.id/authors/profile/6030319','https://garuda.kemdikbud.go.id/documents/detail/1885412','2025-04-15 20:02:03','2025-04-15 20:02:03'),
(86,'chest x-ray image segmentation using 2d v-net algorithm to improve diagnosis of lung disease',2024,'https://www.scopus.com/record/display.uri?eid=2-s2.0-85208416210&origin=resultslist','https://scholar.google.com/scholar?q=+intitle:\'chest x-ray image segmentation using 2d v-net algorithm to improve diagnosis of lung disease\'','https://sinta.kemdikbud.go.id/authors/profile/6071550',NULL,'2025-04-15 20:02:03','2025-04-15 20:02:03'),
(87,'autism screening prediction based on multi-kernel support vector machine',2023,'https://www.scopus.com/record/display.uri?eid=2-s2.0-85186506013&origin=resultslist','https://scholar.google.com/scholar?q=+intitle:\'autism screening prediction based on multi-kernel support vector machine\'','https://sinta.kemdikbud.go.id/authors/profile/6071550',NULL,'2025-04-15 20:02:03','2025-04-15 20:02:03'),
(88,'enhancing tourism experience through video augmented reality in interactive tourism media guide and ux measurement',2023,'https://www.scopus.com/record/display.uri?eid=2-s2.0-85187211942&origin=resultslist',NULL,'https://sinta.kemdikbud.go.id/authors/profile/6071550',NULL,'2025-04-15 20:02:03','2025-04-15 20:02:03'),
(89,'automatic recognition of madurese herbal medicine rhizome images using the efficientnet convolutional neural network',2023,'https://www.scopus.com/record/display.uri?eid=2-s2.0-85187213653&origin=resultslist','https://scholar.google.com/scholar?q=+intitle:\'automatic recognition of madurese herbal medicine rhizome images using the efficientnet convolutional neural network\'','https://sinta.kemdikbud.go.id/authors/profile/6071550',NULL,'2025-04-15 20:02:03','2025-04-15 20:02:03'),
(90,'classification of corn leaf diseases using loss-fused convolutional neural network',2023,'https://www.scopus.com/record/display.uri?eid=2-s2.0-85175993555&origin=resultslist','https://scholar.google.com/scholar?q=+intitle:\'classification of corn leaf diseases using loss-fused convolutional neural network\'','https://sinta.kemdikbud.go.id/authors/profile/6071550',NULL,'2025-04-15 20:02:03','2025-04-15 20:02:03'),
(91,'enhancing autism detection through visual pattern analysis based on machine learning',2023,'https://www.scopus.com/record/display.uri?eid=2-s2.0-85186490988&origin=resultslist','https://scholar.google.com/scholar?q=+intitle:\'enhancing autism detection through visual pattern analysis based on machine learning\'','https://sinta.kemdikbud.go.id/authors/profile/6071550',NULL,'2025-04-15 20:02:03','2025-04-15 20:02:03'),
(92,'serious exergame for special education needs using 3d-depth camera',2022,'https://www.scopus.com/record/display.uri?eid=2-s2.0-85141554434&origin=resultslist',NULL,'https://sinta.kemdikbud.go.id/authors/profile/6071550',NULL,'2025-04-15 20:02:03','2025-04-15 20:02:03'),
(93,'multiclass deep transfer learning for covid-19 classification',2022,'https://www.scopus.com/record/display.uri?eid=2-s2.0-85142438836&origin=resultslist',NULL,'https://sinta.kemdikbud.go.id/authors/profile/6071550',NULL,'2025-04-15 20:02:03','2025-04-15 20:02:03'),
(94,'user experience measurement on augmented reality mobile application for learning to read using a phonics-based approach',2021,'https://www.scopus.com/record/display.uri?eid=2-s2.0-85133533846&origin=resultslist',NULL,'https://sinta.kemdikbud.go.id/authors/profile/6071550',NULL,'2025-04-15 20:02:03','2025-04-15 20:02:03'),
(95,'classification of corn leaf disease using the optimized densenet-169 model',2021,'https://www.scopus.com/record/display.uri?eid=2-s2.0-85128670335&origin=resultslist',NULL,'https://sinta.kemdikbud.go.id/authors/profile/6071550',NULL,'2025-04-15 20:02:03','2025-04-15 20:02:03'),
(96,'optimasi klasifikasi sentimen menggunakan random forest dengan preprocessing k-means clustering dan smote',2024,NULL,'https://scholar.google.com/scholar?q=+intitle:\'optimasi klasifikasi sentimen menggunakan random forest dengan preprocessing k-means clustering dan smote\'','https://sinta.kemdikbud.go.id/authors/profile/6071550','https://garuda.kemdikbud.go.id/documents/detail/4808533','2025-04-15 20:02:03','2025-04-15 20:02:03'),
(97,'pengembangan game edukasi tipe rpg berbasis android sebagai suplemen pada materi anatomi tumbuhan',2023,NULL,'https://scholar.google.com/scholar?q=+intitle:\'pengembangan game edukasi tipe rpg berbasis android sebagai suplemen pada materi anatomi tumbuhan\'','https://sinta.kemdikbud.go.id/authors/profile/6071550','https://garuda.kemdikbud.go.id/documents/detail/3796086','2025-04-15 20:02:03','2025-04-15 20:02:03'),
(98,'program pendeteksi otomatis autisme pada anak berbasis wajah',2023,NULL,'https://scholar.google.com/scholar?q=+intitle:\'program pendeteksi otomatis autisme pada anak berbasis wajah\'','https://sinta.kemdikbud.go.id/authors/profile/6071550',NULL,'2025-04-15 20:02:03','2025-04-15 20:02:03'),
(99,'rekayasa multimedia',2023,NULL,'https://scholar.google.com/scholar?q=+intitle:\'rekayasa multimedia\'','https://sinta.kemdikbud.go.id/authors/profile/6071550',NULL,'2025-04-15 20:02:03','2025-04-15 20:02:03'),
(100,'program video augmented reality tari madura',2023,NULL,'https://scholar.google.com/scholar?q=+intitle:\'program video augmented reality tari madura\'','https://sinta.kemdikbud.go.id/authors/profile/6071550',NULL,'2025-04-15 20:02:03','2025-04-15 20:02:03'),
(101,'penerapan sprint design dalam pengembangan game edukasi sebagai media belajar kosakata bahasa arab',2023,NULL,NULL,'https://sinta.kemdikbud.go.id/authors/profile/6071550','https://garuda.kemdikbud.go.id/documents/detail/3796087','2025-04-15 20:02:03','2025-04-15 20:02:03'),
(102,'game edukasi berbasis kinect untuk memperkenalkan bentuk dan warna bagi siswa berkebutuhan khusus',2022,NULL,NULL,'https://sinta.kemdikbud.go.id/authors/profile/6071550','https://garuda.kemdikbud.go.id/documents/detail/3153272','2025-04-15 20:02:03','2025-04-15 20:02:03'),
(103,'clothing size recommender on real-time fitting simulation using skeleton tracking and rigging',2020,NULL,NULL,'https://sinta.kemdikbud.go.id/authors/profile/6071550','https://garuda.kemdikbud.go.id/documents/detail/1473792','2025-04-15 20:02:03','2025-04-15 20:02:03'),
(104,'deteksi manusia menggunakan metode histogram of oriented gradient dan euclidean distance',2018,NULL,NULL,'https://sinta.kemdikbud.go.id/authors/profile/6071550','https://garuda.kemdikbud.go.id/documents/detail/1620117','2025-04-15 20:02:03','2025-04-15 20:02:03'),
(105,'penerapan augmented reality pada serious game edukasi penyakit gigi',2018,NULL,NULL,'https://sinta.kemdikbud.go.id/authors/profile/6071550','https://garuda.kemdikbud.go.id/documents/detail/830191','2025-04-15 20:02:03','2025-04-15 20:02:03'),
(106,'performance analysis of color cascading framework on two different classifiers in malaria detection',2018,NULL,NULL,'https://sinta.kemdikbud.go.id/authors/profile/6071550','https://garuda.kemdikbud.go.id/documents/detail/1186750','2025-04-15 20:02:03','2025-04-15 20:02:03'),
(107,'virtual reality museum sunull drajat lamongan berbasis rulebased system untuk pembelajaran sejarah',2018,NULL,NULL,'https://sinta.kemdikbud.go.id/authors/profile/6071550','https://garuda.kemdikbud.go.id/documents/detail/802501','2025-04-15 20:02:03','2025-04-15 20:02:03'),
(108,'notation of javanese gamelan dataset for traditional music applications',2024,'https://www.scopus.com/record/display.uri?eid=2-s2.0-85185537690&origin=resultslist','https://scholar.google.com/scholar?q=+intitle:\'notation of javanese gamelan dataset for traditional music applications\'','https://sinta.kemdikbud.go.id/authors/profile/6137267',NULL,'2025-04-15 20:02:03','2025-04-15 20:02:03'),
(109,'integrate wbs and forecast task completion in construction projects using data analytics',2023,'https://www.scopus.com/record/display.uri?eid=2-s2.0-85191308169&origin=resultslist',NULL,'https://sinta.kemdikbud.go.id/authors/profile/6137267',NULL,'2025-04-15 20:02:03','2025-04-15 20:02:03'),
(110,'generator of javanese gamelan musical note using 1d cnn multi-label classification',2023,'https://www.scopus.com/record/display.uri?eid=2-s2.0-85186503497&origin=resultslist','https://scholar.google.com/scholar?q=+intitle:\'generator of javanese gamelan musical note using 1d cnn multi-label classification\'','https://sinta.kemdikbud.go.id/authors/profile/6137267',NULL,'2025-04-15 20:02:03','2025-04-15 20:02:03'),
(111,'automatic note generator for javanese gamelan music accompaniment using deep learning',2023,'https://www.scopus.com/record/display.uri?eid=2-s2.0-85167456718&origin=resultslist','https://scholar.google.com/scholar?q=+intitle:\'automatic note generator for javanese gamelan music accompaniment using deep learning\'','https://sinta.kemdikbud.go.id/authors/profile/6137267','https://garuda.kemdikbud.go.id/documents/detail/3598893','2025-04-15 20:02:03','2025-04-15 20:02:03'),
(112,'serious exergame for special education needs using 3d-depth camera',2022,'https://www.scopus.com/record/display.uri?eid=2-s2.0-85141554434&origin=resultslist',NULL,'https://sinta.kemdikbud.go.id/authors/profile/6137267',NULL,'2025-04-15 20:02:03','2025-04-15 20:02:03'),
(113,'multilayer perceptron for symbolic indonesian music generation',2020,'https://www.scopus.com/record/display.uri?eid=2-s2.0-85091699881&origin=resultslist',NULL,'https://sinta.kemdikbud.go.id/authors/profile/6137267',NULL,'2025-04-15 20:02:03','2025-04-15 20:02:03'),
(114,'introduction virtual reality for learning media in schools in indonesia',2020,'https://www.scopus.com/record/display.uri?eid=2-s2.0-85091789577&origin=resultslist',NULL,'https://sinta.kemdikbud.go.id/authors/profile/6137267',NULL,'2025-04-15 20:02:03','2025-04-15 20:02:03'),
(115,'class vr: learning class environment for special educational needs using virtual reality games',2019,'https://www.scopus.com/record/display.uri?eid=2-s2.0-85084480070&origin=resultslist',NULL,'https://sinta.kemdikbud.go.id/authors/profile/6137267',NULL,'2025-04-15 20:02:03','2025-04-15 20:02:03'),
(116,'visual learning on mobile phone for introduction basic programming in vocational high school',2018,'https://www.scopus.com/record/display.uri?eid=2-s2.0-85066467157&origin=resultslist',NULL,'https://sinta.kemdikbud.go.id/authors/profile/6137267',NULL,'2025-04-15 20:02:03','2025-04-15 20:02:03'),
(117,'user experience measurement on virtual dressing room of madura batik clothes',2017,'https://www.scopus.com/record/display.uri?eid=2-s2.0-85049370810&origin=resultslist',NULL,'https://sinta.kemdikbud.go.id/authors/profile/6137267',NULL,'2025-04-15 20:02:03','2025-04-15 20:02:03'),
(118,'generator notasi musik instrumen gamelan jawa berbasis deep learning',2024,NULL,'https://scholar.google.com/scholar?q=+intitle:\'generator notasi musik instrumen gamelan jawa berbasis deep learning\'','https://sinta.kemdikbud.go.id/authors/profile/6137267',NULL,'2025-04-15 20:02:03','2025-04-15 20:02:03'),
(119,'coloring pekalongan batik using a madura dataset: a comparative study of gan and caffe-based cnn models',2024,NULL,'https://scholar.google.com/scholar?q=+intitle:\'coloring pekalongan batik using a madura dataset: a comparative study of gan and caffe-based cnn models\'','https://sinta.kemdikbud.go.id/authors/profile/6137267','https://garuda.kemdikbud.go.id/documents/detail/4724079','2025-04-15 20:02:03','2025-04-15 20:02:03'),
(120,'deep learning for multi-structured javanese gamelan note generator.',2023,NULL,'https://scholar.google.com/scholar?q=+intitle:\'deep learning for multi-structured javanese gamelan note generator.\'','https://sinta.kemdikbud.go.id/authors/profile/6137267',NULL,'2025-04-15 20:02:03','2025-04-15 20:02:03'),
(121,'pengembangan mobile aplikasi untuk penderita epilepsi menggunakan sinyal eeg dan sinyal ecg',2023,NULL,'https://scholar.google.com/scholar?q=+intitle:\'pengembangan mobile aplikasi untuk penderita epilepsi menggunakan sinyal eeg dan sinyal ecg\'','https://sinta.kemdikbud.go.id/authors/profile/6137267',NULL,'2025-04-15 20:02:03','2025-04-15 20:02:03'),
(122,'notation of javanese gamelan dataset for traditional music apllications',2023,NULL,'https://scholar.google.com/scholar?q=+intitle:\'notation of javanese gamelan dataset for traditional music apllications\'','https://sinta.kemdikbud.go.id/authors/profile/6137267',NULL,'2025-04-15 20:02:03','2025-04-15 20:02:03'),
(123,'deep learning for multi-structured javanese gamelan note generator',2023,NULL,'https://scholar.google.com/scholar?q=+intitle:\'deep learning for multi-structured javanese gamelan note generator\'','https://sinta.kemdikbud.go.id/authors/profile/6137267',NULL,'2025-04-15 20:02:03','2025-04-15 20:02:03'),
(124,'automatic note generator for javanese gamelan music accompaniment using deep learning.',2023,NULL,'https://scholar.google.com/scholar?q=+intitle:\'automatic note generator for javanese gamelan music accompaniment using deep learning.\'','https://sinta.kemdikbud.go.id/authors/profile/6137267',NULL,'2025-04-15 20:02:03','2025-04-15 20:02:03'),
(125,'optimizing diabetic neuropathy severity classification using electromyography signals through synthetic oversampling techniques',2024,NULL,NULL,'https://sinta.kemdikbud.go.id/authors/profile/6137267','https://garuda.kemdikbud.go.id/documents/detail/4811518','2025-04-15 20:02:03','2025-04-15 20:02:03'),
(126,'game edukasi berbasis kinect untuk memperkenalkan bentuk dan warna bagi siswa berkebutuhan khusus',2022,NULL,NULL,'https://sinta.kemdikbud.go.id/authors/profile/6137267','https://garuda.kemdikbud.go.id/documents/detail/3153272','2025-04-15 20:02:03','2025-04-15 20:02:03'),
(127,'clothing size recommender on real-time fitting simulation using skeleton tracking and rigging',2020,NULL,NULL,'https://sinta.kemdikbud.go.id/authors/profile/6137267','https://garuda.kemdikbud.go.id/documents/detail/1473792','2025-04-15 20:02:03','2025-04-15 20:02:03'),
(128,'pemanfaatan tools animasi untuk media pembelajaran bagi smkn 1 labang bangkalan madura',2020,NULL,NULL,'https://sinta.kemdikbud.go.id/authors/profile/6137267','https://garuda.kemdikbud.go.id/documents/detail/2101144','2025-04-15 20:02:03','2025-04-15 20:02:03'),
(129,'pengembangan kompetensi guru smkn 1 labang bangkalan melalui pembuatan media pembelajaran augmented reality dengan metaverse',2020,NULL,NULL,'https://sinta.kemdikbud.go.id/authors/profile/6137267','https://garuda.kemdikbud.go.id/documents/detail/1472651','2025-04-15 20:02:03','2025-04-15 20:02:03'),
(130,'pembuatan dan digitalisasi batik tulis madura pada ukm batik bangkalan',2019,NULL,NULL,'https://sinta.kemdikbud.go.id/authors/profile/6137267','https://garuda.kemdikbud.go.id/documents/detail/1688830','2025-04-15 20:02:03','2025-04-15 20:02:03'),
(131,'penerapan augmented reality pada serious game edukasi penyakit gigi',2018,NULL,NULL,'https://sinta.kemdikbud.go.id/authors/profile/6137267','https://garuda.kemdikbud.go.id/documents/detail/830191','2025-04-15 20:02:03','2025-04-15 20:02:03'),
(132,'perancangan aplikasi learning by doing interaktif untuk mendukung pembelajaran bahasa pemrograman',2018,NULL,NULL,'https://sinta.kemdikbud.go.id/authors/profile/6137267','https://garuda.kemdikbud.go.id/documents/detail/618885','2025-04-15 20:02:03','2025-04-15 20:02:03'),
(133,'sustainable tourism performance based on tourist clusters: evidence from madura, indonesia',2024,'https://www.scopus.com/record/display.uri?eid=2-s2.0-85189240444&origin=resultslist',NULL,'https://sinta.kemdikbud.go.id/authors/profile/6099986',NULL,'2025-04-15 20:02:03','2025-04-15 20:02:03'),
(134,'integration k-means clustering and ahp for recommendations batik msmes',2024,'https://www.scopus.com/record/display.uri?eid=2-s2.0-85189247112&origin=resultslist','https://scholar.google.com/scholar?q=+intitle:\'integration k-means clustering and ahp for recommendations batik msmes\'','https://sinta.kemdikbud.go.id/authors/profile/6099986',NULL,'2025-04-15 20:02:03','2025-04-15 20:02:03'),
(135,'type-2 fuzzy anp and topsis methods based on trapezoid fuzzy number with a new metric',2024,'https://www.scopus.com/record/display.uri?eid=2-s2.0-85201818470&origin=resultslist','https://scholar.google.com/scholar?q=+intitle:\'type-2 fuzzy anp and topsis methods based on trapezoid fuzzy number with a new metric\'','https://sinta.kemdikbud.go.id/authors/profile/6099986',NULL,'2025-04-15 20:02:03','2025-04-15 20:02:03'),
(136,'forecasting ginger harvest yields: a comparative study of double exponential smoothing and long short-term memory models',2024,'https://www.scopus.com/record/display.uri?eid=2-s2.0-85197892599&origin=resultslist',NULL,'https://sinta.kemdikbud.go.id/authors/profile/6099986',NULL,'2025-04-15 20:02:03','2025-04-15 20:02:03'),
(137,'hyperparameters and centroid improvements in the k-medoids method for grouping processed beef smes',2024,'https://www.scopus.com/record/display.uri?eid=2-s2.0-85184455757&origin=resultslist','https://scholar.google.com/scholar?q=+intitle:\'hyperparameters and centroid improvements in the k-medoids method for grouping processed beef smes\'','https://sinta.kemdikbud.go.id/authors/profile/6099986',NULL,'2025-04-15 20:02:03','2025-04-15 20:02:03'),
(138,'forecasting seasonal rainfall levels using the convolution neural network (cnn) method',2024,'https://www.scopus.com/record/display.uri?eid=2-s2.0-85212937367&origin=resultslist',NULL,'https://sinta.kemdikbud.go.id/authors/profile/6099986',NULL,'2025-04-15 20:02:03','2025-04-15 20:02:03'),
(139,'least squares support vector machine ensemble based on sampling for classification of quality local cattle',2024,'https://www.scopus.com/record/display.uri?eid=2-s2.0-85208639473&origin=resultslist','https://scholar.google.com/scholar?q=+intitle:\'least squares support vector machine ensemble based on sampling for classification of quality local cattle\'','https://sinta.kemdikbud.go.id/authors/profile/6099986',NULL,'2025-04-15 20:02:03','2025-04-15 20:02:03'),
(140,'enhancing small and medium enterprises: a hybrid clustering and ahp-topsis decision support framework',2024,'https://www.scopus.com/record/display.uri?eid=2-s2.0-85188205202&origin=resultslist',NULL,'https://sinta.kemdikbud.go.id/authors/profile/6099986',NULL,'2025-04-15 20:02:03','2025-04-15 20:02:03'),
(141,'random search hyperparameter optimization for bpnn to forecasting cattle population',2024,'https://www.scopus.com/record/display.uri?eid=2-s2.0-85189238493&origin=resultslist','https://scholar.google.com/scholar?q=+intitle:\'random search hyperparameter optimization for bpnn to forecasting cattle population\'','https://sinta.kemdikbud.go.id/authors/profile/6099986',NULL,'2025-04-15 20:02:03','2025-04-15 20:02:03'),
(142,'decision support system of sustainable supplier selection for micro small medium enterprise in apparel industry',2023,'https://www.scopus.com/record/display.uri?eid=2-s2.0-85183461745&origin=resultslist',NULL,'https://sinta.kemdikbud.go.id/authors/profile/6099986',NULL,'2025-04-15 20:02:03','2025-04-15 20:02:03'),
(143,'analisis sentimen terhadap karapan sapi di twitter menggunakan metode k-means dan support vector machine (svm)',2025,NULL,'https://scholar.google.com/scholar?q=+intitle:\'analisis sentimen terhadap karapan sapi di twitter menggunakan metode k-means dan support vector machine (svm)\'','https://sinta.kemdikbud.go.id/authors/profile/6099986',NULL,'2025-04-15 20:02:03','2025-04-15 20:02:03'),
(144,'the key success factor for sustainable rural tourism development in madura using integration of the ipa-kano model',2024,NULL,'https://scholar.google.com/scholar?q=+intitle:\'the key success factor for sustainable rural tourism development in madura using integration of the ipa-kano model\'','https://sinta.kemdikbud.go.id/authors/profile/6099986',NULL,'2025-04-15 20:02:03','2025-04-15 20:02:03'),
(145,'perancangan media pembelajaran batik podhek di kampung eduwisata berbasis multimedia',2024,NULL,'https://scholar.google.com/scholar?q=+intitle:\'perancangan media pembelajaran batik podhek di kampung eduwisata berbasis multimedia\'','https://sinta.kemdikbud.go.id/authors/profile/6099986',NULL,'2025-04-15 20:02:03','2025-04-15 20:02:03'),
(146,'type-2 fuzzy anp and topsis methods based on trapezoid fuzzy number with a new metric.',2024,NULL,'https://scholar.google.com/scholar?q=+intitle:\'type-2 fuzzy anp and topsis methods based on trapezoid fuzzy number with a new metric.\'','https://sinta.kemdikbud.go.id/authors/profile/6099986',NULL,'2025-04-15 20:02:03','2025-04-15 20:02:03'),
(147,'accredited ristekdikti sinta 2',2024,NULL,'https://scholar.google.com/scholar?q=+intitle:\'accredited ristekdikti sinta 2\'','https://sinta.kemdikbud.go.id/authors/profile/6099986',NULL,'2025-04-15 20:02:03','2025-04-15 20:02:03'),
(148,'enhancing autism detection through visual pattern analysis based on machine learning',2023,'https://www.scopus.com/record/display.uri?eid=2-s2.0-85186490988&origin=resultslist','https://scholar.google.com/scholar?q=+intitle:\'enhancing autism detection through visual pattern analysis based on machine learning\'','https://sinta.kemdikbud.go.id/authors/profile/6071261',NULL,'2025-04-15 20:02:03','2025-04-15 20:02:03'),
(149,'enhancing tourism experience through video augmented reality in interactive tourism media guide and ux measurement',2023,'https://www.scopus.com/record/display.uri?eid=2-s2.0-85187211942&origin=resultslist','https://scholar.google.com/scholar?q=+intitle:\'enhancing tourism experience through video augmented reality in interactive tourism media guide and ux measurement\'','https://sinta.kemdikbud.go.id/authors/profile/6071261',NULL,'2025-04-15 20:02:03','2025-04-15 20:02:03'),
(150,'automatic recognition of madurese herbal medicine rhizome images using the efficientnet convolutional neural network',2023,'https://www.scopus.com/record/display.uri?eid=2-s2.0-85187213653&origin=resultslist','https://scholar.google.com/scholar?q=+intitle:\'automatic recognition of madurese herbal medicine rhizome images using the efficientnet convolutional neural network\'','https://sinta.kemdikbud.go.id/authors/profile/6071261',NULL,'2025-04-15 20:02:03','2025-04-15 20:02:03'),
(151,'face image reconstruction: removing the mask of the face image using u-net architecture',2023,'https://www.scopus.com/record/display.uri?eid=2-s2.0-85186505948&origin=resultslist','https://scholar.google.com/scholar?q=+intitle:\'face image reconstruction: removing the mask of the face image using u-net architecture\'','https://sinta.kemdikbud.go.id/authors/profile/6071261',NULL,'2025-04-15 20:02:03','2025-04-15 20:02:03'),
(152,'autism screening prediction based on multi-kernel support vector machine',2023,'https://www.scopus.com/record/display.uri?eid=2-s2.0-85186506013&origin=resultslist','https://scholar.google.com/scholar?q=+intitle:\'autism screening prediction based on multi-kernel support vector machine\'','https://sinta.kemdikbud.go.id/authors/profile/6071261',NULL,'2025-04-15 20:02:03','2025-04-15 20:02:03'),
(153,'classification of covid-19 disease from chest x-ray images using the squeezenet and bayesian optimization methods',2023,'https://www.scopus.com/record/display.uri?eid=2-s2.0-85183463504&origin=resultslist','https://scholar.google.com/scholar?q=+intitle:\'classification of covid-19 disease from chest x-ray images using the squeezenet and bayesian optimization methods\'','https://sinta.kemdikbud.go.id/authors/profile/6071261',NULL,'2025-04-15 20:02:03','2025-04-15 20:02:03'),
(154,'multiplane convolutional neural network (mp-cnn) for alzheimers disease classification',2022,'https://www.scopus.com/record/display.uri?eid=2-s2.0-85123546916&origin=resultslist',NULL,'https://sinta.kemdikbud.go.id/authors/profile/6071261',NULL,'2025-04-15 20:02:03','2025-04-15 20:02:03'),
(155,'multi-features fusion in multi-plane mri images for alzheimers disease classification',2022,'https://www.scopus.com/record/display.uri?eid=2-s2.0-85132997286&origin=resultslist','https://scholar.google.com/scholar?q=+intitle:\'multi-features fusion in multi-plane mri images for alzheimers disease classification\'','https://sinta.kemdikbud.go.id/authors/profile/6071261',NULL,'2025-04-15 20:02:03','2025-04-15 20:02:03'),
(156,'brain tumor classification using deep neural network based on mri images',2022,'https://www.scopus.com/record/display.uri?eid=2-s2.0-85142418970&origin=resultslist',NULL,'https://sinta.kemdikbud.go.id/authors/profile/6071261',NULL,'2025-04-15 20:02:03','2025-04-15 20:02:03'),
(157,'multiclass deep transfer learning for covid-19 classification',2022,'https://www.scopus.com/record/display.uri?eid=2-s2.0-85142438836&origin=resultslist','https://scholar.google.com/scholar?q=+intitle:\'multiclass deep transfer learning for covid-19 classification\'','https://sinta.kemdikbud.go.id/authors/profile/6071261',NULL,'2025-04-15 20:02:03','2025-04-15 20:02:03'),
(158,'optimasi klasifikasi sentimen menggunakan random forest dengan preprocessing k-means clustering dan smote',2024,NULL,'https://scholar.google.com/scholar?q=+intitle:\'optimasi klasifikasi sentimen menggunakan random forest dengan preprocessing k-means clustering dan smote\'','https://sinta.kemdikbud.go.id/authors/profile/6071261','https://garuda.kemdikbud.go.id/documents/detail/4808533','2025-04-15 20:02:03','2025-04-15 20:02:03'),
(159,'analisis sentimen pada sosial media twitter terhadap kualitas jaringan internet telkomsel menggunakan ensemble k-nearest neighbour-support vector machine',2024,NULL,'https://scholar.google.com/scholar?q=+intitle:\'analisis sentimen pada sosial media twitter terhadap kualitas jaringan internet telkomsel menggunakan ensemble k-nearest neighbour-support vector machine\'','https://sinta.kemdikbud.go.id/authors/profile/6071261',NULL,'2025-04-15 20:02:03','2025-04-15 20:02:03'),
(160,'automatic segmentation on glioblastoma brain tumor magnetic resonullce imaging using modified u-net',2020,NULL,NULL,'https://sinta.kemdikbud.go.id/authors/profile/6071261','https://garuda.kemdikbud.go.id/documents/detail/1714976','2025-04-15 20:02:03','2025-04-15 20:02:03'),
(161,'virtual reality museum sunull drajat lamongan berbasis rulebased system untuk pembelajaran sejarah',2018,NULL,NULL,'https://sinta.kemdikbud.go.id/authors/profile/6071261','https://garuda.kemdikbud.go.id/documents/detail/802501','2025-04-15 20:02:03','2025-04-15 20:02:03'),
(162,'performance analysis of color cascading framework on two different classifiers in malaria detection',2018,NULL,NULL,'https://sinta.kemdikbud.go.id/authors/profile/6071261','https://garuda.kemdikbud.go.id/documents/detail/1215236','2025-04-15 20:02:03','2025-04-15 20:02:03'),
(163,'implementasi metode euclidean distance untuk rekomendasi ukuran pakaian pada aplikasi ruang ganti virtual',2018,NULL,NULL,'https://sinta.kemdikbud.go.id/authors/profile/6071261','https://garuda.kemdikbud.go.id/documents/detail/619024','2025-04-15 20:02:03','2025-04-15 20:02:03'),
(164,'in-app purchase system based on augmented reality technology:a case study in heroes of surabaya mobile games',2018,NULL,NULL,'https://sinta.kemdikbud.go.id/authors/profile/6071261','https://garuda.kemdikbud.go.id/documents/detail/3010292','2025-04-15 20:02:03','2025-04-15 20:02:03'),
(165,'monitoring stasiun pengisian bahan bakar umum berbasis augmented-reality',2016,NULL,NULL,'https://sinta.kemdikbud.go.id/authors/profile/6071261','https://garuda.kemdikbud.go.id/documents/detail/1759835','2025-04-15 20:02:03','2025-04-15 20:02:03'),
(166,'virtual reality for introducing informatics laboratory on university of trunojoyo madura',2016,NULL,NULL,'https://sinta.kemdikbud.go.id/authors/profile/6071261','https://garuda.kemdikbud.go.id/documents/detail/1766592','2025-04-15 20:02:03','2025-04-15 20:02:03'),
(167,'performance test of naive bayes and svm methods on classification of malnutrition status in children',2024,'https://www.scopus.com/record/display.uri?eid=2-s2.0-85187880359&origin=resultslist',NULL,'https://sinta.kemdikbud.go.id/authors/profile/5978594',NULL,'2025-04-15 20:02:03','2025-04-15 20:02:03'),
(168,'enhancing small and medium enterprises: a hybrid clustering and ahp-topsis decision support framework',2024,'https://www.scopus.com/record/display.uri?eid=2-s2.0-85188205202&origin=resultslist','https://scholar.google.com/scholar?q=+intitle:\'enhancing small and medium enterprises: a hybrid clustering and ahp-topsis decision support framework\'','https://sinta.kemdikbud.go.id/authors/profile/5978594',NULL,'2025-04-15 20:02:03','2025-04-15 20:02:03'),
(169,'random search hyperparameter optimization for bpnn to forecasting cattle population',2024,'https://www.scopus.com/record/display.uri?eid=2-s2.0-85189238493&origin=resultslist','https://scholar.google.com/scholar?q=+intitle:\'random search hyperparameter optimization for bpnn to forecasting cattle population\'','https://sinta.kemdikbud.go.id/authors/profile/5978594',NULL,'2025-04-15 20:02:03','2025-04-15 20:02:03'),
(170,'forecasting ginger harvest yields: a comparative study of double exponential smoothing and long short-term memory models',2024,'https://www.scopus.com/record/display.uri?eid=2-s2.0-85197892599&origin=resultslist',NULL,'https://sinta.kemdikbud.go.id/authors/profile/5978594',NULL,'2025-04-15 20:02:03','2025-04-15 20:02:03'),
(171,'hyperparameters and centroid improvements in the k-medoids method for grouping processed beef smes',2024,'https://www.scopus.com/record/display.uri?eid=2-s2.0-85184455757&origin=resultslist','https://scholar.google.com/scholar?q=+intitle:\'hyperparameters and centroid improvements in the k-medoids method for grouping processed beef smes\'','https://sinta.kemdikbud.go.id/authors/profile/5978594',NULL,'2025-04-15 20:02:03','2025-04-15 20:02:03'),
(172,'least squares support vector machine ensemble based on sampling for classification of quality local cattle',2024,'https://www.scopus.com/record/display.uri?eid=2-s2.0-85208639473&origin=resultslist',NULL,'https://sinta.kemdikbud.go.id/authors/profile/5978594',NULL,'2025-04-15 20:02:03','2025-04-15 20:02:03'),
(173,'alexnet architecture modification to classify acute lymphoblastic leukemia images',2024,'https://www.scopus.com/record/display.uri?eid=2-s2.0-85200048130&origin=resultslist',NULL,'https://sinta.kemdikbud.go.id/authors/profile/5978594',NULL,'2025-04-15 20:02:03','2025-04-15 20:02:03'),
(174,'forecasting seasonal rainfall levels using the convolution neural network (cnn) method',2024,'https://www.scopus.com/record/display.uri?eid=2-s2.0-85212937367&origin=resultslist','https://scholar.google.com/scholar?q=+intitle:\'forecasting seasonal rainfall levels using the convolution neural network (cnn) method\'','https://sinta.kemdikbud.go.id/authors/profile/5978594',NULL,'2025-04-15 20:02:03','2025-04-15 20:02:03'),
(175,'fast collaboration competencies model for software development life cycle (sdlc)',2023,'https://www.scopus.com/record/display.uri?eid=2-s2.0-85186492270&origin=resultslist',NULL,'https://sinta.kemdikbud.go.id/authors/profile/5978594',NULL,'2025-04-15 20:02:03','2025-04-15 20:02:03'),
(176,'marine fish species classification using transfer learning and residual network',2023,'https://www.scopus.com/record/display.uri?eid=2-s2.0-85186505937&origin=resultslist',NULL,'https://sinta.kemdikbud.go.id/authors/profile/5978594',NULL,'2025-04-15 20:02:03','2025-04-15 20:02:03'),
(177,'utilizing single exponential smoothing for early detection and forecasting of stunting cases in madura',2025,NULL,'https://scholar.google.com/scholar?q=+intitle:\'utilizing single exponential smoothing for early detection and forecasting of stunting cases in madura\'','https://sinta.kemdikbud.go.id/authors/profile/5978594',NULL,'2025-04-15 20:02:03','2025-04-15 20:02:03'),
(178,'time series method for forecasting model for amount of ginger plant production',2025,NULL,'https://scholar.google.com/scholar?q=+intitle:\'time series method for forecasting model for amount of ginger plant production\'','https://sinta.kemdikbud.go.id/authors/profile/5978594',NULL,'2025-04-15 20:02:03','2025-04-15 20:02:03'),
(179,'a k-medoids clustering approach to controlling assistance fund allocation in madura',2025,NULL,'https://scholar.google.com/scholar?q=+intitle:\'a k-medoids clustering approach to controlling assistance fund allocation in madura\'','https://sinta.kemdikbud.go.id/authors/profile/5978594',NULL,'2025-04-15 20:02:03','2025-04-15 20:02:03'),
(180,'performance analysis of naive bayes and fuzzy k-nearest neighbor methods for malnutrition status classification systems',2025,NULL,'https://scholar.google.com/scholar?q=+intitle:\'performance analysis of naive bayes and fuzzy k-nearest neighbor methods for malnutrition status classification systems\'','https://sinta.kemdikbud.go.id/authors/profile/5978594',NULL,'2025-04-15 20:02:03','2025-04-15 20:02:03'),
(181,'accredited ristekdikti sinta 2',2025,NULL,'https://scholar.google.com/scholar?q=+intitle:\'accredited ristekdikti sinta 2\'','https://sinta.kemdikbud.go.id/authors/profile/5978594',NULL,'2025-04-15 20:02:03','2025-04-15 20:02:03'),
(182,'implementation of forecasting ginger harvest using seasonal autoregressive integrated moving average method',2025,NULL,'https://scholar.google.com/scholar?q=+intitle:\'implementation of forecasting ginger harvest using seasonal autoregressive integrated moving average method\'','https://sinta.kemdikbud.go.id/authors/profile/5978594',NULL,'2025-04-15 20:02:03','2025-04-15 20:02:03'),
(183,'performance comparison between double exponential smoothing and double moving average methods in seasonal beef demand',2024,NULL,NULL,'https://sinta.kemdikbud.go.id/authors/profile/5978594','https://garuda.kemdikbud.go.id/documents/detail/4190402','2025-04-15 20:02:03','2025-04-15 20:02:03'),
(184,'k-nearest neighbors method for recommendation system in bangkalans tourism',2023,NULL,NULL,'https://sinta.kemdikbud.go.id/authors/profile/5978594','https://garuda.kemdikbud.go.id/documents/detail/3471443','2025-04-15 20:02:03','2025-04-15 20:02:03'),
(185,'implementation of the naive bayes and simple additive weighting methods in the feasibility selection of village cash assistance recipients',2023,NULL,NULL,'https://sinta.kemdikbud.go.id/authors/profile/5978594','https://garuda.kemdikbud.go.id/documents/detail/3498372','2025-04-15 20:02:03','2025-04-15 20:02:03'),
(186,'prediction model for tourism object ticket determination in bangkalan, madura, indonesia',2023,NULL,NULL,'https://sinta.kemdikbud.go.id/authors/profile/5978594','https://garuda.kemdikbud.go.id/documents/detail/4167234','2025-04-15 20:02:03','2025-04-15 20:02:03'),
(187,'prediksi jumlah penderita stunting di madura dengan pendekatan machine learning',2023,NULL,NULL,'https://sinta.kemdikbud.go.id/authors/profile/5978594','https://garuda.kemdikbud.go.id/documents/detail/4368764','2025-04-15 20:02:03','2025-04-15 20:02:03'),
(188,'visitor decision system in selection of tourist sites based on hybrid of chi-square and k-nn methods',2023,NULL,NULL,'https://sinta.kemdikbud.go.id/authors/profile/5978594','https://garuda.kemdikbud.go.id/documents/detail/4135366','2025-04-15 20:02:03','2025-04-15 20:02:03'),
(189,'desain layanull e-surat untuk desa waru barat, pamekasan, madura menggunakan qr-code',2021,NULL,NULL,'https://sinta.kemdikbud.go.id/authors/profile/5978594','https://garuda.kemdikbud.go.id/documents/detail/2354607','2025-04-15 20:02:03','2025-04-15 20:02:03'),
(190,'technologies, methods, and approaches on detection system of plant pests and diseases',2019,NULL,NULL,'https://sinta.kemdikbud.go.id/authors/profile/5978594','https://garuda.kemdikbud.go.id/documents/detail/1611463','2025-04-15 20:02:03','2025-04-15 20:02:03'),
(191,'rancang bangun aplikasi pembelajaran rambu-rambu lalu lintas berbasis android untuk siswa sekolah dasar',2018,NULL,NULL,'https://sinta.kemdikbud.go.id/authors/profile/5978594','https://garuda.kemdikbud.go.id/documents/detail/1486925','2025-04-15 20:02:03','2025-04-15 20:02:03'),
(192,'utilization of the internet of things for monitoring salt houses with fuzzy logic rule-based model',2024,'https://www.scopus.com/record/display.uri?eid=2-s2.0-85189246766&origin=resultslist','https://scholar.google.com/scholar?q=+intitle:\'utilization of the internet of things for monitoring salt houses with fuzzy logic rule-based model\'','https://sinta.kemdikbud.go.id/authors/profile/6083813',NULL,'2025-04-15 20:02:03','2025-04-15 20:02:03'),
(193,'smart laboratory prototype with the internet of things concept using raspberry pi',2023,'https://www.scopus.com/record/display.uri?eid=2-s2.0-85160099234&origin=resultslist','https://scholar.google.com/scholar?q=+intitle:\'smart laboratory prototype with the internet of things concept using raspberry pi\'','https://sinta.kemdikbud.go.id/authors/profile/6083813',NULL,'2025-04-15 20:02:03','2025-04-15 20:02:03'),
(194,'application of improved random forest method and c4.5 algorithm as classifier to ransomware detection based on the frequency appearance of api calls',2021,'https://www.scopus.com/record/display.uri?eid=2-s2.0-85133540817&origin=resultslist',NULL,'https://sinta.kemdikbud.go.id/authors/profile/6083813',NULL,'2025-04-15 20:02:03','2025-04-15 20:02:03'),
(195,'cryptograph rsa and compression shannon fano text file services at mobile devices',2020,'https://www.scopus.com/record/display.uri?eid=2-s2.0-85091768988&origin=resultslist',NULL,'https://sinta.kemdikbud.go.id/authors/profile/6083813',NULL,'2025-04-15 20:02:03','2025-04-15 20:02:03'),
(196,'unjuk kerja teknik kriptografi kombinasi aes - turbo code dengan variasi ukuran frame',2024,NULL,'https://scholar.google.com/scholar?q=+intitle:\'unjuk kerja teknik kriptografi kombinasi aes - turbo code dengan variasi ukuran frame\'','https://sinta.kemdikbud.go.id/authors/profile/6083813',NULL,'2025-04-15 20:02:03','2025-04-15 20:02:03'),
(197,'the determination of aplace of popular tourism on the island of madura using weighted product (wp)',2023,NULL,'https://scholar.google.com/scholar?q=+intitle:\'the determination of aplace of popular tourism on the island of madura using weighted product (wp)\'','https://sinta.kemdikbud.go.id/authors/profile/6083813',NULL,'2025-04-15 20:02:03','2025-04-15 20:02:03'),
(198,'implementation of the rivest cipher 4 method web-based employee data',2023,NULL,'https://scholar.google.com/scholar?q=+intitle:\'implementation of the rivest cipher 4 method web-based employee data\'','https://sinta.kemdikbud.go.id/authors/profile/6083813',NULL,'2025-04-15 20:02:03','2025-04-15 20:02:03'),
(199,'secure data flow messaging on web socket using rivest code 6',2022,NULL,'https://scholar.google.com/scholar?q=+intitle:\'secure data flow messaging on web socket using rivest code 6\'','https://sinta.kemdikbud.go.id/authors/profile/6083813',NULL,'2025-04-15 20:02:03','2025-04-15 20:02:03'),
(200,'application of improved random forest method and c4. 5 algorithm as classifier to ransomware detection based on the frequency appearance of api calls',2021,NULL,'https://scholar.google.com/scholar?q=+intitle:\'application of improved random forest method and c4. 5 algorithm as classifier to ransomware detection based on the frequency appearance of api calls\'','https://sinta.kemdikbud.go.id/authors/profile/6083813',NULL,'2025-04-15 20:02:03','2025-04-15 20:02:03'),
(201,'model of e-supply chain by adopting block chain technology in salt smes in indonesia',2021,NULL,'https://scholar.google.com/scholar?q=+intitle:\'model of e-supply chain by adopting block chain technology in salt smes in indonesia\'','https://sinta.kemdikbud.go.id/authors/profile/6083813',NULL,'2025-04-15 20:02:03','2025-04-15 20:02:03'),
(202,'performances combination schemes aes-turbo code based-on keys length',2021,NULL,'https://scholar.google.com/scholar?q=+intitle:\'performances combination schemes aes-turbo code based-on keys length\'','https://sinta.kemdikbud.go.id/authors/profile/6083813',NULL,'2025-04-15 20:02:03','2025-04-15 20:02:03'),
(203,'analisa manajemen resiko keamanull informasi pada kantor pelayanull pajak pratama xyz',2016,NULL,NULL,'https://sinta.kemdikbud.go.id/authors/profile/6083813','https://garuda.kemdikbud.go.id/documents/detail/1759887','2025-04-15 20:02:03','2025-04-15 20:02:03'),
(204,'unjuk kerja intrusion prevention sistem (ips) berbasis suricata pada jaringan lokal area network laboratorium tia+ teknik informatika, universitas trunojoyo',2014,NULL,NULL,'https://sinta.kemdikbud.go.id/authors/profile/6083813','https://garuda.kemdikbud.go.id/documents/detail/1620110','2025-04-15 20:02:03','2025-04-15 20:02:03'),
(205,'analisys design intrusion prevention system (ips) based suricata',2014,NULL,NULL,'https://sinta.kemdikbud.go.id/authors/profile/6083813','https://garuda.kemdikbud.go.id/documents/detail/398580','2025-04-15 20:02:03','2025-04-15 20:02:03'),
(206,'tata ruang dan penilaian dampak lingkungan industri di bangkalan pasca pembangunull jembatan suramadu berdasarkan potensi daerah',2010,NULL,NULL,'https://sinta.kemdikbud.go.id/authors/profile/6083813','https://garuda.kemdikbud.go.id/documents/detail/2323726','2025-04-15 20:02:03','2025-04-15 20:02:03'),
(207,'interleaver optimal turbo code pada kanal flat fading',2009,NULL,NULL,'https://sinta.kemdikbud.go.id/authors/profile/6083813','https://garuda.kemdikbud.go.id/documents/detail/1759968','2025-04-15 20:02:03','2025-04-15 20:02:03'),
(208,'salt sales forecasting system with double exponential smoothing',2024,'https://www.scopus.com/record/display.uri?eid=2-s2.0-85200666804&origin=resultslist','https://scholar.google.com/scholar?q=+intitle:\'salt sales forecasting system with double exponential smoothing\'','https://sinta.kemdikbud.go.id/authors/profile/5975340',NULL,'2025-04-15 20:02:03','2025-04-15 20:02:03'),
(209,'combination of extraction features in detecting disease in corn stalks using gradient boosting method',2024,'https://www.scopus.com/record/display.uri?eid=2-s2.0-85200669650&origin=resultslist',NULL,'https://sinta.kemdikbud.go.id/authors/profile/5975340',NULL,'2025-04-15 20:02:03','2025-04-15 20:02:03'),
(210,'classification of salt quality using weighted k-nearest neighbor method (wknn)',2024,'https://www.scopus.com/record/display.uri?eid=2-s2.0-85200684984&origin=resultslist','https://scholar.google.com/scholar?q=+intitle:\'classification of salt quality using weighted k-nearest neighbor method (wknn)\'','https://sinta.kemdikbud.go.id/authors/profile/5975340',NULL,'2025-04-15 20:02:03','2025-04-15 20:02:03'),
(211,'deep learning optimization of the efficiennet architecture for classification of tuberculosis bacteria',2024,'https://www.scopus.com/record/display.uri?eid=2-s2.0-85208016139&origin=resultslist',NULL,'https://sinta.kemdikbud.go.id/authors/profile/5975340',NULL,'2025-04-15 20:02:03','2025-04-15 20:02:03'),
(212,'classification of salt quality based on the content of several elements in the salt using machine learning',2024,'https://www.scopus.com/record/display.uri?eid=2-s2.0-85192395574&origin=resultslist',NULL,'https://sinta.kemdikbud.go.id/authors/profile/5975340',NULL,'2025-04-15 20:02:03','2025-04-15 20:02:03'),
(213,'sentiment analysis of public opinion towards tourism in bangkalan regency using nave bayes method',2024,'https://www.scopus.com/record/display.uri?eid=2-s2.0-85189244125&origin=resultslist',NULL,'https://sinta.kemdikbud.go.id/authors/profile/5975340',NULL,'2025-04-15 20:02:03','2025-04-15 20:02:03'),
(214,'corn stalk disease classification using random forest combination of extraction features',2024,'https://www.scopus.com/record/display.uri?eid=2-s2.0-85186180267&origin=resultslist','https://scholar.google.com/scholar?q=+intitle:\'corn stalk disease classification using random forest combination of extraction features\'','https://sinta.kemdikbud.go.id/authors/profile/5975340',NULL,'2025-04-15 20:02:03','2025-04-15 20:02:03'),
(215,'comparison of cnn architectures for mycobacterium tuberculosis classification in sputum images',2024,'https://www.scopus.com/record/display.uri?eid=2-s2.0-85188207979&origin=resultslist',NULL,'https://sinta.kemdikbud.go.id/authors/profile/5975340',NULL,'2025-04-15 20:02:03','2025-04-15 20:02:03'),
(216,'classification of tourism destination review texts based on sentiment using k-nearest neighbor with information gain feature selection',2024,'https://www.scopus.com/record/display.uri?eid=2-s2.0-85200660184&origin=resultslist',NULL,'https://sinta.kemdikbud.go.id/authors/profile/5975340',NULL,'2025-04-15 20:02:03','2025-04-15 20:02:03'),
(217,'analysis of tuberculosis patient data distribution using the aggregation function',2023,'https://www.scopus.com/record/display.uri?eid=2-s2.0-85146499862&origin=resultslist',NULL,'https://sinta.kemdikbud.go.id/authors/profile/5975340',NULL,'2025-04-15 20:02:03','2025-04-15 20:02:03'),
(218,'penerapan algoritma k-means, dbscan, dan ahc untuk clustering kualitas garam pada pt. garam (persero)',2025,NULL,'https://scholar.google.com/scholar?q=+intitle:\'penerapan algoritma k-means, dbscan, dan ahc untuk clustering kualitas garam pada pt. garam (persero)\'','https://sinta.kemdikbud.go.id/authors/profile/5975340',NULL,'2025-04-15 20:02:03','2025-04-15 20:02:03'),
(219,'comparison of cnn architectures for mycobacterium tuberculosis classification in sputum images.',2024,NULL,'https://scholar.google.com/scholar?q=+intitle:\'comparison of cnn architectures for mycobacterium tuberculosis classification in sputum images.\'','https://sinta.kemdikbud.go.id/authors/profile/5975340',NULL,'2025-04-15 20:02:03','2025-04-15 20:02:03'),
(220,'classification of hypertension disease using artificial neural network (ann) backpropagation method case study in mitigating health risk: upt modopuro mojokerto health center',2024,NULL,'https://scholar.google.com/scholar?q=+intitle:\'classification of hypertension disease using artificial neural network (ann) backpropagation method case study in mitigating health risk: upt modopuro mojokerto health center\'','https://sinta.kemdikbud.go.id/authors/profile/5975340',NULL,'2025-04-15 20:02:03','2025-04-15 20:02:03'),
(221,'classification of salt quality based on the content of several elements in the salt using machine learning.',2024,NULL,'https://scholar.google.com/scholar?q=+intitle:\'classification of salt quality based on the content of several elements in the salt using machine learning.\'','https://sinta.kemdikbud.go.id/authors/profile/5975340',NULL,'2025-04-15 20:02:03','2025-04-15 20:02:03'),
(222,'determination of k values in the k means clustering algorithm for national salt commodities',2024,NULL,'https://scholar.google.com/scholar?q=+intitle:\'determination of k values in the k means clustering algorithm for national salt commodities\'','https://sinta.kemdikbud.go.id/authors/profile/5975340',NULL,'2025-04-15 20:02:03','2025-04-15 20:02:03'),
(223,'classification of diabetes mellitus disease at rato ebuh hospital-indonesia using the k-nearest neighbors method based on missing value',2024,NULL,'https://scholar.google.com/scholar?q=+intitle:\'classification of diabetes mellitus disease at rato ebuh hospital-indonesia using the k-nearest neighbors method based on missing value\'','https://sinta.kemdikbud.go.id/authors/profile/5975340',NULL,'2025-04-15 20:02:03','2025-04-15 20:02:03'),
(224,'deep learning optimization of the efficiennet architecture for classification of tuberculosis bacteria.',2024,NULL,'https://scholar.google.com/scholar?q=+intitle:\'deep learning optimization of the efficiennet architecture for classification of tuberculosis bacteria.\'','https://sinta.kemdikbud.go.id/authors/profile/5975340',NULL,'2025-04-15 20:02:03','2025-04-15 20:02:03'),
(225,'application based of tourist attraction selection with fuzzy tahani',2020,NULL,NULL,'https://sinta.kemdikbud.go.id/authors/profile/5975340','https://garuda.kemdikbud.go.id/documents/detail/3124109','2025-04-15 20:02:03','2025-04-15 20:02:03'),
(226,'penerapan metode certainty factor untuk diagnosis penyakit pada anak',2020,NULL,NULL,'https://sinta.kemdikbud.go.id/authors/profile/5975340','https://garuda.kemdikbud.go.id/documents/detail/1719417','2025-04-15 20:02:03','2025-04-15 20:02:03'),
(227,'salt quality determination using simple additive weighting (saw) and analytical hirarki process (ahp) methods',2019,NULL,NULL,'https://sinta.kemdikbud.go.id/authors/profile/5975340','https://garuda.kemdikbud.go.id/documents/detail/2273415','2025-04-15 20:02:03','2025-04-15 20:02:03'),
(228,'desain model peramalan jumlah kerusakan sim card',2018,NULL,NULL,'https://sinta.kemdikbud.go.id/authors/profile/5975340','https://garuda.kemdikbud.go.id/documents/detail/875316','2025-04-15 20:02:03','2025-04-15 20:02:03'),
(229,'predicting the final result of student national test with extreme learning machine',2018,NULL,NULL,'https://sinta.kemdikbud.go.id/authors/profile/5975340','https://garuda.kemdikbud.go.id/documents/detail/3051743','2025-04-15 20:02:03','2025-04-15 20:02:03'),
(230,'sistem peramalan stok obat menggunakan metode exponential smoothing',2015,NULL,NULL,'https://sinta.kemdikbud.go.id/authors/profile/5975340','https://garuda.kemdikbud.go.id/documents/detail/395468','2025-04-15 20:02:03','2025-04-15 20:02:03'),
(231,'forecasting ginger harvest yields: a comparative study of double exponential smoothing and long short-term memory models',2024,'https://www.scopus.com/record/display.uri?eid=2-s2.0-85197892599&origin=resultslist',NULL,'https://sinta.kemdikbud.go.id/authors/profile/6765122',NULL,'2025-04-15 20:02:03','2025-04-15 20:02:03'),
(232,'performance test of naive bayes and svm methods on classification of malnutrition status in children',2024,'https://www.scopus.com/record/display.uri?eid=2-s2.0-85187880359&origin=resultslist','https://scholar.google.com/scholar?q=+intitle:\'performance test of naive bayes and svm methods on classification of malnutrition status in children\'','https://sinta.kemdikbud.go.id/authors/profile/6765122',NULL,'2025-04-15 20:02:03','2025-04-15 20:02:03'),
(233,'design of k-means method segmentation for visitor characteristics of bangkalan cultural heritage tourism',2023,'https://www.scopus.com/record/display.uri?eid=2-s2.0-85146513297&origin=resultslist',NULL,'https://sinta.kemdikbud.go.id/authors/profile/6765122',NULL,'2025-04-15 20:02:03','2025-04-15 20:02:03'),
(234,'the design of the least square method on sales of admission tickets to madura tourism in forecasting cases',2023,'https://www.scopus.com/record/display.uri?eid=2-s2.0-85146525637&origin=resultslist',NULL,'https://sinta.kemdikbud.go.id/authors/profile/6765122',NULL,'2025-04-15 20:02:03','2025-04-15 20:02:03'),
(235,'air temperature forecasting based on stacking machine learning model with multi-step time series',2023,'https://www.scopus.com/record/display.uri?eid=2-s2.0-85186492585&origin=resultslist',NULL,'https://sinta.kemdikbud.go.id/authors/profile/6765122',NULL,'2025-04-15 20:02:03','2025-04-15 20:02:03'),
(236,'feature selection to increase the attractiveness of visitors in bangkalan tourism, madura based on chi-square method',2023,'https://www.scopus.com/record/display.uri?eid=2-s2.0-85146513067&origin=resultslist',NULL,'https://sinta.kemdikbud.go.id/authors/profile/6765122',NULL,'2025-04-15 20:02:03','2025-04-15 20:02:03'),
(237,'comparison of k-means and k-medoids in tourist attraction clustering based on visitor characteristics',2022,'https://www.scopus.com/record/display.uri?eid=2-s2.0-85149522482&origin=resultslist',NULL,'https://sinta.kemdikbud.go.id/authors/profile/6765122',NULL,'2025-04-15 20:02:03','2025-04-15 20:02:03'),
(238,'selection system of madura tourism object as the best recommendation based on comparative analysis of k-nn and naive bayes methods',2022,'https://www.scopus.com/record/display.uri?eid=2-s2.0-85149582164&origin=resultslist',NULL,'https://sinta.kemdikbud.go.id/authors/profile/6765122',NULL,'2025-04-15 20:02:03','2025-04-15 20:02:03'),
(239,'analysis of clusters number effect based on k-means method for tourist attractions segmentation',2022,'https://www.scopus.com/record/display.uri?eid=2-s2.0-85146704886&origin=resultslist',NULL,'https://sinta.kemdikbud.go.id/authors/profile/6765122',NULL,'2025-04-15 20:02:03','2025-04-15 20:02:03'),
(240,'grouping madura tourism objects with comparison of clustering methods',2022,'https://www.scopus.com/record/display.uri?eid=2-s2.0-85147088242&origin=resultslist',NULL,'https://sinta.kemdikbud.go.id/authors/profile/6765122',NULL,'2025-04-15 20:02:03','2025-04-15 20:02:03'),
(241,'time series method for forecasting model for amount of ginger plant production',2025,NULL,'https://scholar.google.com/scholar?q=+intitle:\'time series method for forecasting model for amount of ginger plant production\'','https://sinta.kemdikbud.go.id/authors/profile/6765122',NULL,'2025-04-15 20:02:03','2025-04-15 20:02:03'),
(242,'forecasting ginger harvest yields: a comparative study of double exponential smoothing and long short-term memory models.',2024,NULL,'https://scholar.google.com/scholar?q=+intitle:\'forecasting ginger harvest yields: a comparative study of double exponential smoothing and long short-term memory models.\'','https://sinta.kemdikbud.go.id/authors/profile/6765122',NULL,'2025-04-15 20:02:03','2025-04-15 20:02:03'),
(243,'development of a tourist destination object search application as a madura tourism information media using addie model',2024,NULL,'https://scholar.google.com/scholar?q=+intitle:\'development of a tourist destination object search application as a madura tourism information media using addie model\'','https://sinta.kemdikbud.go.id/authors/profile/6765122','https://garuda.kemdikbud.go.id/documents/detail/4496303','2025-04-15 20:02:03','2025-04-15 20:02:03'),
(244,'implementasi payment gateway pada marketplace digital product berbasis website dengan menggunakan metode agile',2024,NULL,'https://scholar.google.com/scholar?q=+intitle:\'implementasi payment gateway pada marketplace digital product berbasis website dengan menggunakan metode agile\'','https://sinta.kemdikbud.go.id/authors/profile/6765122',NULL,'2025-04-15 20:02:03','2025-04-15 20:02:03'),
(245,'implementasi support vector machine (svm) dengan query expansion ranking pada review penggunaan jamu madura',2024,NULL,'https://scholar.google.com/scholar?q=+intitle:\'implementasi support vector machine (svm) dengan query expansion ranking pada review penggunaan jamu madura\'','https://sinta.kemdikbud.go.id/authors/profile/6765122',NULL,'2025-04-15 20:02:03','2025-04-15 20:02:03'),
(246,'prediction model for tourism object ticket determination in bangkalan, madura, indonesia',2023,NULL,'https://scholar.google.com/scholar?q=+intitle:\'prediction model for tourism object ticket determination in bangkalan, madura, indonesia\'','https://sinta.kemdikbud.go.id/authors/profile/6765122','https://garuda.kemdikbud.go.id/documents/detail/4167234','2025-04-15 20:02:03','2025-04-15 20:02:03'),
(247,'prediksi jumlah penderita stunting di madura dengan pendekatan machine learning',2023,NULL,'https://scholar.google.com/scholar?q=+intitle:\'prediksi jumlah penderita stunting di madura dengan pendekatan machine learning\'','https://sinta.kemdikbud.go.id/authors/profile/6765122','https://garuda.kemdikbud.go.id/documents/detail/4368764','2025-04-15 20:02:03','2025-04-15 20:02:03'),
(248,'implementation of the naive bayes and simple additive weighting methods in the feasibility selection of village cash assistance recipients',2023,NULL,'https://scholar.google.com/scholar?q=+intitle:\'implementation of the naive bayes and simple additive weighting methods in the feasibility selection of village cash assistance recipients\'','https://sinta.kemdikbud.go.id/authors/profile/6765122','https://garuda.kemdikbud.go.id/documents/detail/3498372','2025-04-15 20:02:03','2025-04-15 20:02:03'),
(249,'visitor decision system in selection of tourist sites based on hybrid of chi-square and k-nn methods',2023,NULL,'https://scholar.google.com/scholar?q=+intitle:\'visitor decision system in selection of tourist sites based on hybrid of chi-square and k-nn methods\'','https://sinta.kemdikbud.go.id/authors/profile/6765122','https://garuda.kemdikbud.go.id/documents/detail/4135366','2025-04-15 20:02:03','2025-04-15 20:02:03'),
(250,'k-nearest neighbors method for recommendation system in bangkalans tourism',2023,NULL,NULL,'https://sinta.kemdikbud.go.id/authors/profile/6765122','https://garuda.kemdikbud.go.id/documents/detail/3471443','2025-04-15 20:02:03','2025-04-15 20:02:03'),
(251,'implementation of website performance evaluation with similarweb on academic websites',2022,NULL,NULL,'https://sinta.kemdikbud.go.id/authors/profile/6765122','https://garuda.kemdikbud.go.id/documents/detail/2828559','2025-04-15 20:02:03','2025-04-15 20:02:03'),
(252,'deteksi cyberbullying pada data tweet menggunakan metode random forest dan seleksi fitur information gain',2022,NULL,NULL,'https://sinta.kemdikbud.go.id/authors/profile/6765122','https://garuda.kemdikbud.go.id/documents/detail/3208348','2025-04-15 20:02:03','2025-04-15 20:02:03'),
(253,'klasifikasi jenis rempah penghasil minyak atsiri menggunakan metode machine learning',2022,NULL,NULL,'https://sinta.kemdikbud.go.id/authors/profile/6765122','https://garuda.kemdikbud.go.id/documents/detail/3428195','2025-04-15 20:02:03','2025-04-15 20:02:03'),
(254,'perancangan antarmuka pengguna sistem informasi akademik berbasis wireframing',2022,NULL,NULL,'https://sinta.kemdikbud.go.id/authors/profile/6765122','https://garuda.kemdikbud.go.id/documents/detail/3428218','2025-04-15 20:02:03','2025-04-15 20:02:03'),
(255,'madurese language learning system for beginners, design and build using finite state automata(fsa) to support the preservation of indonesian regional languages',2024,'https://www.scopus.com/record/display.uri?eid=2-s2.0-85200694160&origin=resultslist',NULL,'https://sinta.kemdikbud.go.id/authors/profile/6109925',NULL,'2025-04-15 20:02:03','2025-04-15 20:02:03'),
(256,'informal indonesian part-of-speech tagger using hidden markov model and normalization algorithm',2023,'https://www.scopus.com/record/display.uri?eid=2-s2.0-85182274083&origin=resultslist','https://scholar.google.com/scholar?q=+intitle:\'informal indonesian part-of-speech tagger using hidden markov model and normalization algorithm\'','https://sinta.kemdikbud.go.id/authors/profile/6109925',NULL,'2025-04-15 20:02:03','2025-04-15 20:02:03'),
(257,'character-based string matching similarity algorithms for madurese spelling correction: a preliminary study',2023,'https://www.scopus.com/record/display.uri?eid=2-s2.0-85182274336&origin=resultslist',NULL,'https://sinta.kemdikbud.go.id/authors/profile/6109925',NULL,'2025-04-15 20:02:03','2025-04-15 20:02:03'),
(258,'madureseset: madurese-indonesian dataset',2023,'https://www.scopus.com/record/display.uri?eid=2-s2.0-85150419650&origin=resultslist','https://scholar.google.com/scholar?q=+intitle:\'madureseset: madurese-indonesian dataset\'','https://sinta.kemdikbud.go.id/authors/profile/6109925',NULL,'2025-04-15 20:02:03','2025-04-15 20:02:03'),
(259,'query expansion using pseudo relevance feedback based on the bahasa version of the wikipedia dataset',2023,'https://www.scopus.com/record/display.uri?eid=2-s2.0-85146506382&origin=resultslist','https://scholar.google.com/scholar?q=+intitle:\'query expansion using pseudo relevance feedback based on the bahasa version of the wikipedia dataset\'','https://sinta.kemdikbud.go.id/authors/profile/6109925',NULL,'2025-04-15 20:02:03','2025-04-15 20:02:03'),
(260,'implementing set-valued k-modes clustering technique to enhance the quality of library book recommendation system using hybrid semantic ontology-based model',2023,'https://www.scopus.com/record/display.uri?eid=2-s2.0-85186119666&origin=resultslist','https://scholar.google.com/scholar?q=+intitle:\'implementing set-valued k-modes clustering technique to enhance the quality of library book recommendation system using hybrid semantic ontology-based model\'','https://sinta.kemdikbud.go.id/authors/profile/6109925',NULL,'2025-04-15 20:02:03','2025-04-15 20:02:03'),
(261,'boosting the performance of hybrid semantic ontology-based model using density rough k-modes clustering technique on library book recommendation system',2023,'https://www.scopus.com/record/display.uri?eid=2-s2.0-85186516014&origin=resultslist','https://scholar.google.com/scholar?q=+intitle:\'boosting the performance of hybrid semantic ontology-based model using density rough k-modes clustering technique on library book recommendation system\'','https://sinta.kemdikbud.go.id/authors/profile/6109925',NULL,'2025-04-15 20:02:03','2025-04-15 20:02:03'),
(262,'a novel deterministic algorithm for optimizing workflow discovery with short-loops in large event-log',2023,'https://www.scopus.com/record/display.uri?eid=2-s2.0-85191336941&origin=resultslist',NULL,'https://sinta.kemdikbud.go.id/authors/profile/6109925',NULL,'2025-04-15 20:02:03','2025-04-15 20:02:03'),
(263,'the implementation of hybrid semantic ontology-based model on movie recommendation system',2022,'https://www.scopus.com/record/display.uri?eid=2-s2.0-85149129331&origin=resultslist',NULL,'https://sinta.kemdikbud.go.id/authors/profile/6109925',NULL,'2025-04-15 20:02:03','2025-04-15 20:02:03'),
(264,'modifiedecs (mecs) algorithm for madurese-indonesian rule-based machine translation',2022,'https://www.scopus.com/record/display.uri?eid=2-s2.0-85149525092&origin=resultslist',NULL,'https://sinta.kemdikbud.go.id/authors/profile/6109925',NULL,'2025-04-15 20:02:03','2025-04-15 20:02:03'),
(265,'deteksi kemiripan dokumen abstrak skripsi menggunakan metode jaro-winkler distance dan synonym recognition',2024,NULL,'https://scholar.google.com/scholar?q=+intitle:\'deteksi kemiripan dokumen abstrak skripsi menggunakan metode jaro-winkler distance dan synonym recognition\'','https://sinta.kemdikbud.go.id/authors/profile/6109925',NULL,'2025-04-15 20:02:03','2025-04-15 20:02:03'),
(266,'leveraging hybrid semantic ontology-based model for library book recommendation system',2024,NULL,'https://scholar.google.com/scholar?q=+intitle:\'leveraging hybrid semantic ontology-based model for library book recommendation system\'','https://sinta.kemdikbud.go.id/authors/profile/6109925',NULL,'2025-04-15 20:02:03','2025-04-15 20:02:03'),
(267,'madurese language learning system for beginners, design and build using finite state automata (fsa) to support the preservation of indonesian regional languages',2024,NULL,'https://scholar.google.com/scholar?q=+intitle:\'madurese language learning system for beginners, design and build using finite state automata (fsa) to support the preservation of indonesian regional languages\'','https://sinta.kemdikbud.go.id/authors/profile/6109925',NULL,'2025-04-15 20:02:03','2025-04-15 20:02:03'),
(268,'pos tagging for informal data in platform x using word2vec and bidirectional lstm',2024,NULL,'https://scholar.google.com/scholar?q=+intitle:\'pos tagging for informal data in platform x using word2vec and bidirectional lstm\'','https://sinta.kemdikbud.go.id/authors/profile/6109925',NULL,'2025-04-15 20:02:03','2025-04-15 20:02:03'),
(269,'chatbot cerdas sebagai helpdesk objek wisata menggunakan algoritma smith-waterman',2023,NULL,'https://scholar.google.com/scholar?q=+intitle:\'chatbot cerdas sebagai helpdesk objek wisata menggunakan algoritma smith-waterman\'','https://sinta.kemdikbud.go.id/authors/profile/6109925',NULL,'2025-04-15 20:02:03','2025-04-15 20:02:03'),
(270,'pendekatan data science untuk mengukur empati masyarakat terhadap pandemi menggunakan analisis sentimen dan seleksi fitur',2022,NULL,NULL,'https://sinta.kemdikbud.go.id/authors/profile/6109925','https://garuda.kemdikbud.go.id/documents/detail/3954921','2025-04-15 20:02:03','2025-04-15 20:02:03'),
(271,'rencana strategi teknologi informasi pada perguruan tinggi di indonesia: sebuah tinjauan pustaka',2021,NULL,NULL,'https://sinta.kemdikbud.go.id/authors/profile/6109925','https://garuda.kemdikbud.go.id/documents/detail/2182482','2025-04-15 20:02:03','2025-04-15 20:02:03'),
(272,'deep convolutional neural network alexnet and squeezenet for maize leaf diseases image classification',2021,NULL,NULL,'https://sinta.kemdikbud.go.id/authors/profile/6109925','https://garuda.kemdikbud.go.id/documents/detail/2410971','2025-04-15 20:02:03','2025-04-15 20:02:03'),
(273,'pembekalan pemrograman dasar komputer bagi guru tik dan siswa terpilih di tiga mitra sma kabupaten bangkalan',2016,NULL,NULL,'https://sinta.kemdikbud.go.id/authors/profile/6109925','https://garuda.kemdikbud.go.id/documents/detail/592891','2025-04-15 20:02:03','2025-04-15 20:02:03'),
(274,'blended learning implementation of outcome-based education curriculum in learning management systems',2024,'https://www.scopus.com/record/display.uri?eid=2-s2.0-85189244476&origin=resultslist','https://scholar.google.com/scholar?q=+intitle:\'blended learning implementation of outcome-based education curriculum in learning management systems\'','https://sinta.kemdikbud.go.id/authors/profile/76624',NULL,'2025-04-15 20:02:03','2025-04-15 20:02:03'),
(275,'utilization of the internet of things for monitoring salt houses with fuzzy logic rule-based model',2024,'https://www.scopus.com/record/display.uri?eid=2-s2.0-85189246766&origin=resultslist','https://scholar.google.com/scholar?q=+intitle:\'utilization of the internet of things for monitoring salt houses with fuzzy logic rule-based model\'','https://sinta.kemdikbud.go.id/authors/profile/76624',NULL,'2025-04-15 20:02:03','2025-04-15 20:02:03'),
(276,'salt sales forecasting system with double exponential smoothing',2024,'https://www.scopus.com/record/display.uri?eid=2-s2.0-85200666804&origin=resultslist','https://scholar.google.com/scholar?q=+intitle:\'salt sales forecasting system with double exponential smoothing\'','https://sinta.kemdikbud.go.id/authors/profile/76624',NULL,'2025-04-15 20:02:03','2025-04-15 20:02:03'),
(277,'madurese language learning system for beginners, design and build using finite state automata(fsa) to support the preservation of indonesian regional languages',2024,'https://www.scopus.com/record/display.uri?eid=2-s2.0-85200694160&origin=resultslist',NULL,'https://sinta.kemdikbud.go.id/authors/profile/76624',NULL,'2025-04-15 20:02:03','2025-04-15 20:02:03'),
(278,'informal indonesian part-of-speech tagger using hidden markov model and normalization algorithm',2023,'https://www.scopus.com/record/display.uri?eid=2-s2.0-85182274083&origin=resultslist','https://scholar.google.com/scholar?q=+intitle:\'informal indonesian part-of-speech tagger using hidden markov model and normalization algorithm\'','https://sinta.kemdikbud.go.id/authors/profile/76624',NULL,'2025-04-15 20:02:03','2025-04-15 20:02:03'),
(279,'automatic text summarization of madura tourism articles using tf-idf and k-medoid clustering',2022,'https://www.scopus.com/record/display.uri?eid=2-s2.0-85147091428&origin=resultslist','https://scholar.google.com/scholar?q=+intitle:\'automatic text summarization of madura tourism articles using tf-idf and k-medoid clustering\'','https://sinta.kemdikbud.go.id/authors/profile/76624',NULL,'2025-04-15 20:02:03','2025-04-15 20:02:03'),
(280,'advancement of information extraction use in legal documents',2021,'https://www.scopus.com/record/display.uri?eid=2-s2.0-85112303636&origin=resultslist',NULL,'https://sinta.kemdikbud.go.id/authors/profile/76624',NULL,'2025-04-15 20:02:03','2025-04-15 20:02:03'),
(281,'restful web service for madurese and indonesian language translator applications on android devices',2020,'https://www.scopus.com/record/display.uri?eid=2-s2.0-85100438289&origin=resultslist',NULL,'https://sinta.kemdikbud.go.id/authors/profile/76624',NULL,'2025-04-15 20:02:03','2025-04-15 20:02:03'),
(282,'finite state automata approach for text to speech translation system in indonesian-madurese language',2020,'https://www.scopus.com/record/display.uri?eid=2-s2.0-85091748738&origin=resultslist',NULL,'https://sinta.kemdikbud.go.id/authors/profile/76624',NULL,'2025-04-15 20:02:03','2025-04-15 20:02:03'),
(283,'recording of law enforcement based on court decision document using rule-based information extraction',2018,'https://www.scopus.com/record/display.uri?eid=2-s2.0-85062395161&origin=resultslist',NULL,'https://sinta.kemdikbud.go.id/authors/profile/76624',NULL,'2025-04-15 20:02:03','2025-04-15 20:02:03'),
(284,'madurese language learning system for beginners, design and build using finite state automata (fsa) to support the preservation of indonesian regional languages',2024,NULL,'https://scholar.google.com/scholar?q=+intitle:\'madurese language learning system for beginners, design and build using finite state automata (fsa) to support the preservation of indonesian regional languages\'','https://sinta.kemdikbud.go.id/authors/profile/76624',NULL,'2025-04-15 20:02:03','2025-04-15 20:02:03'),
(285,'outcome-based education scoring system utilizing modular object-oriented dynamic learning environment',2023,NULL,'https://scholar.google.com/scholar?q=+intitle:\'outcome-based education scoring system utilizing modular object-oriented dynamic learning environment\'','https://sinta.kemdikbud.go.id/authors/profile/76624','https://garuda.kemdikbud.go.id/documents/detail/4602772','2025-04-15 20:02:03','2025-04-15 20:02:03'),
(286,'comparison of support vector machine (svm), k-nearest neighbor (k-nn), and stochastic gradient descent (sgd) for classifying corn leaf disease based on histogram of oriented ',2023,NULL,'https://scholar.google.com/scholar?q=+intitle:\'comparison of support vector machine (svm), k-nearest neighbor (k-nn), and stochastic gradient descent (sgd) for classifying corn leaf disease based on histogram of oriented \'','https://sinta.kemdikbud.go.id/authors/profile/76624',NULL,'2025-04-15 20:02:03','2025-04-15 20:02:03'),
(287,'design and development of backend application for thesis management system using microservice architecture and restful api',2023,NULL,'https://scholar.google.com/scholar?q=+intitle:\'design and development of backend application for thesis management system using microservice architecture and restful api\'','https://sinta.kemdikbud.go.id/authors/profile/76624','https://garuda.kemdikbud.go.id/documents/detail/3635199','2025-04-15 20:02:03','2025-04-15 20:02:03'),
(288,'comparison of support vector machine (svm), k-nearest neighbor (k-nn), and stochastic gradient descent (sgd) for classifying corn leaf disease based on histogram of oriented gradients (hog) feature extraction',2023,NULL,NULL,'https://sinta.kemdikbud.go.id/authors/profile/76624','https://garuda.kemdikbud.go.id/documents/detail/3553402','2025-04-15 20:02:03','2025-04-15 20:02:03'),
(289,'penerapan metode seo on page dan off page pada web penjualan online untuk meningkatkan ranking serp',2019,NULL,NULL,'https://sinta.kemdikbud.go.id/authors/profile/76624','https://garuda.kemdikbud.go.id/documents/detail/987604','2025-04-15 20:02:03','2025-04-15 20:02:03'),
(290,'pengembanganm-learning bahasa arab berbasis ltsa dengan pendekatan addie',2017,NULL,NULL,'https://sinta.kemdikbud.go.id/authors/profile/76624','https://garuda.kemdikbud.go.id/documents/detail/1850636','2025-04-15 20:02:03','2025-04-15 20:02:03'),
(291,'efektivitas penggunaan stoplist kata umum dari dokumen hasil klasifikasi pretopology',2017,NULL,NULL,'https://sinta.kemdikbud.go.id/authors/profile/76624','https://garuda.kemdikbud.go.id/documents/detail/1707943','2025-04-15 20:02:03','2025-04-15 20:02:03'),
(292,'implementasi arsitektur mvc pada aplikasi asrama untuk meningkatkan efisiensi proses manajemen data asrama',2017,NULL,NULL,'https://sinta.kemdikbud.go.id/authors/profile/76624','https://garuda.kemdikbud.go.id/documents/detail/1275792','2025-04-15 20:02:03','2025-04-15 20:02:03'),
(293,'aplikasi penilaian kuliah kerja nyata universitas trunojoyo madura menggunakan metode rating scale',2017,NULL,NULL,'https://sinta.kemdikbud.go.id/authors/profile/76624','https://garuda.kemdikbud.go.id/documents/detail/1759797','2025-04-15 20:02:03','2025-04-15 20:02:03'),
(294,'perancangan dan pembuatan aplikasi pencarian informasi beasiswa dengan menggunakan cosine similarity',2014,NULL,NULL,'https://sinta.kemdikbud.go.id/authors/profile/76624','https://garuda.kemdikbud.go.id/documents/detail/1850599','2025-04-15 20:02:03','2025-04-15 20:02:03'),
(295,'a novel hybrid convolutional and network encapsulation approach in efficientnetv2-s architecture for acute lymphoblastic leukemia classification',2024,'https://www.scopus.com/record/display.uri?eid=2-s2.0-85207889044&origin=resultslist',NULL,'https://sinta.kemdikbud.go.id/authors/profile/6667779',NULL,'2025-04-15 20:02:03','2025-04-15 20:02:03'),
(296,'corn stalk disease classification using random forest combination of extraction features',2024,'https://www.scopus.com/record/display.uri?eid=2-s2.0-85186180267&origin=resultslist',NULL,'https://sinta.kemdikbud.go.id/authors/profile/6667779',NULL,'2025-04-15 20:02:03','2025-04-15 20:02:03'),
(297,'accelerating real-time deterministic discovery through single instruction multiple data graphical processor unit for executing distributed event logs',2024,'https://www.scopus.com/record/display.uri?eid=2-s2.0-85195216482&origin=resultslist',NULL,'https://sinta.kemdikbud.go.id/authors/profile/6667779',NULL,'2025-04-15 20:02:03','2025-04-15 20:02:03'),
(298,'a novel deterministic algorithm for optimizing workflow discovery with short-loops in large event-log',2023,'https://www.scopus.com/record/display.uri?eid=2-s2.0-85191336941&origin=resultslist',NULL,'https://sinta.kemdikbud.go.id/authors/profile/6667779',NULL,'2025-04-15 20:02:03','2025-04-15 20:02:03'),
(299,'a more efficient deterministic algorithm in process model discovery',2018,'https://www.scopus.com/record/display.uri?eid=2-s2.0-85046496611&origin=resultslist',NULL,'https://sinta.kemdikbud.go.id/authors/profile/6667779',NULL,'2025-04-15 20:02:03','2025-04-15 20:02:03'),
(300,'performance measurement of project management by using fanp balanced scorecard',2016,'https://www.scopus.com/record/display.uri?eid=2-s2.0-84955067469&origin=resultslist',NULL,'https://sinta.kemdikbud.go.id/authors/profile/6667779',NULL,'2025-04-15 20:02:03','2025-04-15 20:02:03'),
(301,'colaborated architechture framework for composition uml 2.0 in zachman framework',2016,'https://www.scopus.com/record/display.uri?eid=2-s2.0-84960155269&origin=resultslist',NULL,'https://sinta.kemdikbud.go.id/authors/profile/6667779',NULL,'2025-04-15 20:02:03','2025-04-15 20:02:03'),
(302,'developing distributed system with service resource oriented architecture',2012,'https://www.scopus.com/record/display.uri?eid=2-s2.0-84883605450&origin=resultslist',NULL,'https://sinta.kemdikbud.go.id/authors/profile/6667779','https://garuda.kemdikbud.go.id/documents/detail/1882622','2025-04-15 20:02:03','2025-04-15 20:02:03'),
(303,'the structure of the community and the diversity of plankton types found in the curug gumawang area, padarincang district, serang-banten district',2024,NULL,'https://scholar.google.com/scholar?q=+intitle:\'the structure of the community and the diversity of plankton types found in the curug gumawang area, padarincang district, serang-banten district\'','https://sinta.kemdikbud.go.id/authors/profile/6667779',NULL,'2025-04-15 20:02:03','2025-04-15 20:02:03'),
(304,'implementasi algoritma k-nearest neighbors untuk menganalisis pendapat pakar ai tentang kemajuan kecerdasan buatan',2024,NULL,'https://scholar.google.com/scholar?q=+intitle:\'implementasi algoritma k-nearest neighbors untuk menganalisis pendapat pakar ai tentang kemajuan kecerdasan buatan\'','https://sinta.kemdikbud.go.id/authors/profile/6667779',NULL,'2025-04-15 20:02:03','2025-04-15 20:02:03'),
(305,'determinullts of accountability for village funds management to achieve good governullce',2024,NULL,'https://scholar.google.com/scholar?q=+intitle:\'determinullts of accountability for village funds management to achieve good governullce\'','https://sinta.kemdikbud.go.id/authors/profile/6667779',NULL,'2025-04-15 20:02:03','2025-04-15 20:02:03'),
(306,'diversity of fish types in cirahab source water and water quality for fish ecosystems in cirahab, curuggoong village padarincang district, serang-banten',2024,NULL,'https://scholar.google.com/scholar?q=+intitle:\'diversity of fish types in cirahab source water and water quality for fish ecosystems in cirahab, curuggoong village padarincang district, serang-banten\'','https://sinta.kemdikbud.go.id/authors/profile/6667779',NULL,'2025-04-15 20:02:03','2025-04-15 20:02:03'),
(307,'the application of audiovisual-based learning media to increase students\' learning interest in the material of ratios and diagrams in grade 5 sd negeri 101943 bengkel',2024,NULL,'https://scholar.google.com/scholar?q=+intitle:\'the application of audiovisual-based learning media to increase students\' learning interest in the material of ratios and diagrams in grade 5 sd negeri 101943 bengkel\'','https://sinta.kemdikbud.go.id/authors/profile/6667779',NULL,'2025-04-15 20:02:03','2025-04-15 20:02:03'),
(308,'diversity and abundance of butterfly types around in cirahab sumber area curuggoong village padarincang district serang regency',2024,NULL,'https://scholar.google.com/scholar?q=+intitle:\'diversity and abundance of butterfly types around in cirahab sumber area curuggoong village padarincang district serang regency\'','https://sinta.kemdikbud.go.id/authors/profile/6667779',NULL,'2025-04-15 20:02:03','2025-04-15 20:02:03'),
(309,'increasing the activity and outcomes of science learning through the implementation of the discovery learning model in student x at smk al khairiyah ciomas',2024,NULL,'https://scholar.google.com/scholar?q=+intitle:\'increasing the activity and outcomes of science learning through the implementation of the discovery learning model in student x at smk al khairiyah ciomas\'','https://sinta.kemdikbud.go.id/authors/profile/6667779',NULL,'2025-04-15 20:02:03','2025-04-15 20:02:03'),
(310,'analisis putusan mahkamah konstitusi republik indonesia nomor 23/puu-xix/2021 terhadap undang-undang no 37 tahun 2004 tentang kepailitan dan penundaan kewajiban pembayaran ',2024,NULL,'https://scholar.google.com/scholar?q=+intitle:\'analisis putusan mahkamah konstitusi republik indonesia nomor 23/puu-xix/2021 terhadap undang-undang no 37 tahun 2004 tentang kepailitan dan penundaan kewajiban pembayaran \'','https://sinta.kemdikbud.go.id/authors/profile/6667779',NULL,'2025-04-15 20:02:03','2025-04-15 20:02:03'),
(311,'diversity of aquatic insects as an indicator of water cleanliness in the cirahab serang-banten water sources area',2024,NULL,'https://scholar.google.com/scholar?q=+intitle:\'diversity of aquatic insects as an indicator of water cleanliness in the cirahab serang-banten water sources area\'','https://sinta.kemdikbud.go.id/authors/profile/6667779',NULL,'2025-04-15 20:02:03','2025-04-15 20:02:03'),
(312,'algoritma deterministik paralel untuk proses discovery real-time pada event-log terdistribusi',2024,NULL,'https://scholar.google.com/scholar?q=+intitle:\'algoritma deterministik paralel untuk proses discovery real-time pada event-log terdistribusi\'','https://sinta.kemdikbud.go.id/authors/profile/6667779',NULL,'2025-04-15 20:02:03','2025-04-15 20:02:03'),
(313,'efficientnetv2-s enhancement to classify acute lymphoblastic leukemia: integrating pre-trained models and grid search for optimal performance',2025,'https://www.scopus.com/record/display.uri?eid=2-s2.0-85214260701&origin=resultslist',NULL,'https://sinta.kemdikbud.go.id/authors/profile/6676401',NULL,'2025-04-15 20:02:03','2025-04-15 20:02:03'),
(314,'a novel hybrid convolutional and network encapsulation approach in efficientnetv2-s architecture for acute lymphoblastic leukemia classification',2024,'https://www.scopus.com/record/display.uri?eid=2-s2.0-85207889044&origin=resultslist',NULL,'https://sinta.kemdikbud.go.id/authors/profile/6676401',NULL,'2025-04-15 20:02:03','2025-04-15 20:02:03'),
(315,'deep learning optimization of the efficiennet architecture for classification of tuberculosis bacteria',2024,'https://www.scopus.com/record/display.uri?eid=2-s2.0-85208016139&origin=resultslist',NULL,'https://sinta.kemdikbud.go.id/authors/profile/6676401',NULL,'2025-04-15 20:02:03','2025-04-15 20:02:03'),
(316,'classification of tourism destination review texts based on sentiment using k-nearest neighbor with information gain feature selection',2024,'https://www.scopus.com/record/display.uri?eid=2-s2.0-85200660184&origin=resultslist','https://scholar.google.com/scholar?q=+intitle:\'classification of tourism destination review texts based on sentiment using k-nearest neighbor with information gain feature selection\'','https://sinta.kemdikbud.go.id/authors/profile/6676401',NULL,'2025-04-15 20:02:03','2025-04-15 20:02:03'),
(317,'classification of salt quality using weighted k-nearest neighbor method (wknn)',2024,'https://www.scopus.com/record/display.uri?eid=2-s2.0-85200684984&origin=resultslist','https://scholar.google.com/scholar?q=+intitle:\'classification of salt quality using weighted k-nearest neighbor method (wknn)\'','https://sinta.kemdikbud.go.id/authors/profile/6676401',NULL,'2025-04-15 20:02:03','2025-04-15 20:02:03'),
(318,'classification of salt quality based on the content of several elements in the salt using machine learning',2024,'https://www.scopus.com/record/display.uri?eid=2-s2.0-85192395574&origin=resultslist',NULL,'https://sinta.kemdikbud.go.id/authors/profile/6676401',NULL,'2025-04-15 20:02:03','2025-04-15 20:02:03'),
(319,'random search hyperparameter optimization for bpnn to forecasting cattle population',2024,'https://www.scopus.com/record/display.uri?eid=2-s2.0-85189238493&origin=resultslist','https://scholar.google.com/scholar?q=+intitle:\'random search hyperparameter optimization for bpnn to forecasting cattle population\'','https://sinta.kemdikbud.go.id/authors/profile/6676401',NULL,'2025-04-15 20:02:03','2025-04-15 20:02:03'),
(320,'query expansion using pseudo relevance feedback based on the bahasa version of the wikipedia dataset',2023,'https://www.scopus.com/record/display.uri?eid=2-s2.0-85146506382&origin=resultslist',NULL,'https://sinta.kemdikbud.go.id/authors/profile/6676401',NULL,'2025-04-15 20:02:03','2025-04-15 20:02:03'),
(321,'comparison of backpropagation and ernn methods in predicting corn production',2022,'https://www.scopus.com/record/display.uri?eid=2-s2.0-85123920145&origin=resultslist',NULL,'https://sinta.kemdikbud.go.id/authors/profile/6676401',NULL,'2025-04-15 20:02:03','2025-04-15 20:02:03'),
(322,'word ambiguity identification using pos tagging in automatic essay scoring',2022,'https://www.scopus.com/record/display.uri?eid=2-s2.0-85147090173&origin=resultslist',NULL,'https://sinta.kemdikbud.go.id/authors/profile/6676401',NULL,'2025-04-15 20:02:03','2025-04-15 20:02:03'),
(323,'a sentiment analysis of madura island tourism news using c4. 5 algorithm',2024,NULL,'https://scholar.google.com/scholar?q=+intitle:\'a sentiment analysis of madura island tourism news using c4. 5 algorithm\'','https://sinta.kemdikbud.go.id/authors/profile/6676401',NULL,'2025-04-15 20:02:03','2025-04-15 20:02:03'),
(324,'multiclass classification of toddler nutritional status using support vector machine: a case study of community health centers in bangkalan, indonesia',2024,NULL,'https://scholar.google.com/scholar?q=+intitle:\'multiclass classification of toddler nutritional status using support vector machine: a case study of community health centers in bangkalan, indonesia\'','https://sinta.kemdikbud.go.id/authors/profile/6676401',NULL,'2025-04-15 20:02:03','2025-04-15 20:02:03'),
(325,'classification of hypertension disease using artificial neural network (ann) backpropagation method case study in mitigating health risk: upt modopuro mojokerto health center',2024,NULL,'https://scholar.google.com/scholar?q=+intitle:\'classification of hypertension disease using artificial neural network (ann) backpropagation method case study in mitigating health risk: upt modopuro mojokerto health center\'','https://sinta.kemdikbud.go.id/authors/profile/6676401',NULL,'2025-04-15 20:02:03','2025-04-15 20:02:03'),
(326,'teknologi virtualisasi pada sistem operasi',2024,NULL,'https://scholar.google.com/scholar?q=+intitle:\'teknologi virtualisasi pada sistem operasi\'','https://sinta.kemdikbud.go.id/authors/profile/6676401',NULL,'2025-04-15 20:02:03','2025-04-15 20:02:03'),
(327,'sentiment analysis of imbalanced tourism news dataset using random forest with particle swarm optimization and synthetic minority oversampling',2024,NULL,'https://scholar.google.com/scholar?q=+intitle:\'sentiment analysis of imbalanced tourism news dataset using random forest with particle swarm optimization and synthetic minority oversampling\'','https://sinta.kemdikbud.go.id/authors/profile/6676401',NULL,'2025-04-15 20:02:03','2025-04-15 20:02:03'),
(328,'koreksi kesalahan ejaan pada pencarian artikel pariwisata berbahasa indonesia menggunakan levenshtein distance',2024,NULL,'https://scholar.google.com/scholar?q=+intitle:\'koreksi kesalahan ejaan pada pencarian artikel pariwisata berbahasa indonesia menggunakan levenshtein distance\'','https://sinta.kemdikbud.go.id/authors/profile/6676401',NULL,'2025-04-15 20:02:03','2025-04-15 20:02:03'),
(329,'pengembangan kurikulum pai berbasis kearifan lokal',2024,NULL,'https://scholar.google.com/scholar?q=+intitle:\'pengembangan kurikulum pai berbasis kearifan lokal\'','https://sinta.kemdikbud.go.id/authors/profile/6676401',NULL,'2025-04-15 20:02:03','2025-04-15 20:02:03'),
(330,'pembuatan web portal sindikasi berita indonesia dengan klasifikasi metode single pass clustering',2011,NULL,NULL,'https://sinta.kemdikbud.go.id/authors/profile/6676401','https://garuda.kemdikbud.go.id/documents/detail/2330656','2025-04-15 20:02:03','2025-04-15 20:02:03'),
(331,'restoration of javanese characters based on wasserstein generative adversarial network-gradient penalty',2024,'https://www.scopus.com/record/display.uri?eid=2-s2.0-85214307107&origin=resultslist',NULL,'https://sinta.kemdikbud.go.id/authors/profile/5977914',NULL,'2025-04-15 20:02:03','2025-04-15 20:02:03'),
(332,'salt sales forecasting system with double exponential smoothing',2024,'https://www.scopus.com/record/display.uri?eid=2-s2.0-85200666804&origin=resultslist','https://scholar.google.com/scholar?q=+intitle:\'salt sales forecasting system with double exponential smoothing\'','https://sinta.kemdikbud.go.id/authors/profile/5977914',NULL,'2025-04-15 20:02:03','2025-04-15 20:02:03'),
(333,'decision support system of sustainable supplier selection for micro small medium enterprise in apparel industry',2023,'https://www.scopus.com/record/display.uri?eid=2-s2.0-85183461745&origin=resultslist','https://scholar.google.com/scholar?q=+intitle:\'decision support system of sustainable supplier selection for micro small medium enterprise in apparel industry\'','https://sinta.kemdikbud.go.id/authors/profile/5977914',NULL,'2025-04-15 20:02:03','2025-04-15 20:02:03'),
(334,'design of k-means method segmentation for visitor characteristics of bangkalan cultural heritage tourism',2023,'https://www.scopus.com/record/display.uri?eid=2-s2.0-85146513297&origin=resultslist','https://scholar.google.com/scholar?q=+intitle:\'design of k-means method segmentation for visitor characteristics of bangkalan cultural heritage tourism\'','https://sinta.kemdikbud.go.id/authors/profile/5977914',NULL,'2025-04-15 20:02:03','2025-04-15 20:02:03'),
(335,'grouping madura tourism objects with comparison of clustering methods',2022,'https://www.scopus.com/record/display.uri?eid=2-s2.0-85147088242&origin=resultslist',NULL,'https://sinta.kemdikbud.go.id/authors/profile/5977914',NULL,'2025-04-15 20:02:03','2025-04-15 20:02:03'),
(336,'word ambiguity identification using pos tagging in automatic essay scoring',2022,'https://www.scopus.com/record/display.uri?eid=2-s2.0-85147090173&origin=resultslist',NULL,'https://sinta.kemdikbud.go.id/authors/profile/5977914',NULL,'2025-04-15 20:02:03','2025-04-15 20:02:03'),
(337,'automatic text summarization of madura tourism articles using tf-idf and k-medoid clustering',2022,'https://www.scopus.com/record/display.uri?eid=2-s2.0-85147091428&origin=resultslist',NULL,'https://sinta.kemdikbud.go.id/authors/profile/5977914',NULL,'2025-04-15 20:02:03','2025-04-15 20:02:03'),
(338,'k-means and k-medoids clustering methods for customer segmentation in online retail datasets',2022,'https://www.scopus.com/record/display.uri?eid=2-s2.0-85147092635&origin=resultslist',NULL,'https://sinta.kemdikbud.go.id/authors/profile/5977914',NULL,'2025-04-15 20:02:03','2025-04-15 20:02:03'),
(339,'educational application development as an effortless solution for basic level learning media',2021,'https://www.scopus.com/record/display.uri?eid=2-s2.0-85133525005&origin=resultslist',NULL,'https://sinta.kemdikbud.go.id/authors/profile/5977914',NULL,'2025-04-15 20:02:03','2025-04-15 20:02:03'),
(340,'web-based smart market applications as a preference transition during covid-19 pandemic',2021,'https://www.scopus.com/record/display.uri?eid=2-s2.0-85147031579&origin=resultslist',NULL,'https://sinta.kemdikbud.go.id/authors/profile/5977914',NULL,'2025-04-15 20:02:03','2025-04-15 20:02:03'),
(341,'restoration of javanese characters based on wasserstein generative adversarial network-gradient penalty.',2024,NULL,'https://scholar.google.com/scholar?q=+intitle:\'restoration of javanese characters based on wasserstein generative adversarial network-gradient penalty.\'','https://sinta.kemdikbud.go.id/authors/profile/5977914',NULL,'2025-04-15 20:02:03','2025-04-15 20:02:03'),
(342,'koreksi kesalahan ejaan pada pencarian artikel pariwisata berbahasa indonesia menggunakan levenshtein distance',2024,NULL,'https://scholar.google.com/scholar?q=+intitle:\'koreksi kesalahan ejaan pada pencarian artikel pariwisata berbahasa indonesia menggunakan levenshtein distance\'','https://sinta.kemdikbud.go.id/authors/profile/5977914','https://garuda.kemdikbud.go.id/documents/detail/4709452','2025-04-15 20:02:03','2025-04-15 20:02:03'),
(343,'development of a tourist destination object search application as a madura tourism information media using addie model',2024,NULL,'https://scholar.google.com/scholar?q=+intitle:\'development of a tourist destination object search application as a madura tourism information media using addie model\'','https://sinta.kemdikbud.go.id/authors/profile/5977914','https://garuda.kemdikbud.go.id/documents/detail/4496303','2025-04-15 20:02:03','2025-04-15 20:02:03'),
(344,'deteksi kemiripan dokumen abstrak skripsi menggunakan metode jaro-winkler distance dan synonym recognition',2024,NULL,'https://scholar.google.com/scholar?q=+intitle:\'deteksi kemiripan dokumen abstrak skripsi menggunakan metode jaro-winkler distance dan synonym recognition\'','https://sinta.kemdikbud.go.id/authors/profile/5977914',NULL,'2025-04-15 20:02:03','2025-04-15 20:02:03'),
(345,'classification of hypertension disease using artificial neural network (ann) backpropagation method case study in mitigating health risk: upt modopuro mojokerto health center',2024,NULL,'https://scholar.google.com/scholar?q=+intitle:\'classification of hypertension disease using artificial neural network (ann) backpropagation method case study in mitigating health risk: upt modopuro mojokerto health center\'','https://sinta.kemdikbud.go.id/authors/profile/5977914',NULL,'2025-04-15 20:02:03','2025-04-15 20:02:03'),
(346,'design and implementation of tourism news information retrieval system using modified cosine similarity',2023,NULL,'https://scholar.google.com/scholar?q=+intitle:\'design and implementation of tourism news information retrieval system using modified cosine similarity\'','https://sinta.kemdikbud.go.id/authors/profile/5977914',NULL,'2025-04-15 20:02:03','2025-04-15 20:02:03'),
(347,'perancangan enterprise architecture dengan framework togaf adm pada rsud syarifah ambami rato ebu bangkalan',2023,NULL,'https://scholar.google.com/scholar?q=+intitle:\'perancangan enterprise architecture dengan framework togaf adm pada rsud syarifah ambami rato ebu bangkalan\'','https://sinta.kemdikbud.go.id/authors/profile/5977914',NULL,'2025-04-15 20:02:03','2025-04-15 20:02:03'),
(348,'implementation of website performance evaluation with similarweb on academic websites',2022,NULL,NULL,'https://sinta.kemdikbud.go.id/authors/profile/5977914','https://garuda.kemdikbud.go.id/documents/detail/2828559','2025-04-15 20:02:03','2025-04-15 20:02:03'),
(349,'deteksi cyberbullying pada data tweet menggunakan metode random forest dan seleksi fitur information gain',2022,NULL,NULL,'https://sinta.kemdikbud.go.id/authors/profile/5977914','https://garuda.kemdikbud.go.id/documents/detail/3208348','2025-04-15 20:02:03','2025-04-15 20:02:03'),
(350,'comparison of stemming and similarity algorithms in indonesian translated al-qur\'an text search',2021,NULL,NULL,'https://sinta.kemdikbud.go.id/authors/profile/5977914','https://garuda.kemdikbud.go.id/documents/detail/2544776','2025-04-15 20:02:03','2025-04-15 20:02:03'),
(351,'implementasi relevant feedback menggunakan algoritma genetika pada dokumen bahasa indonesia (implementation of relevant feedback using genetic algorithm in indonesian documents)',2021,NULL,NULL,'https://sinta.kemdikbud.go.id/authors/profile/5977914','https://garuda.kemdikbud.go.id/documents/detail/2556094','2025-04-15 20:02:03','2025-04-15 20:02:03'),
(352,'analisis kinerja efektifitas pembagian bandwidth dan quality of service (qos) pada jaringan kampus studi kasus universitas trunojoyo',2017,NULL,NULL,'https://sinta.kemdikbud.go.id/authors/profile/5977914','https://garuda.kemdikbud.go.id/documents/detail/646531','2025-04-15 20:02:03','2025-04-15 20:02:03'),
(353,'verifikasi dua varian protokol ad hoc on demand distance vector dengan uppaal',2015,NULL,NULL,'https://sinta.kemdikbud.go.id/authors/profile/5977914','https://garuda.kemdikbud.go.id/documents/detail/1897110','2025-04-15 20:02:03','2025-04-15 20:02:03'),
(354,'iot and ai-driven conceptual model of museum ecosystem',2023,'https://www.scopus.com/record/display.uri?eid=2-s2.0-85182266602&origin=resultslist','https://scholar.google.com/scholar?q=+intitle:\'iot and ai-driven conceptual model of museum ecosystem\'','https://sinta.kemdikbud.go.id/authors/profile/5979755',NULL,'2025-04-15 20:02:03','2025-04-15 20:02:03'),
(355,'face image reconstruction: removing the mask of the face image using u-net architecture',2023,'https://www.scopus.com/record/display.uri?eid=2-s2.0-85186505948&origin=resultslist','https://scholar.google.com/scholar?q=+intitle:\'face image reconstruction: removing the mask of the face image using u-net architecture\'','https://sinta.kemdikbud.go.id/authors/profile/5979755',NULL,'2025-04-15 20:02:03','2025-04-15 20:02:03'),
(356,'improvement of chest x-ray image segmentation accuracy based on fca-net',2023,'https://www.scopus.com/record/display.uri?eid=2-s2.0-85163602673&origin=resultslist','https://scholar.google.com/scholar?q=+intitle:\'improvement of chest x-ray image segmentation accuracy based on fca-net\'','https://sinta.kemdikbud.go.id/authors/profile/5979755',NULL,'2025-04-15 20:02:03','2025-04-15 20:02:03'),
(357,'a non-pharmaceutical intervention policy for mitigating covid-19 pandemic using predictive control scheme and seir compartmental model',2023,'https://www.scopus.com/record/display.uri?eid=2-s2.0-85175650500&origin=resultslist','https://scholar.google.com/scholar?q=+intitle:\'a non-pharmaceutical intervention policy for mitigating covid-19 pandemic using predictive control scheme and seir compartmental model\'','https://sinta.kemdikbud.go.id/authors/profile/5979755',NULL,'2025-04-15 20:02:03','2025-04-15 20:02:03'),
(358,'chest x-ray dataset and ground truth for lung segmentation',2023,'https://www.scopus.com/record/display.uri?eid=2-s2.0-85173486785&origin=resultslist','https://scholar.google.com/scholar?q=+intitle:\'chest x-ray dataset and ground truth for lung segmentation\'','https://sinta.kemdikbud.go.id/authors/profile/5979755',NULL,'2025-04-15 20:02:03','2025-04-15 20:02:03'),
(359,'color and texture feature based for maize leaf disease identification',2022,'https://www.scopus.com/record/display.uri?eid=2-s2.0-85149151598&origin=resultslist',NULL,'https://sinta.kemdikbud.go.id/authors/profile/5979755',NULL,'2025-04-15 20:02:03','2025-04-15 20:02:03'),
(360,'faster region-based convolutional neural network for mask face detection',2021,'https://www.scopus.com/record/display.uri?eid=2-s2.0-85133166454&origin=resultslist',NULL,'https://sinta.kemdikbud.go.id/authors/profile/5979755',NULL,'2025-04-15 20:02:03','2025-04-15 20:02:03'),
(361,'combination of feature engineering and feature learning approaches for classification on visual complexity images',2021,'https://www.scopus.com/record/display.uri?eid=2-s2.0-85107797583&origin=resultslist',NULL,'https://sinta.kemdikbud.go.id/authors/profile/5979755',NULL,'2025-04-15 20:02:03','2025-04-15 20:02:03'),
(362,'binary classification using convolutional neural network for attributes identification of pedestrian image',2020,'https://www.scopus.com/record/display.uri?eid=2-s2.0-85091748132&origin=resultslist',NULL,'https://sinta.kemdikbud.go.id/authors/profile/5979755',NULL,'2025-04-15 20:02:03','2025-04-15 20:02:03'),
(363,'a combination of social media and geospatial data for waste mapping using fuzzy ahp and vikor',2020,'https://www.scopus.com/record/display.uri?eid=2-s2.0-85099655552&origin=resultslist',NULL,'https://sinta.kemdikbud.go.id/authors/profile/5979755',NULL,'2025-04-15 20:02:03','2025-04-15 20:02:03'),
(364,'identifikasi tingkat kesadaran pengemudi dari data video dengan menggunakan convolutional long short term memory',2024,NULL,'https://scholar.google.com/scholar?q=+intitle:\'identifikasi tingkat kesadaran pengemudi dari data video dengan menggunakan convolutional long short term memory\'','https://sinta.kemdikbud.go.id/authors/profile/5979755',NULL,'2025-04-15 20:02:03','2025-04-15 20:02:03'),
(365,'deteksi wajah manusia berbasis one stage detector menggunakan metode you only look once (yolo)',2023,NULL,'https://scholar.google.com/scholar?q=+intitle:\'deteksi wajah manusia berbasis one stage detector menggunakan metode you only look once (yolo)\'','https://sinta.kemdikbud.go.id/authors/profile/5979755','https://garuda.kemdikbud.go.id/documents/detail/3213682','2025-04-15 20:02:03','2025-04-15 20:02:03'),
(366,'identifikasi alfabet bahasa isyarat indonesia dengan menggunakan convolutional lstm',2023,NULL,'https://scholar.google.com/scholar?q=+intitle:\'identifikasi alfabet bahasa isyarat indonesia dengan menggunakan convolutional lstm\'','https://sinta.kemdikbud.go.id/authors/profile/5979755',NULL,'2025-04-15 20:02:03','2025-04-15 20:02:03'),
(367,'pembelajaran mesin dan implementasinya dengan menggunakan python - isbn : 9786230278549',2023,NULL,'https://scholar.google.com/scholar?q=+intitle:\'pembelajaran mesin dan implementasinya dengan menggunakan python - isbn : 9786230278549\'','https://sinta.kemdikbud.go.id/authors/profile/5979755',NULL,'2025-04-15 20:02:03','2025-04-15 20:02:03'),
(368,'pengembangan media pembelajaran berbasis augmented reality materi komponen jaringan wan pada kelas xi tkj di smk darul mustofa',2022,NULL,'https://scholar.google.com/scholar?q=+intitle:\'pengembangan media pembelajaran berbasis augmented reality materi komponen jaringan wan pada kelas xi tkj di smk darul mustofa\'','https://sinta.kemdikbud.go.id/authors/profile/5979755',NULL,'2025-04-15 20:02:03','2025-04-15 20:02:03'),
(369,'pengembangan kompetensi guru smkn 1 labang bangkalan melalui pembuatan media pembelajaran augmented reality dengan metaverse',2020,NULL,NULL,'https://sinta.kemdikbud.go.id/authors/profile/5979755','https://garuda.kemdikbud.go.id/documents/detail/1472651','2025-04-15 20:02:03','2025-04-15 20:02:03'),
(370,'identification of pedestrians attributes based on multi-class multi-label classification using convolutional neural network (cnn)',2020,NULL,NULL,'https://sinta.kemdikbud.go.id/authors/profile/5979755','https://garuda.kemdikbud.go.id/documents/detail/2288395','2025-04-15 20:02:03','2025-04-15 20:02:03'),
(371,'pemanfaatan tools animasi untuk media pembelajaran bagi smkn 1 labang bangkalan madura',2020,NULL,NULL,'https://sinta.kemdikbud.go.id/authors/profile/5979755','https://garuda.kemdikbud.go.id/documents/detail/2101144','2025-04-15 20:02:03','2025-04-15 20:02:03'),
(372,'pembuatan dan digitalisasi batik tulis madura pada ukm batik bangkalan',2019,NULL,NULL,'https://sinta.kemdikbud.go.id/authors/profile/5979755','https://garuda.kemdikbud.go.id/documents/detail/1486900','2025-04-15 20:02:03','2025-04-15 20:02:03'),
(373,'deteksi manusia menggunakan metode histogram of oriented gradient dan euclidean distance',2018,NULL,NULL,'https://sinta.kemdikbud.go.id/authors/profile/5979755','https://garuda.kemdikbud.go.id/documents/detail/646650','2025-04-15 20:02:03','2025-04-15 20:02:03'),
(374,'contradictory of the laplacian smoothing transform and linear discriminullt analysis modeling to extract the face image features',2017,NULL,NULL,'https://sinta.kemdikbud.go.id/authors/profile/5979755','https://garuda.kemdikbud.go.id/documents/detail/1882932','2025-04-15 20:02:03','2025-04-15 20:02:03'),
(375,'multi-criteria in discriminullt analysis to find the dominullt features',2016,NULL,NULL,'https://sinta.kemdikbud.go.id/authors/profile/5979755','https://garuda.kemdikbud.go.id/documents/detail/1881671','2025-04-15 20:02:03','2025-04-15 20:02:03'),
(376,'madura island restaurant recommendation system based on collaborative filtering using pearson similarity with modified convolutional neural network',2024,'https://www.scopus.com/record/display.uri?eid=2-s2.0-85200688764&origin=resultslist','https://scholar.google.com/scholar?q=+intitle:\'madura island restaurant recommendation system based on collaborative filtering using pearson similarity with modified convolutional neural network\'','https://sinta.kemdikbud.go.id/authors/profile/6653727',NULL,'2025-04-15 20:02:03','2025-04-15 20:02:03'),
(377,'enhancing restaurant recommendations through user-based collaborative filtering',2023,'https://www.scopus.com/record/display.uri?eid=2-s2.0-85183473937&origin=resultslist',NULL,'https://sinta.kemdikbud.go.id/authors/profile/6653727',NULL,'2025-04-15 20:02:03','2025-04-15 20:02:03'),
(378,'tuberculosis classification using random forest with k-prototype as a method to overcome missing value',2023,'https://www.scopus.com/record/display.uri?eid=2-s2.0-85168130544&origin=resultslist','https://scholar.google.com/scholar?q=+intitle:\'tuberculosis classification using random forest with k-prototype as a method to overcome missing value\'','https://sinta.kemdikbud.go.id/authors/profile/6653727',NULL,'2025-04-15 20:02:03','2025-04-15 20:02:03'),
(379,'utilizing lstm and k-nn for anatomical localization of tuberculosis: a solution for incomplete data',2023,'https://www.scopus.com/record/display.uri?eid=2-s2.0-85171637564&origin=resultslist',NULL,'https://sinta.kemdikbud.go.id/authors/profile/6653727',NULL,'2025-04-15 20:02:03','2025-04-15 20:02:03'),
(380,'exploring usability dimension of smart regency service with indonesian adaptation of the system usability scale (sus) and user experience questionnaire (ueq)',2021,'https://www.scopus.com/record/display.uri?eid=2-s2.0-85124365761&origin=resultslist',NULL,'https://sinta.kemdikbud.go.id/authors/profile/6653727',NULL,'2025-04-15 20:02:03','2025-04-15 20:02:03'),
(381,'priority resilience strategy for micro, small, and medium enterprises for dealing with natural disasters',2021,'https://www.scopus.com/record/display.uri?eid=2-s2.0-85100612297&origin=resultslist',NULL,'https://sinta.kemdikbud.go.id/authors/profile/6653727',NULL,'2025-04-15 20:02:03','2025-04-15 20:02:03'),
(382,'the application of genetic algorithms as an optimization step in the case of nurse scheduling at the bringkoning community health center',2020,'https://www.scopus.com/record/display.uri?eid=2-s2.0-85089605820&origin=resultslist',NULL,'https://sinta.kemdikbud.go.id/authors/profile/6653727',NULL,'2025-04-15 20:02:03','2025-04-15 20:02:03'),
(383,'development of poor family selection system using simple multi attribute rating technique exploiting rank method',2020,'https://www.scopus.com/record/display.uri?eid=2-s2.0-85091774520&origin=resultslist',NULL,'https://sinta.kemdikbud.go.id/authors/profile/6653727',NULL,'2025-04-15 20:02:03','2025-04-15 20:02:03'),
(384,'mobile-based smart regency adoption with toe framework: an empirical inquiry from madura island districts',2020,'https://www.scopus.com/record/display.uri?eid=2-s2.0-85099444474&origin=resultslist',NULL,'https://sinta.kemdikbud.go.id/authors/profile/6653727',NULL,'2025-04-15 20:02:03','2025-04-15 20:02:03'),
(385,'hien\'s framework for examining information system quality of mobile-based smart regency service in madura island districts',2020,'https://www.scopus.com/record/display.uri?eid=2-s2.0-85099481873&origin=resultslist',NULL,'https://sinta.kemdikbud.go.id/authors/profile/6653727',NULL,'2025-04-15 20:02:03','2025-04-15 20:02:03'),
(386,'strategi peran tni-polri guna mendukung transformasi ekonomi yang inklusif dalam rangka percepatan pemulihan ekonomi nasional',2025,NULL,'https://scholar.google.com/scholar?q=+intitle:\'strategi peran tni-polri guna mendukung transformasi ekonomi yang inklusif dalam rangka percepatan pemulihan ekonomi nasional\'','https://sinta.kemdikbud.go.id/authors/profile/6653727',NULL,'2025-04-15 20:02:03','2025-04-15 20:02:03'),
(387,'system design for therapist retention analysis in an online mental healthcare application based on mapreduce',2024,NULL,'https://scholar.google.com/scholar?q=+intitle:\'system design for therapist retention analysis in an online mental healthcare application based on mapreduce\'','https://sinta.kemdikbud.go.id/authors/profile/6653727',NULL,'2025-04-15 20:02:03','2025-04-15 20:02:03'),
(388,'pemonitoran paparan merek terfokus menggunakan pemodelan topik dan formulasi kueri',2024,NULL,'https://scholar.google.com/scholar?q=+intitle:\'pemonitoran paparan merek terfokus menggunakan pemodelan topik dan formulasi kueri\'','https://sinta.kemdikbud.go.id/authors/profile/6653727',NULL,'2025-04-15 20:02:03','2025-04-15 20:02:03'),
(389,'solusi penentuan penerima kartu dengan menggunakan data mining dalam industri perbankan',2024,NULL,'https://scholar.google.com/scholar?q=+intitle:\'solusi penentuan penerima kartu dengan menggunakan data mining dalam industri perbankan\'','https://sinta.kemdikbud.go.id/authors/profile/6653727',NULL,'2025-04-15 20:02:03','2025-04-15 20:02:03'),
(390,'basis pengetahuan web semantik pada pemodelan sistem pendukung rekomendasi jurusan kuliah',2023,NULL,'https://scholar.google.com/scholar?q=+intitle:\'basis pengetahuan web semantik pada pemodelan sistem pendukung rekomendasi jurusan kuliah\'','https://sinta.kemdikbud.go.id/authors/profile/6653727',NULL,'2025-04-15 20:02:03','2025-04-15 20:02:03'),
(391,'utilizing lstm and k-nn for anatomical localization of tuberculosis: a solution for incomplete data.',2023,NULL,'https://scholar.google.com/scholar?q=+intitle:\'utilizing lstm and k-nn for anatomical localization of tuberculosis: a solution for incomplete data.\'','https://sinta.kemdikbud.go.id/authors/profile/6653727',NULL,'2025-04-15 20:02:03','2025-04-15 20:02:03'),
(392,'penerapan model semantik dalam pengolahan arsip berita',2023,NULL,'https://scholar.google.com/scholar?q=+intitle:\'penerapan model semantik dalam pengolahan arsip berita\'','https://sinta.kemdikbud.go.id/authors/profile/6653727',NULL,'2025-04-15 20:02:03','2025-04-15 20:02:03'),
(393,'conceptual modeling of resilience measurement during natural disasters for smes',2021,NULL,'https://scholar.google.com/scholar?q=+intitle:\'conceptual modeling of resilience measurement during natural disasters for smes\'','https://sinta.kemdikbud.go.id/authors/profile/6653727',NULL,'2025-04-15 20:02:03','2025-04-15 20:02:03'),
(394,'single channel sleep stage classification using random forest and feature extraction with smote balancing on fpz-cz eeg data',2024,'https://www.scopus.com/record/display.uri?eid=2-s2.0-85214296297&origin=resultslist',NULL,'https://sinta.kemdikbud.go.id/authors/profile/6676409',NULL,'2025-04-15 20:02:03','2025-04-15 20:02:03'),
(395,'electrophysiological effects of japanese cedarwood on sleep quality in humans',2024,'https://www.scopus.com/record/display.uri?eid=2-s2.0-85201224733&origin=resultslist','https://scholar.google.com/scholar?q=+intitle:\'electrophysiological effects of japanese cedarwood on sleep quality in humans\'','https://sinta.kemdikbud.go.id/authors/profile/6676409',NULL,'2025-04-15 20:02:03','2025-04-15 20:02:03'),
(396,'madura island tourism recommendation system based on collaborative filtering using convolutional neural network',2024,'https://www.scopus.com/record/display.uri?eid=2-s2.0-85200664658&origin=resultslist','https://scholar.google.com/scholar?q=+intitle:\'madura island tourism recommendation system based on collaborative filtering using convolutional neural network\'','https://sinta.kemdikbud.go.id/authors/profile/6676409',NULL,'2025-04-15 20:02:03','2025-04-15 20:02:03'),
(397,'classification of dry-beans using synthetic minority oversampling technique and stochastic gradient boosting machines',2024,'https://www.scopus.com/record/display.uri?eid=2-s2.0-85200666180&origin=resultslist',NULL,'https://sinta.kemdikbud.go.id/authors/profile/6676409',NULL,'2025-04-15 20:02:03','2025-04-15 20:02:03'),
(398,'madura island restaurant recommendation system based on collaborative filtering using pearson similarity with modified convolutional neural network',2024,'https://www.scopus.com/record/display.uri?eid=2-s2.0-85200688764&origin=resultslist','https://scholar.google.com/scholar?q=+intitle:\'madura island restaurant recommendation system based on collaborative filtering using pearson similarity with modified convolutional neural network\'','https://sinta.kemdikbud.go.id/authors/profile/6676409',NULL,'2025-04-15 20:02:03','2025-04-15 20:02:03'),
(399,'comparison of user based and item based collaborative filtering in restaurant recommendation system',2024,'https://www.scopus.com/record/display.uri?eid=2-s2.0-85200388154&origin=resultslist',NULL,'https://sinta.kemdikbud.go.id/authors/profile/6676409',NULL,'2025-04-15 20:02:03','2025-04-15 20:02:03'),
(400,'classification of salt quality based on the content of several elements in the salt using machine learning',2024,'https://www.scopus.com/record/display.uri?eid=2-s2.0-85192395574&origin=resultslist',NULL,'https://sinta.kemdikbud.go.id/authors/profile/6676409',NULL,'2025-04-15 20:02:03','2025-04-15 20:02:03'),
(401,'enhancing autism detection through visual pattern analysis based on machine learning',2023,'https://www.scopus.com/record/display.uri?eid=2-s2.0-85186490988&origin=resultslist',NULL,'https://sinta.kemdikbud.go.id/authors/profile/6676409',NULL,'2025-04-15 20:02:03','2025-04-15 20:02:03'),
(402,'face image reconstruction: removing the mask of the face image using u-net architecture',2023,'https://www.scopus.com/record/display.uri?eid=2-s2.0-85186505948&origin=resultslist','https://scholar.google.com/scholar?q=+intitle:\'face image reconstruction: removing the mask of the face image using u-net architecture\'','https://sinta.kemdikbud.go.id/authors/profile/6676409',NULL,'2025-04-15 20:02:03','2025-04-15 20:02:03'),
(403,'enhancing restaurant recommendations through user-based collaborative filtering',2023,'https://www.scopus.com/record/display.uri?eid=2-s2.0-85183473937&origin=resultslist',NULL,'https://sinta.kemdikbud.go.id/authors/profile/6676409',NULL,'2025-04-15 20:02:03','2025-04-15 20:02:03'),
(404,'collaborative filtering-based madura island tourism recommendation system using recommendernet',2024,NULL,'https://scholar.google.com/scholar?q=+intitle:\'collaborative filtering-based madura island tourism recommendation system using recommendernet\'','https://sinta.kemdikbud.go.id/authors/profile/6676409',NULL,'2025-04-15 20:02:03','2025-04-15 20:02:03'),
(405,'grid dan flexbox: panduan praktis untuk layout web yang efektif',2024,NULL,'https://scholar.google.com/scholar?q=+intitle:\'grid dan flexbox: panduan praktis untuk layout web yang efektif\'','https://sinta.kemdikbud.go.id/authors/profile/6676409',NULL,'2025-04-15 20:02:03','2025-04-15 20:02:03'),
(406,'comparison of user based and item based collaborative filtering in restaurant recommendation system.',2024,NULL,'https://scholar.google.com/scholar?q=+intitle:\'comparison of user based and item based collaborative filtering in restaurant recommendation system.\'','https://sinta.kemdikbud.go.id/authors/profile/6676409',NULL,'2025-04-15 20:02:03','2025-04-15 20:02:03'),
(407,'classification of salt quality based on the content of several elements in the salt using machine learning.',2024,NULL,'https://scholar.google.com/scholar?q=+intitle:\'classification of salt quality based on the content of several elements in the salt using machine learning.\'','https://sinta.kemdikbud.go.id/authors/profile/6676409',NULL,'2025-04-15 20:02:03','2025-04-15 20:02:03'),
(408,'single channel sleep stage classification using random forest and feature extraction with smote balancing on fpz-cz eeg data.',2024,NULL,'https://scholar.google.com/scholar?q=+intitle:\'single channel sleep stage classification using random forest and feature extraction with smote balancing on fpz-cz eeg data.\'','https://sinta.kemdikbud.go.id/authors/profile/6676409',NULL,'2025-04-15 20:02:03','2025-04-15 20:02:03'),
(409,'classification of dry-beans using synthetic minority over-sampling technique and stochastic gradient boosting machines',2024,NULL,'https://scholar.google.com/scholar?q=+intitle:\'classification of dry-beans using synthetic minority over-sampling technique and stochastic gradient boosting machines\'','https://sinta.kemdikbud.go.id/authors/profile/6676409',NULL,'2025-04-15 20:02:03','2025-04-15 20:02:03'),
(410,'deteksi wajah manusia berbasis one stage detector menggunakan metode you only look once (yolo)',2023,NULL,NULL,'https://sinta.kemdikbud.go.id/authors/profile/6676409','https://garuda.kemdikbud.go.id/documents/detail/3213682','2025-04-15 20:02:03','2025-04-15 20:02:03'),
(411,'best alpha for forecasting stock using brown\'s weighted exponential moving average',2022,NULL,NULL,'https://sinta.kemdikbud.go.id/authors/profile/6676409','https://garuda.kemdikbud.go.id/documents/detail/3171051','2025-04-15 20:02:03','2025-04-15 20:02:03'),
(412,'pengenalan pola senyum menggunakan self organizing maps (som) berbasis ekstraksi fitur two-dimensional principal component analysis (2dpca)',2012,NULL,NULL,'https://sinta.kemdikbud.go.id/authors/profile/6676409','https://garuda.kemdikbud.go.id/documents/detail/1524931','2025-04-15 20:02:03','2025-04-15 20:02:03'),
(413,'rekayasa komponen web service general ledger berbasis microsoft .net',2004,NULL,NULL,'https://sinta.kemdikbud.go.id/authors/profile/6676409','https://garuda.kemdikbud.go.id/documents/detail/158882','2025-04-15 20:02:03','2025-04-15 20:02:03'),
(414,'classification of dry-beans using synthetic minority oversampling technique and stochastic gradient boosting machines',2024,'https://www.scopus.com/record/display.uri?eid=2-s2.0-85200666180&origin=resultslist',NULL,'https://sinta.kemdikbud.go.id/authors/profile/6172964',NULL,'2025-04-15 20:02:03','2025-04-15 20:02:03'),
(415,'the chamber monitoring suspected covid-19 based on iot geographic information systems',2024,'https://www.scopus.com/record/display.uri?eid=2-s2.0-85183258038&origin=resultslist','https://scholar.google.com/scholar?q=+intitle:\'the chamber monitoring suspected covid-19 based on iot geographic information systems\'','https://sinta.kemdikbud.go.id/authors/profile/6172964',NULL,'2025-04-15 20:02:03','2025-04-15 20:02:03'),
(416,'beans classification using decision tree and random forest with randomized search hyperparameter tuning',2023,'https://www.scopus.com/record/display.uri?eid=2-s2.0-85176571624&origin=resultslist','https://scholar.google.com/scholar?q=+intitle:\'beans classification using decision tree and random forest with randomized search hyperparameter tuning\'','https://sinta.kemdikbud.go.id/authors/profile/6172964',NULL,'2025-04-15 20:02:03','2025-04-15 20:02:03'),
(417,'the edge feature subtraction for completing video matting',2021,'https://www.scopus.com/record/display.uri?eid=2-s2.0-85107309671&origin=resultslist',NULL,'https://sinta.kemdikbud.go.id/authors/profile/6172964',NULL,'2025-04-15 20:02:03','2025-04-15 20:02:03'),
(418,'automatic matting using edge feature-based scribbles',2019,'https://www.scopus.com/record/display.uri?eid=2-s2.0-85077159616&origin=resultslist',NULL,'https://sinta.kemdikbud.go.id/authors/profile/6172964',NULL,'2025-04-15 20:02:03','2025-04-15 20:02:03'),
(419,'video object extraction using feature matching based on nonlocal matting',2017,'https://www.scopus.com/record/display.uri?eid=2-s2.0-85016804148&origin=resultslist',NULL,'https://sinta.kemdikbud.go.id/authors/profile/6172964',NULL,'2025-04-15 20:02:03','2025-04-15 20:02:03'),
(420,'5 the chamber monitoring suspected covid-19 based on iot geographic information systems',2024,NULL,'https://scholar.google.com/scholar?q=+intitle:\'5 the chamber monitoring suspected covid-19 based on iot geographic information systems\'','https://sinta.kemdikbud.go.id/authors/profile/6172964',NULL,'2025-04-15 20:02:03','2025-04-15 20:02:03'),
(421,'transfer learning and fine tuning in modified vgg for haploid diploid corn seed images classification',2024,NULL,'https://scholar.google.com/scholar?q=+intitle:\'transfer learning and fine tuning in modified vgg for haploid diploid corn seed images classification\'','https://sinta.kemdikbud.go.id/authors/profile/6172964',NULL,'2025-04-15 20:02:03','2025-04-15 20:02:03'),
(422,'transfer learning and fine tuning in modified vgg for haploid diploid corn seed images classification.',2024,NULL,'https://scholar.google.com/scholar?q=+intitle:\'transfer learning and fine tuning in modified vgg for haploid diploid corn seed images classification.\'','https://sinta.kemdikbud.go.id/authors/profile/6172964',NULL,'2025-04-15 20:02:03','2025-04-15 20:02:03'),
(423,'implementasi metode simpleks untuk optimalisasi produksi rokok (studi kasus: perusahaan rokok pintumas)',2024,NULL,'https://scholar.google.com/scholar?q=+intitle:\'implementasi metode simpleks untuk optimalisasi produksi rokok (studi kasus: perusahaan rokok pintumas)\'','https://sinta.kemdikbud.go.id/authors/profile/6172964',NULL,'2025-04-15 20:02:03','2025-04-15 20:02:03'),
(424,'optimalisasi jalur pengiriman batubara menggunakan algoritma dijkstra (studi kasus: pt mitra alam persada)',2024,NULL,'https://scholar.google.com/scholar?q=+intitle:\'optimalisasi jalur pengiriman batubara menggunakan algoritma dijkstra (studi kasus: pt mitra alam persada)\'','https://sinta.kemdikbud.go.id/authors/profile/6172964',NULL,'2025-04-15 20:02:03','2025-04-15 20:02:03'),
(425,'classification of dry-beans using synthetic minority over-sampling technique and stochastic gradient boosting machines',2024,NULL,'https://scholar.google.com/scholar?q=+intitle:\'classification of dry-beans using synthetic minority over-sampling technique and stochastic gradient boosting machines\'','https://sinta.kemdikbud.go.id/authors/profile/6172964',NULL,'2025-04-15 20:02:03','2025-04-15 20:02:03'),
(426,'classification of corn seed quality using residual network with transfer learning weight',2023,NULL,'https://scholar.google.com/scholar?q=+intitle:\'classification of corn seed quality using residual network with transfer learning weight\'','https://sinta.kemdikbud.go.id/authors/profile/6172964','https://garuda.kemdikbud.go.id/documents/detail/3553413','2025-04-15 20:02:03','2025-04-15 20:02:03'),
(427,'pengukuran kualitas website akademik menggunakan webqual 4.0 dan importance-performance analysis (ipa) untuk peningkatan layanull pengguna (studi kasus: universitas trunojoyo ',2021,NULL,'https://scholar.google.com/scholar?q=+intitle:\'pengukuran kualitas website akademik menggunakan webqual 4.0 dan importance-performance analysis (ipa) untuk peningkatan layanull pengguna (studi kasus: universitas trunojoyo \'','https://sinta.kemdikbud.go.id/authors/profile/6172964',NULL,'2025-04-15 20:02:03','2025-04-15 20:02:03'),
(428,'implementasi metode simpleks untuk optimalisasi produksi rokok (studi kasus : perusahaan rokok pintumas)',2024,NULL,NULL,'https://sinta.kemdikbud.go.id/authors/profile/6172964','https://garuda.kemdikbud.go.id/documents/detail/4530427','2025-04-15 20:02:03','2025-04-15 20:02:03'),
(429,'pengukuran kualitas website akademik menggunakan webqual 4.0 dan importance-performance analysis (ipa) untuk peningkatan layanull pengguna (studi kasus : universitas trunojoyo madura)',2021,NULL,NULL,'https://sinta.kemdikbud.go.id/authors/profile/6172964','https://garuda.kemdikbud.go.id/documents/detail/2544728','2025-04-15 20:02:03','2025-04-15 20:02:03'),
(430,'akuisisi foreground dan background berbasis fitur dtc pada matting citra secara otomatis',2020,NULL,NULL,'https://sinta.kemdikbud.go.id/authors/profile/6172964','https://garuda.kemdikbud.go.id/documents/detail/1711946','2025-04-15 20:02:03','2025-04-15 20:02:03'),
(431,'pencocokan obyek wajah menggunakan metode sift (scale invariant feature transform)',2014,NULL,NULL,'https://sinta.kemdikbud.go.id/authors/profile/6172964','https://garuda.kemdikbud.go.id/documents/detail/1620102','2025-04-15 20:02:03','2025-04-15 20:02:03'),
(432,'rancang bangun aplikasi multimedia pembelajaran interaktif (e-learning) manasik haji menggunakan pendekatan ltsa',2012,NULL,NULL,'https://sinta.kemdikbud.go.id/authors/profile/6172964','https://garuda.kemdikbud.go.id/documents/detail/1759767','2025-04-15 20:02:03','2025-04-15 20:02:03'),
(433,'registrasi permukaan objek tiga dimensi berbasis fitur angular invariant',2010,NULL,NULL,'https://sinta.kemdikbud.go.id/authors/profile/6172964','https://garuda.kemdikbud.go.id/documents/detail/1759830','2025-04-15 20:02:03','2025-04-15 20:02:03'),
(434,'perancangan sistem tracking optimal linear quadratic gaussian (lqg) untuk pengaturan posisi antena parabola mobile',2008,NULL,NULL,'https://sinta.kemdikbud.go.id/authors/profile/6172964','https://garuda.kemdikbud.go.id/documents/detail/1759880','2025-04-15 20:02:03','2025-04-15 20:02:03'),
(435,'alexnet architecture modification to classify acute lymphoblastic leukemia images',2024,'https://www.scopus.com/record/display.uri?eid=2-s2.0-85200048130&origin=resultslist',NULL,'https://sinta.kemdikbud.go.id/authors/profile/5998205',NULL,'2025-04-15 20:02:03','2025-04-15 20:02:03'),
(436,'e-government service management system (e-govservice) to improve local e-government using devops approach',2023,'https://www.scopus.com/record/display.uri?eid=2-s2.0-85187788868&origin=resultslist','https://scholar.google.com/scholar?q=+intitle:\'e-government service management system (e-govservice) to improve local e-government using devops approach\'','https://sinta.kemdikbud.go.id/authors/profile/5998205',NULL,'2025-04-15 20:02:03','2025-04-15 20:02:03'),
(437,'rice pest and disease classification using transfer learning inception v3 with data augmentation.',2023,'https://www.scopus.com/record/display.uri?eid=2-s2.0-85187807617&origin=resultslist',NULL,'https://sinta.kemdikbud.go.id/authors/profile/5998205',NULL,'2025-04-15 20:02:03','2025-04-15 20:02:03'),
(438,'an interpretive structural model approach to strategic management modelling for sustainable smart village development in indonesia',2023,'https://www.scopus.com/record/display.uri?eid=2-s2.0-85177454969&origin=resultslist','https://scholar.google.com/scholar?q=+intitle:\'an interpretive structural model approach to strategic management modelling for sustainable smart village development in indonesia\'','https://sinta.kemdikbud.go.id/authors/profile/5998205',NULL,'2025-04-15 20:02:03','2025-04-15 20:02:03'),
(439,'land classification based on drone observations using depth-wise separable convolution with residual network connection',2023,'https://www.scopus.com/record/display.uri?eid=2-s2.0-85183469495&origin=resultslist','https://scholar.google.com/scholar?q=+intitle:\'land classification based on drone observations using depth-wise separable convolution with residual network connection\'','https://sinta.kemdikbud.go.id/authors/profile/5998205',NULL,'2025-04-15 20:02:03','2025-04-15 20:02:03'),
(440,'enhancing restaurant recommendations through user-based collaborative filtering',2023,'https://www.scopus.com/record/display.uri?eid=2-s2.0-85183473937&origin=resultslist',NULL,'https://sinta.kemdikbud.go.id/authors/profile/5998205',NULL,'2025-04-15 20:02:03','2025-04-15 20:02:03'),
(441,'a minmax item-based method for multi-criteria recommendation systems',2023,'https://www.scopus.com/record/display.uri?eid=2-s2.0-85184349773&origin=resultslist','https://scholar.google.com/scholar?q=+intitle:\'a minmax item-based method for multi-criteria recommendation systems\'','https://sinta.kemdikbud.go.id/authors/profile/5998205',NULL,'2025-04-15 20:02:03','2025-04-15 20:02:03'),
(442,'fast collaboration competencies model for software development life cycle (sdlc)',2023,'https://www.scopus.com/record/display.uri?eid=2-s2.0-85186492270&origin=resultslist',NULL,'https://sinta.kemdikbud.go.id/authors/profile/5998205',NULL,'2025-04-15 20:02:03','2025-04-15 20:02:03'),
(443,'marine fish species classification using transfer learning and residual network',2023,'https://www.scopus.com/record/display.uri?eid=2-s2.0-85186505937&origin=resultslist','https://scholar.google.com/scholar?q=+intitle:\'marine fish species classification using transfer learning and residual network\'','https://sinta.kemdikbud.go.id/authors/profile/5998205',NULL,'2025-04-15 20:02:03','2025-04-15 20:02:03'),
(444,'development of village open data using devops approach',2022,'https://www.scopus.com/record/display.uri?eid=2-s2.0-85146198097&origin=resultslist',NULL,'https://sinta.kemdikbud.go.id/authors/profile/5998205',NULL,'2025-04-15 20:02:03','2025-04-15 20:02:03'),
(445,'analisa proses bisnis',2025,NULL,'https://scholar.google.com/scholar?q=+intitle:\'analisa proses bisnis\'','https://sinta.kemdikbud.go.id/authors/profile/5998205',NULL,'2025-04-15 20:02:03','2025-04-15 20:02:03'),
(446,'village open data implementation: lesson learned from alang-alang vilalge, madura',2023,NULL,'https://scholar.google.com/scholar?q=+intitle:\'village open data implementation: lesson learned from alang-alang vilalge, madura\'','https://sinta.kemdikbud.go.id/authors/profile/5998205',NULL,'2025-04-15 20:02:03','2025-04-15 20:02:03'),
(447,'perbandingan kinerja query sql join tables dengan menggunakan index',2023,NULL,'https://scholar.google.com/scholar?q=+intitle:\'perbandingan kinerja query sql join tables dengan menggunakan index\'','https://sinta.kemdikbud.go.id/authors/profile/5998205','https://garuda.kemdikbud.go.id/documents/detail/3706312','2025-04-15 20:02:03','2025-04-15 20:02:03'),
(448,'e-government',2023,NULL,'https://scholar.google.com/scholar?q=+intitle:\'e-government\'','https://sinta.kemdikbud.go.id/authors/profile/5998205',NULL,'2025-04-15 20:02:03','2025-04-15 20:02:03'),
(449,'sakeraherbdb proposing an integrated indonesian traditional herbal medicine database iithmdb for madura islands herbs',2023,NULL,'https://scholar.google.com/scholar?q=+intitle:\'sakeraherbdb proposing an integrated indonesian traditional herbal medicine database iithmdb for madura islands herbs\'','https://sinta.kemdikbud.go.id/authors/profile/5998205',NULL,'2025-04-15 20:02:03','2025-04-15 20:02:03'),
(450,'implementasi penempatan sentra wisuta kuliner menggunakan multidimensional scaling : studi kasus di kota madya surabaya',2024,NULL,NULL,'https://sinta.kemdikbud.go.id/authors/profile/5998205','https://garuda.kemdikbud.go.id/documents/detail/4809876','2025-04-15 20:02:03','2025-04-15 20:02:03'),
(451,'student perceptions of lms at the faculty of engineering trunojoyo university madura',2022,NULL,NULL,'https://sinta.kemdikbud.go.id/authors/profile/5998205','https://garuda.kemdikbud.go.id/documents/detail/2828558','2025-04-15 20:02:03','2025-04-15 20:02:03'),
(452,'best alpha for forecasting stock using brown\'s weighted exponential moving average',2022,NULL,NULL,'https://sinta.kemdikbud.go.id/authors/profile/5998205','https://garuda.kemdikbud.go.id/documents/detail/3171051','2025-04-15 20:02:03','2025-04-15 20:02:03'),
(453,'anp and electre methods for determine new student admissions',2020,NULL,NULL,'https://sinta.kemdikbud.go.id/authors/profile/5998205','https://garuda.kemdikbud.go.id/documents/detail/2022380','2025-04-15 20:02:03','2025-04-15 20:02:03'),
(454,'pemanfaatan tools animasi untuk media pembelajaran bagi smkn 1 labang bangkalan madura',2020,NULL,NULL,'https://sinta.kemdikbud.go.id/authors/profile/5998205','https://garuda.kemdikbud.go.id/documents/detail/2101144','2025-04-15 20:02:03','2025-04-15 20:02:03'),
(455,'pengembangan kompetensi guru smkn 1 labang bangkalan melalui pembuatan media pembelajaran augmented reality dengan metaverse',2020,NULL,NULL,'https://sinta.kemdikbud.go.id/authors/profile/5998205','https://garuda.kemdikbud.go.id/documents/detail/1472651','2025-04-15 20:02:03','2025-04-15 20:02:03'),
(456,'normalization based multi-criteria collaborative filtering approach for recommendation system',2020,NULL,NULL,'https://sinta.kemdikbud.go.id/authors/profile/5998205','https://garuda.kemdikbud.go.id/documents/detail/2355954','2025-04-15 20:02:03','2025-04-15 20:02:03'),
(457,'e-government learning media through augmented reality technology',2020,NULL,NULL,'https://sinta.kemdikbud.go.id/authors/profile/5998205','https://garuda.kemdikbud.go.id/documents/detail/3642439','2025-04-15 20:02:03','2025-04-15 20:02:03'),
(458,'pembuatan dan digitalisasi batik tulis madura pada ukm batik bangkalan',2019,NULL,NULL,'https://sinta.kemdikbud.go.id/authors/profile/5998205','https://garuda.kemdikbud.go.id/documents/detail/1688830','2025-04-15 20:02:03','2025-04-15 20:02:03'),
(459,'notation of javanese gamelan dataset for traditional music applications',2024,'https://www.scopus.com/record/display.uri?eid=2-s2.0-85185537690&origin=resultslist','https://scholar.google.com/scholar?q=+intitle:\'notation of javanese gamelan dataset for traditional music applications\'','https://sinta.kemdikbud.go.id/authors/profile/5996275',NULL,'2025-04-15 20:02:03','2025-04-15 20:02:03'),
(460,'implementing set-valued k-modes clustering technique to enhance the quality of library book recommendation system using hybrid semantic ontology-based model',2023,'https://www.scopus.com/record/display.uri?eid=2-s2.0-85186119666&origin=resultslist',NULL,'https://sinta.kemdikbud.go.id/authors/profile/5996275',NULL,'2025-04-15 20:02:03','2025-04-15 20:02:03'),
(461,'boosting the performance of hybrid semantic ontology-based model using density rough k-modes clustering technique on library book recommendation system',2023,'https://www.scopus.com/record/display.uri?eid=2-s2.0-85186516014&origin=resultslist','https://scholar.google.com/scholar?q=+intitle:\'boosting the performance of hybrid semantic ontology-based model using density rough k-modes clustering technique on library book recommendation system\'','https://sinta.kemdikbud.go.id/authors/profile/5996275',NULL,'2025-04-15 20:02:03','2025-04-15 20:02:03'),
(462,'a minmax item-based method for multi-criteria recommendation systems',2023,'https://www.scopus.com/record/display.uri?eid=2-s2.0-85184349773&origin=resultslist',NULL,'https://sinta.kemdikbud.go.id/authors/profile/5996275',NULL,'2025-04-15 20:02:03','2025-04-15 20:02:03'),
(463,'character-based string matching similarity algorithms for madurese spelling correction: a preliminary study',2023,'https://www.scopus.com/record/display.uri?eid=2-s2.0-85182274336&origin=resultslist',NULL,'https://sinta.kemdikbud.go.id/authors/profile/5996275',NULL,'2025-04-15 20:02:03','2025-04-15 20:02:03'),
(464,'madureseset: madurese-indonesian dataset',2023,'https://www.scopus.com/record/display.uri?eid=2-s2.0-85150419650&origin=resultslist',NULL,'https://sinta.kemdikbud.go.id/authors/profile/5996275',NULL,'2025-04-15 20:02:03','2025-04-15 20:02:03'),
(465,'the implementation of hybrid semantic ontology-based model on movie recommendation system',2022,'https://www.scopus.com/record/display.uri?eid=2-s2.0-85149129331&origin=resultslist',NULL,'https://sinta.kemdikbud.go.id/authors/profile/5996275',NULL,'2025-04-15 20:02:03','2025-04-15 20:02:03'),
(466,'modifiedecs (mecs) algorithm for madurese-indonesian rule-based machine translation',2022,'https://www.scopus.com/record/display.uri?eid=2-s2.0-85149525092&origin=resultslist',NULL,'https://sinta.kemdikbud.go.id/authors/profile/5996275',NULL,'2025-04-15 20:02:03','2025-04-15 20:02:03'),
(467,'a user-based normalization multi-criteria rating approach for hotel recommendation system',2021,'https://www.scopus.com/record/display.uri?eid=2-s2.0-85118861643&origin=resultslist',NULL,'https://sinta.kemdikbud.go.id/authors/profile/5996275',NULL,'2025-04-15 20:02:03','2025-04-15 20:02:03'),
(468,'a new weighted-learning approach for exploiting data sparsity in tag-based item recommendation systems',2021,'https://www.scopus.com/record/display.uri?eid=2-s2.0-85099604030&origin=resultslist',NULL,'https://sinta.kemdikbud.go.id/authors/profile/5996275',NULL,'2025-04-15 20:02:03','2025-04-15 20:02:03'),
(469,'aplikasi sistem rekomendasi film berbasis hybrid kombinasi metode user-based dan item-based',2024,NULL,'https://scholar.google.com/scholar?q=+intitle:\'aplikasi sistem rekomendasi film berbasis hybrid kombinasi metode user-based dan item-based\'','https://sinta.kemdikbud.go.id/authors/profile/5996275',NULL,'2025-04-15 20:02:03','2025-04-15 20:02:03'),
(470,'leveraging hybrid semantic ontology-based model for library book recommendation system',2024,NULL,'https://scholar.google.com/scholar?q=+intitle:\'leveraging hybrid semantic ontology-based model for library book recommendation system\'','https://sinta.kemdikbud.go.id/authors/profile/5996275',NULL,'2025-04-15 20:02:03','2025-04-15 20:02:03'),
(471,'studi literatur penerapan clustering data numerik untuk sistem rekomendasi berbasis collaborative filtering',2024,NULL,'https://scholar.google.com/scholar?q=+intitle:\'studi literatur penerapan clustering data numerik untuk sistem rekomendasi berbasis collaborative filtering\'','https://sinta.kemdikbud.go.id/authors/profile/5996275','https://garuda.kemdikbud.go.id/documents/detail/4429966','2025-04-15 20:02:03','2025-04-15 20:02:03'),
(472,'aplikasi sistem rekomendasi film berbasis grup menggunakan metode improved triangle similarity',2024,NULL,'https://scholar.google.com/scholar?q=+intitle:\'aplikasi sistem rekomendasi film berbasis grup menggunakan metode improved triangle similarity\'','https://sinta.kemdikbud.go.id/authors/profile/5996275',NULL,'2025-04-15 20:02:03','2025-04-15 20:02:03'),
(473,'dampak pembobotan pada metode hybrid user-based dan item-based untuk sistem rekomendasi film',2024,NULL,'https://scholar.google.com/scholar?q=+intitle:\'dampak pembobotan pada metode hybrid user-based dan item-based untuk sistem rekomendasi film\'','https://sinta.kemdikbud.go.id/authors/profile/5996275','https://garuda.kemdikbud.go.id/documents/detail/4614774','2025-04-15 20:02:03','2025-04-15 20:02:03'),
(474,'aplikasi sistem rekomendasi film yang menerapkan metode hybrid user-based dan item-based collaborative filtering berbasis pembobotan',2024,NULL,'https://scholar.google.com/scholar?q=+intitle:\'aplikasi sistem rekomendasi film yang menerapkan metode hybrid user-based dan item-based collaborative filtering berbasis pembobotan\'','https://sinta.kemdikbud.go.id/authors/profile/5996275',NULL,'2025-04-15 20:02:03','2025-04-15 20:02:03'),
(475,'sistem bimbingan proposal skripsi (simbas)',2023,NULL,'https://scholar.google.com/scholar?q=+intitle:\'sistem bimbingan proposal skripsi (simbas)\'','https://sinta.kemdikbud.go.id/authors/profile/5996275',NULL,'2025-04-15 20:02:03','2025-04-15 20:02:03'),
(476,'notation of javanese gamelan dataset for traditional music apllications',2023,NULL,'https://scholar.google.com/scholar?q=+intitle:\'notation of javanese gamelan dataset for traditional music apllications\'','https://sinta.kemdikbud.go.id/authors/profile/5996275',NULL,'2025-04-15 20:02:03','2025-04-15 20:02:03'),
(477,'normalization based multi-criteria collaborative filtering approach for recommendation system',2020,NULL,NULL,'https://sinta.kemdikbud.go.id/authors/profile/5996275','https://garuda.kemdikbud.go.id/documents/detail/2355954','2025-04-15 20:02:03','2025-04-15 20:02:03'),
(478,'pembelajaran interaktif pemrograman web dengan menggunakan media cms bagi guru dan siswa smkn 1 kamal',2019,NULL,NULL,'https://sinta.kemdikbud.go.id/authors/profile/5996275','https://garuda.kemdikbud.go.id/documents/detail/1486904','2025-04-15 20:02:03','2025-04-15 20:02:03'),
(479,'multi-criteria based item recommendation methods',2019,NULL,NULL,'https://sinta.kemdikbud.go.id/authors/profile/5996275','https://garuda.kemdikbud.go.id/documents/detail/1759833','2025-04-15 20:02:03','2025-04-15 20:02:03'),
(480,'impact of imputation on cluster-based collaborative filtering approach for recommendation system',2019,NULL,NULL,'https://sinta.kemdikbud.go.id/authors/profile/5996275','https://garuda.kemdikbud.go.id/documents/detail/2273505','2025-04-15 20:02:03','2025-04-15 20:02:03'),
(481,'pembuatan web portal sindikasi berita indonesia dengan klasifikasi metode single pass clustering',2011,NULL,NULL,'https://sinta.kemdikbud.go.id/authors/profile/5996275','https://garuda.kemdikbud.go.id/documents/detail/2330656','2025-04-15 20:02:03','2025-04-15 20:02:03'),
(482,'analysis and design of indonesian traditional medicine (jamu) information system by using prototyping model (case study: madura island)',2024,'https://www.scopus.com/record/display.uri?eid=2-s2.0-85185389408&origin=resultslist','https://scholar.google.com/scholar?q=+intitle:\'analysis and design of indonesian traditional medicine (jamu) information system by using prototyping model (case study: madura island)\'','https://sinta.kemdikbud.go.id/authors/profile/6675341',NULL,'2025-04-15 20:02:03','2025-04-15 20:02:03'),
(483,'production forecasting of indonesian traditional medicine (jamu) based on information system by using single exponential smoothing method',2024,'https://www.scopus.com/record/display.uri?eid=2-s2.0-85193270393&origin=resultslist','https://scholar.google.com/scholar?q=+intitle:\'production forecasting of indonesian traditional medicine (jamu) based on information system by using single exponential smoothing method\'','https://sinta.kemdikbud.go.id/authors/profile/6675341',NULL,'2025-04-15 20:02:03','2025-04-15 20:02:03'),
(484,'forecasting seasonal rainfall levels using the convolution neural network (cnn) method',2024,'https://www.scopus.com/record/display.uri?eid=2-s2.0-85212937367&origin=resultslist',NULL,'https://sinta.kemdikbud.go.id/authors/profile/6675341',NULL,'2025-04-15 20:02:03','2025-04-15 20:02:03'),
(485,'system dynamics modeling for evaluating the profits of the upstream supply chain of citronella oil',2024,'https://www.scopus.com/record/display.uri?eid=2-s2.0-85194070399&origin=resultslist','https://scholar.google.com/scholar?q=+intitle:\'system dynamics modeling for evaluating the profits of the upstream supply chain of citronella oil\'','https://sinta.kemdikbud.go.id/authors/profile/6675341',NULL,'2025-04-15 20:02:03','2025-04-15 20:02:03'),
(486,'design of integrated computer aided process planning and bill of material in industry 4.0 environment',2021,'https://www.scopus.com/record/display.uri?eid=2-s2.0-85146996385&origin=resultslist',NULL,'https://sinta.kemdikbud.go.id/authors/profile/6675341',NULL,'2025-04-15 20:02:03','2025-04-15 20:02:03'),
(487,'conceptual model of essential oil agroindustry development by using system dynamics approach',2021,'https://www.scopus.com/record/display.uri?eid=2-s2.0-85147007063&origin=resultslist',NULL,'https://sinta.kemdikbud.go.id/authors/profile/6675341',NULL,'2025-04-15 20:02:03','2025-04-15 20:02:03'),
(488,'decision support system for determination of development of small and medium industries using vikor',2020,'https://www.scopus.com/record/display.uri?eid=2-s2.0-85091787084&origin=resultslist',NULL,'https://sinta.kemdikbud.go.id/authors/profile/6675341',NULL,'2025-04-15 20:02:03','2025-04-15 20:02:03'),
(489,'a web-based electronic data interchange as supplier and assembly interface',2019,'https://www.scopus.com/record/display.uri?eid=2-s2.0-85078078746&origin=resultslist',NULL,'https://sinta.kemdikbud.go.id/authors/profile/6675341',NULL,'2025-04-15 20:02:03','2025-04-15 20:02:03'),
(490,'an integrated website of electronic data interchange and computer-aided process planning in production outsourcing',2018,'https://www.scopus.com/record/display.uri?eid=2-s2.0-85064690855&origin=resultslist',NULL,'https://sinta.kemdikbud.go.id/authors/profile/6675341',NULL,'2025-04-15 20:02:03','2025-04-15 20:02:03'),
(491,'a literature review of electronic data interchange as electronic business communication for manufacturing',2018,'https://www.scopus.com/record/display.uri?eid=2-s2.0-85061129778&origin=resultslist',NULL,'https://sinta.kemdikbud.go.id/authors/profile/6675341',NULL,'2025-04-15 20:02:03','2025-04-15 20:02:03'),
(492,'text mining based process identification and business process mapping from job description documents',2024,NULL,'https://scholar.google.com/scholar?q=+intitle:\'text mining based process identification and business process mapping from job description documents\'','https://sinta.kemdikbud.go.id/authors/profile/6675341',NULL,'2025-04-15 20:02:03','2025-04-15 20:02:03'),
(493,'implementasi support vector machine (svm) dengan bag-of-words untuk klasifikasi jamu tradisional madura',2024,NULL,'https://scholar.google.com/scholar?q=+intitle:\'implementasi support vector machine (svm) dengan bag-of-words untuk klasifikasi jamu tradisional madura\'','https://sinta.kemdikbud.go.id/authors/profile/6675341','https://garuda.kemdikbud.go.id/documents/detail/4779729','2025-04-15 20:02:03','2025-04-15 20:02:03'),
(494,'relevance of the retrieval of hadith information (rohi) using bidirectional encoder representations from transformers (bert) in religious education media',2024,NULL,'https://scholar.google.com/scholar?q=+intitle:\'relevance of the retrieval of hadith information (rohi) using bidirectional encoder representations from transformers (bert) in religious education media\'','https://sinta.kemdikbud.go.id/authors/profile/6675341',NULL,'2025-04-15 20:02:03','2025-04-15 20:02:03'),
(495,'implementasi metode waterfall pada sistem informasi persediaan rempah untuk produksi jamu madura',2024,NULL,'https://scholar.google.com/scholar?q=+intitle:\'implementasi metode waterfall pada sistem informasi persediaan rempah untuk produksi jamu madura\'','https://sinta.kemdikbud.go.id/authors/profile/6675341','https://garuda.kemdikbud.go.id/documents/detail/4481999','2025-04-15 20:02:03','2025-04-15 20:02:03'),
(496,'klasifikasi jamu tradisional madura menggunakan metode k-nearest neighbors (knn) dan term frequency-inverse document frequency (tf-idf) sebagai representasi teks',2024,NULL,'https://scholar.google.com/scholar?q=+intitle:\'klasifikasi jamu tradisional madura menggunakan metode k-nearest neighbors (knn) dan term frequency-inverse document frequency (tf-idf) sebagai representasi teks\'','https://sinta.kemdikbud.go.id/authors/profile/6675341','https://garuda.kemdikbud.go.id/documents/detail/4659031','2025-04-15 20:02:03','2025-04-15 20:02:03'),
(497,'implementasi support vector machine (svm) dengan query expansion ranking pada review penggunaan jamu madura',2024,NULL,'https://scholar.google.com/scholar?q=+intitle:\'implementasi support vector machine (svm) dengan query expansion ranking pada review penggunaan jamu madura\'','https://sinta.kemdikbud.go.id/authors/profile/6675341','https://garuda.kemdikbud.go.id/documents/detail/4719763','2025-04-15 20:02:03','2025-04-15 20:02:03'),
(498,'sistem informasi e-office pada lembaga bimbingan belajar',2023,NULL,'https://scholar.google.com/scholar?q=+intitle:\'sistem informasi e-office pada lembaga bimbingan belajar\'','https://sinta.kemdikbud.go.id/authors/profile/6675341','https://garuda.kemdikbud.go.id/documents/detail/3469704','2025-04-15 20:02:03','2025-04-15 20:02:03'),
(499,'aplikasi database rempah untuk produksi jamu madura berbasis website',2023,NULL,NULL,'https://sinta.kemdikbud.go.id/authors/profile/6675341','https://garuda.kemdikbud.go.id/documents/detail/4455779','2025-04-15 20:02:03','2025-04-15 20:02:03'),
(500,'perancangan sistem informasi peramalan jasa bengkel mobil dengan metode weighted moving average',2022,NULL,NULL,'https://sinta.kemdikbud.go.id/authors/profile/6675341','https://garuda.kemdikbud.go.id/documents/detail/2923282','2025-04-15 20:02:03','2025-04-15 20:02:03'),
(501,'implementation of moora\'s multi criteria decision making (mcdm) method in determining smes indicators after the covid-19 pandemic',2022,NULL,NULL,'https://sinta.kemdikbud.go.id/authors/profile/6675341','https://garuda.kemdikbud.go.id/documents/detail/3203881','2025-04-15 20:02:03','2025-04-15 20:02:03'),
(502,'sistem informasi persediaan jamu madura menggunakan metode waterfall',2022,NULL,NULL,'https://sinta.kemdikbud.go.id/authors/profile/6675341','https://garuda.kemdikbud.go.id/documents/detail/3208373','2025-04-15 20:02:03','2025-04-15 20:02:03'),
(503,'sistem pendukung keputusan penerimaan mahasiswa baru menggunakan metode logika fuzzy model sugeno',2015,NULL,NULL,'https://sinta.kemdikbud.go.id/authors/profile/6675341','https://garuda.kemdikbud.go.id/documents/detail/1759913','2025-04-15 20:02:03','2025-04-15 20:02:03'),
(504,'efficientnetv2-s enhancement to classify acute lymphoblastic leukemia: integrating pre-trained models and grid search for optimal performance',2025,'https://www.scopus.com/record/display.uri?eid=2-s2.0-85214260701&origin=resultslist',NULL,'https://sinta.kemdikbud.go.id/authors/profile/5977254',NULL,'2025-04-15 20:02:03','2025-04-15 20:02:03'),
(505,'alexnet architecture modification to classify acute lymphoblastic leukemia images',2024,'https://www.scopus.com/record/display.uri?eid=2-s2.0-85200048130&origin=resultslist','https://scholar.google.com/scholar?q=+intitle:\'alexnet architecture modification to classify acute lymphoblastic leukemia images\'','https://sinta.kemdikbud.go.id/authors/profile/5977254',NULL,'2025-04-15 20:02:03','2025-04-15 20:02:03'),
(506,'a novel hybrid convolutional and network encapsulation approach in efficientnetv2-s architecture for acute lymphoblastic leukemia classification',2024,'https://www.scopus.com/record/display.uri?eid=2-s2.0-85207889044&origin=resultslist',NULL,'https://sinta.kemdikbud.go.id/authors/profile/5977254',NULL,'2025-04-15 20:02:03','2025-04-15 20:02:03'),
(507,'chest x-ray image segmentation using 2d v-net algorithm to improve diagnosis of lung disease',2024,'https://www.scopus.com/record/display.uri?eid=2-s2.0-85208416210&origin=resultslist','https://scholar.google.com/scholar?q=+intitle:\'chest x-ray image segmentation using 2d v-net algorithm to improve diagnosis of lung disease\'','https://sinta.kemdikbud.go.id/authors/profile/5977254',NULL,'2025-04-15 20:02:03','2025-04-15 20:02:03'),
(508,'a new approach to modify post transfer learning with mobilenetv2 architecture to classify acute lymphoblastic leukemia',2023,'https://www.scopus.com/record/display.uri?eid=2-s2.0-85187788139&origin=resultslist','https://scholar.google.com/scholar?q=+intitle:\'a new approach to modify post transfer learning with mobilenetv2 architecture to classify acute lymphoblastic leukemia\'','https://sinta.kemdikbud.go.id/authors/profile/5977254',NULL,'2025-04-15 20:02:03','2025-04-15 20:02:03'),
(509,'rice leaf diseases classification using deep learning based on efficientnetb3 architecture with transfer learning',2023,'https://www.scopus.com/record/display.uri?eid=2-s2.0-85191303352&origin=resultslist',NULL,'https://sinta.kemdikbud.go.id/authors/profile/5977254',NULL,'2025-04-15 20:02:03','2025-04-15 20:02:03'),
(510,'classification of covid-19 disease from chest x-ray images using the squeezenet and bayesian optimization methods',2023,'https://www.scopus.com/record/display.uri?eid=2-s2.0-85183463504&origin=resultslist',NULL,'https://sinta.kemdikbud.go.id/authors/profile/5977254',NULL,'2025-04-15 20:02:03','2025-04-15 20:02:03'),
(511,'classification of corn leaf diseases using loss-fused convolutional neural network',2023,'https://www.scopus.com/record/display.uri?eid=2-s2.0-85175993555&origin=resultslist',NULL,'https://sinta.kemdikbud.go.id/authors/profile/5977254',NULL,'2025-04-15 20:02:03','2025-04-15 20:02:03'),
(512,'chest x-ray dataset and ground truth for lung segmentation',2023,'https://www.scopus.com/record/display.uri?eid=2-s2.0-85173486785&origin=resultslist',NULL,'https://sinta.kemdikbud.go.id/authors/profile/5977254',NULL,'2025-04-15 20:02:03','2025-04-15 20:02:03'),
(513,'improvement of chest x-ray image segmentation accuracy based on fca-net',2023,'https://www.scopus.com/record/display.uri?eid=2-s2.0-85163602673&origin=resultslist','https://scholar.google.com/scholar?q=+intitle:\'improvement of chest x-ray image segmentation accuracy based on fca-net\'','https://sinta.kemdikbud.go.id/authors/profile/5977254',NULL,'2025-04-15 20:02:03','2025-04-15 20:02:03'),
(514,'efficientnetv2-s enhancement to classify acute lymphoblastic leukemia: integrating pre-trained models and grid search for optimal performance.',2025,NULL,'https://scholar.google.com/scholar?q=+intitle:\'efficientnetv2-s enhancement to classify acute lymphoblastic leukemia: integrating pre-trained models and grid search for optimal performance.\'','https://sinta.kemdikbud.go.id/authors/profile/5977254',NULL,'2025-04-15 20:02:03','2025-04-15 20:02:03'),
(515,'hybrid solar-lpg dryer for efficient shallot post-harvest drying',2025,NULL,'https://scholar.google.com/scholar?q=+intitle:\'hybrid solar-lpg dryer for efficient shallot post-harvest drying\'','https://sinta.kemdikbud.go.id/authors/profile/5977254',NULL,'2025-04-15 20:02:03','2025-04-15 20:02:03'),
(516,'implementasi mask r-cnn untuk identifikasi cacat pada pengelasan shielded metal arc welding (smaw)',2024,NULL,'https://scholar.google.com/scholar?q=+intitle:\'implementasi mask r-cnn untuk identifikasi cacat pada pengelasan shielded metal arc welding (smaw)\'','https://sinta.kemdikbud.go.id/authors/profile/5977254',NULL,'2025-04-15 20:02:03','2025-04-15 20:02:03'),
(517,'a novel hybrid convolutional and network encapsulation approach in efficientnetv2-s architecture for acute lymphoblastic leukemia classification.',2024,NULL,'https://scholar.google.com/scholar?q=+intitle:\'a novel hybrid convolutional and network encapsulation approach in efficientnetv2-s architecture for acute lymphoblastic leukemia classification.\'','https://sinta.kemdikbud.go.id/authors/profile/5977254',NULL,'2025-04-15 20:02:03','2025-04-15 20:02:03'),
(518,'klasifikasi covid-19 menggunakan arsitektur darkcovidnet pada citra radiografi x-ray dada',2024,NULL,'https://scholar.google.com/scholar?q=+intitle:\'klasifikasi covid-19 menggunakan arsitektur darkcovidnet pada citra radiografi x-ray dada\'','https://sinta.kemdikbud.go.id/authors/profile/5977254','https://garuda.kemdikbud.go.id/documents/detail/4509530','2025-04-15 20:02:03','2025-04-15 20:02:03'),
(519,'deteksi cacat hasil pengelasan shielded metal arc welding (smaw) berbasis image processing menggunakan yolov8',2024,NULL,'https://scholar.google.com/scholar?q=+intitle:\'deteksi cacat hasil pengelasan shielded metal arc welding (smaw) berbasis image processing menggunakan yolov8\'','https://sinta.kemdikbud.go.id/authors/profile/5977254',NULL,'2025-04-15 20:02:03','2025-04-15 20:02:03'),
(520,'classification of corn seed quality using convolutional neural network with region proposal and data augmentation',2023,NULL,NULL,'https://sinta.kemdikbud.go.id/authors/profile/5977254','https://garuda.kemdikbud.go.id/documents/detail/3478462','2025-04-15 20:02:03','2025-04-15 20:02:03'),
(521,'analisis penggunaan teknik load balancing untuk optimalisasi jaringan',2022,NULL,NULL,'https://sinta.kemdikbud.go.id/authors/profile/5977254','https://garuda.kemdikbud.go.id/documents/detail/3076937','2025-04-15 20:02:03','2025-04-15 20:02:03'),
(522,'game edukasi berbasis kinect untuk memperkenalkan bentuk dan warna bagi siswa berkebutuhan khusus',2022,NULL,NULL,'https://sinta.kemdikbud.go.id/authors/profile/5977254','https://garuda.kemdikbud.go.id/documents/detail/3153272','2025-04-15 20:02:03','2025-04-15 20:02:03'),
(523,'kajian literatur sistem pendukung keputusan penerimaan beasiswa',2021,NULL,NULL,'https://sinta.kemdikbud.go.id/authors/profile/5977254','https://garuda.kemdikbud.go.id/documents/detail/2341218','2025-04-15 20:02:03','2025-04-15 20:02:03'),
(524,'pembuatan dan digitalisasi batik tulis madura pada ukm batik bangkalan',2019,NULL,NULL,'https://sinta.kemdikbud.go.id/authors/profile/5977254','https://garuda.kemdikbud.go.id/documents/detail/1486900','2025-04-15 20:02:03','2025-04-15 20:02:03'),
(525,'performance analysis of color cascading framework on two different classifiers in malaria detection',2018,NULL,NULL,'https://sinta.kemdikbud.go.id/authors/profile/5977254','https://garuda.kemdikbud.go.id/documents/detail/1215236','2025-04-15 20:02:03','2025-04-15 20:02:03'),
(526,'multi-criteria in discriminullt analysis to find the dominullt features',2016,NULL,NULL,'https://sinta.kemdikbud.go.id/authors/profile/5977254','https://garuda.kemdikbud.go.id/documents/detail/1881671','2025-04-15 20:02:03','2025-04-15 20:02:03'),
(527,'determination of values in the means clustering algorithm for national salt commodities',2024,'https://www.scopus.com/record/display.uri?eid=2-s2.0-85200674812&origin=resultslist',NULL,'https://sinta.kemdikbud.go.id/authors/profile/6652351',NULL,'2025-04-15 20:02:03','2025-04-15 20:02:03'),
(528,'prediction of corn crop yield using backpropagation neural network algorithm',2023,'https://www.scopus.com/record/display.uri?eid=2-s2.0-85146512745&origin=resultslist','https://scholar.google.com/scholar?q=+intitle:\'prediction of corn crop yield using backpropagation neural network algorithm\'','https://sinta.kemdikbud.go.id/authors/profile/6652351',NULL,'2025-04-15 20:02:03','2025-04-15 20:02:03'),
(529,'diagnosis system of cattle diseases using case-based reasoning and nearest neighbor similarity methods',2022,'https://www.scopus.com/record/display.uri?eid=2-s2.0-85147094415&origin=resultslist','https://scholar.google.com/scholar?q=+intitle:\'diagnosis system of cattle diseases using case-based reasoning and nearest neighbor similarity methods\'','https://sinta.kemdikbud.go.id/authors/profile/6652351',NULL,'2025-04-15 20:02:03','2025-04-15 20:02:03'),
(530,'comparison of backpropagation and ernn methods in predicting corn production',2022,'https://www.scopus.com/record/display.uri?eid=2-s2.0-85123920145&origin=resultslist','https://scholar.google.com/scholar?q=+intitle:\'comparison of backpropagation and ernn methods in predicting corn production\'','https://sinta.kemdikbud.go.id/authors/profile/6652351',NULL,'2025-04-15 20:02:03','2025-04-15 20:02:03'),
(531,'development of a web-based \"let\'s donate\" fundraising information system',2021,'https://www.scopus.com/record/display.uri?eid=2-s2.0-85146999247&origin=resultslist',NULL,'https://sinta.kemdikbud.go.id/authors/profile/6652351',NULL,'2025-04-15 20:02:03','2025-04-15 20:02:03'),
(532,'user experience measurement on augmented reality mobile application for learning to read using a phonics-based approach',2021,'https://www.scopus.com/record/display.uri?eid=2-s2.0-85133533846&origin=resultslist',NULL,'https://sinta.kemdikbud.go.id/authors/profile/6652351',NULL,'2025-04-15 20:02:03','2025-04-15 20:02:03'),
(533,'the arrangement of convolutional neural network layers for digit speech recognition',2021,'https://www.scopus.com/record/display.uri?eid=2-s2.0-85133538637&origin=resultslist',NULL,'https://sinta.kemdikbud.go.id/authors/profile/6652351',NULL,'2025-04-15 20:02:03','2025-04-15 20:02:03'),
(534,'comparison of saw and wp methods to determine the best agricultural land',2021,'https://www.scopus.com/record/display.uri?eid=2-s2.0-85108200052&origin=resultslist',NULL,'https://sinta.kemdikbud.go.id/authors/profile/6652351',NULL,'2025-04-15 20:02:03','2025-04-15 20:02:03'),
(535,'web-based e-teylor sales indormation system design',2021,'https://www.scopus.com/record/display.uri?eid=2-s2.0-85146995643&origin=resultslist',NULL,'https://sinta.kemdikbud.go.id/authors/profile/6652351',NULL,'2025-04-15 20:02:03','2025-04-15 20:02:03'),
(536,'candidate selection of athletes sparring for boy category pencak silat using topsis: case study in psht pencak silat',2020,'https://www.scopus.com/record/display.uri?eid=2-s2.0-85083711416&origin=resultslist',NULL,'https://sinta.kemdikbud.go.id/authors/profile/6652351',NULL,'2025-04-15 20:02:03','2025-04-15 20:02:03'),
(537,'classification of diabetes mellitus disease at rato ebuh hospital-indonesia using the k-nearest neighbors method based on missing value',2024,NULL,'https://scholar.google.com/scholar?q=+intitle:\'classification of diabetes mellitus disease at rato ebuh hospital-indonesia using the k-nearest neighbors method based on missing value\'','https://sinta.kemdikbud.go.id/authors/profile/6652351',NULL,'2025-04-15 20:02:03','2025-04-15 20:02:03'),
(538,'determination of k values in the k means clustering algorithm for national salt commodities',2024,NULL,'https://scholar.google.com/scholar?q=+intitle:\'determination of k values in the k means clustering algorithm for national salt commodities\'','https://sinta.kemdikbud.go.id/authors/profile/6652351',NULL,'2025-04-15 20:02:03','2025-04-15 20:02:03'),
(539,'implementation of the fuzzy analytical network process method in decision making on the granting of non-occupied building permits',2023,NULL,'https://scholar.google.com/scholar?q=+intitle:\'implementation of the fuzzy analytical network process method in decision making on the granting of non-occupied building permits\'','https://sinta.kemdikbud.go.id/authors/profile/6652351',NULL,'2025-04-15 20:02:03','2025-04-15 20:02:03'),
(540,'the determination of aplace of popular tourism on the island of madura using weighted product (wp)',2023,NULL,'https://scholar.google.com/scholar?q=+intitle:\'the determination of aplace of popular tourism on the island of madura using weighted product (wp)\'','https://sinta.kemdikbud.go.id/authors/profile/6652351',NULL,'2025-04-15 20:02:03','2025-04-15 20:02:03'),
(541,'cross-language tourism news retrieval system using google translate api on sebi search engine',2023,NULL,'https://scholar.google.com/scholar?q=+intitle:\'cross-language tourism news retrieval system using google translate api on sebi search engine\'','https://sinta.kemdikbud.go.id/authors/profile/6652351',NULL,'2025-04-15 20:02:03','2025-04-15 20:02:03'),
(542,'algoritma pemrograman',2022,NULL,'https://scholar.google.com/scholar?q=+intitle:\'algoritma pemrograman\'','https://sinta.kemdikbud.go.id/authors/profile/6652351',NULL,'2025-04-15 20:02:03','2025-04-15 20:02:03'),
(543,'perancangan sistem informasi monitoring dan evaluasi prakerin berbasis website menggunakan metode human centered design di smkn 1 sepulu',2022,NULL,'https://scholar.google.com/scholar?q=+intitle:\'perancangan sistem informasi monitoring dan evaluasi prakerin berbasis website menggunakan metode human centered design di smkn 1 sepulu\'','https://sinta.kemdikbud.go.id/authors/profile/6652351',NULL,'2025-04-15 20:02:03','2025-04-15 20:02:03'),
(544,'penerapan metode smart untuk seleksi peserta turnamen pada cabang olahraga bola basket',2019,NULL,NULL,'https://sinta.kemdikbud.go.id/authors/profile/6652351','https://garuda.kemdikbud.go.id/documents/detail/1850633','2025-04-15 20:02:03','2025-04-15 20:02:03'),
(545,'pengembangan aplikasi managemen tugas skripsi (studi kasus : program studi teknik informatika universitas trunojoyo madura)',2019,NULL,NULL,'https://sinta.kemdikbud.go.id/authors/profile/6652351','https://garuda.kemdikbud.go.id/documents/detail/1102690','2025-04-15 20:02:03','2025-04-15 20:02:03'),
(546,'klasifikasi berita olahraga menggunakan metode nave bayes dengan enhanced confix stripping stemmer',2018,NULL,NULL,'https://sinta.kemdikbud.go.id/authors/profile/6652351','https://garuda.kemdikbud.go.id/documents/detail/754268','2025-04-15 20:02:03','2025-04-15 20:02:03'),
(547,'aplikasi penilaian kuliah kerja nyata universitas trunojoyo madura menggunakan metode rating scale',2017,NULL,NULL,'https://sinta.kemdikbud.go.id/authors/profile/6652351','https://garuda.kemdikbud.go.id/documents/detail/1759797','2025-04-15 20:02:03','2025-04-15 20:02:03'),
(548,'implementasi metode servqual dan saw untuk analisa kepuasan pasien berdasarkan kualitas pelayanull poli rawat jalan',2017,NULL,NULL,'https://sinta.kemdikbud.go.id/authors/profile/6652351','https://garuda.kemdikbud.go.id/documents/detail/990835','2025-04-15 20:02:03','2025-04-15 20:02:03'),
(549,'inception-v3 with reduce learning rate for optimization of lung cancer histopathology classification',2024,'https://www.scopus.com/record/display.uri?eid=2-s2.0-85191567948&origin=resultslist',NULL,'https://sinta.kemdikbud.go.id/authors/profile/6094138',NULL,'2025-04-15 20:02:03','2025-04-15 20:02:03'),
(550,'transfer learning vgg for histopathological lung cancer image classification',2024,'https://www.scopus.com/record/display.uri?eid=2-s2.0-85200684712&origin=resultslist','https://scholar.google.com/scholar?q=+intitle:\'transfer learning vgg for histopathological lung cancer image classification\'','https://sinta.kemdikbud.go.id/authors/profile/6094138',NULL,'2025-04-15 20:02:03','2025-04-15 20:02:03'),
(551,'histopathology of lung cancer classification using convolutional neural network with gamma correction',2022,'https://www.scopus.com/record/display.uri?eid=2-s2.0-85136189822&origin=resultslist',NULL,'https://sinta.kemdikbud.go.id/authors/profile/6094138',NULL,'2025-04-15 20:02:03','2025-04-15 20:02:03'),
(552,'modified-residual network for maize stalk rots diseases classification',2022,'https://www.scopus.com/record/display.uri?eid=2-s2.0-85140448800&origin=resultslist',NULL,'https://sinta.kemdikbud.go.id/authors/profile/6094138',NULL,'2025-04-15 20:02:03','2025-04-15 20:02:03'),
(553,'automatic text summarization of madura tourism articles using tf-idf and k-medoid clustering',2022,'https://www.scopus.com/record/display.uri?eid=2-s2.0-85147091428&origin=resultslist',NULL,'https://sinta.kemdikbud.go.id/authors/profile/6094138',NULL,'2025-04-15 20:02:03','2025-04-15 20:02:03'),
(554,'web-based e-teylor sales indormation system design',2021,'https://www.scopus.com/record/display.uri?eid=2-s2.0-85146995643&origin=resultslist',NULL,'https://sinta.kemdikbud.go.id/authors/profile/6094138',NULL,'2025-04-15 20:02:03','2025-04-15 20:02:03'),
(555,'restful web service for madurese and indonesian language translator applications on android devices',2020,'https://www.scopus.com/record/display.uri?eid=2-s2.0-85100438289&origin=resultslist',NULL,'https://sinta.kemdikbud.go.id/authors/profile/6094138',NULL,'2025-04-15 20:02:03','2025-04-15 20:02:03'),
(556,'decision support system for determining the quality of salt in sumenep madura-indonesia',2020,'https://www.scopus.com/record/display.uri?eid=2-s2.0-85083741221&origin=resultslist',NULL,'https://sinta.kemdikbud.go.id/authors/profile/6094138',NULL,'2025-04-15 20:02:03','2025-04-15 20:02:03'),
(557,'web service for search engine bahasa indonesia (sebi)',2020,'https://www.scopus.com/record/display.uri?eid=2-s2.0-85091736964&origin=resultslist',NULL,'https://sinta.kemdikbud.go.id/authors/profile/6094138',NULL,'2025-04-15 20:02:03','2025-04-15 20:02:03'),
(558,'extraction system web content sports new based on web crawler multi thread',2020,'https://www.scopus.com/record/display.uri?eid=2-s2.0-85091767055&origin=resultslist',NULL,'https://sinta.kemdikbud.go.id/authors/profile/6094138',NULL,'2025-04-15 20:02:03','2025-04-15 20:02:03'),
(559,'strategi pengolahan sampah di kampus universitas trunojoyo madura',2025,NULL,'https://scholar.google.com/scholar?q=+intitle:\'strategi pengolahan sampah di kampus universitas trunojoyo madura\'','https://sinta.kemdikbud.go.id/authors/profile/6094138','https://garuda.kemdikbud.go.id/documents/detail/4659840','2025-04-15 20:02:03','2025-04-15 20:02:03'),
(560,'pemanfaatan sabut kelapa menjadi cocopeat dan cocofiber dalam upaya peningkatan ekonomi masyarakat desa grujugan sumenep',2024,NULL,'https://scholar.google.com/scholar?q=+intitle:\'pemanfaatan sabut kelapa menjadi cocopeat dan cocofiber dalam upaya peningkatan ekonomi masyarakat desa grujugan sumenep\'','https://sinta.kemdikbud.go.id/authors/profile/6094138','https://garuda.kemdikbud.go.id/documents/detail/4773826','2025-04-15 20:02:03','2025-04-15 20:02:03'),
(561,'inception-v3 with reduce learning rate for optimization of lung cancer histopathology classification.',2024,NULL,'https://scholar.google.com/scholar?q=+intitle:\'inception-v3 with reduce learning rate for optimization of lung cancer histopathology classification.\'','https://sinta.kemdikbud.go.id/authors/profile/6094138',NULL,'2025-04-15 20:02:03','2025-04-15 20:02:03'),
(562,'design and development of backend application for thesis management system using microservice architecture and restful api',2023,NULL,'https://scholar.google.com/scholar?q=+intitle:\'design and development of backend application for thesis management system using microservice architecture and restful api\'','https://sinta.kemdikbud.go.id/authors/profile/6094138','https://garuda.kemdikbud.go.id/documents/detail/3635199','2025-04-15 20:02:03','2025-04-15 20:02:03'),
(563,'analisis strategi pemasaran bio-oil di kabupaten sumenep',2023,NULL,'https://scholar.google.com/scholar?q=+intitle:\'analisis strategi pemasaran bio-oil di kabupaten sumenep\'','https://sinta.kemdikbud.go.id/authors/profile/6094138','https://garuda.kemdikbud.go.id/documents/detail/3411778','2025-04-15 20:02:03','2025-04-15 20:02:03'),
(564,'lung cancer classification using random oversampling and gradient boosted decision tree',2023,NULL,'https://scholar.google.com/scholar?q=+intitle:\'lung cancer classification using random oversampling and gradient boosted decision tree\'','https://sinta.kemdikbud.go.id/authors/profile/6094138',NULL,'2025-04-15 20:02:03','2025-04-15 20:02:03'),
(565,'chatbot cerdas sebagai helpdesk objek wisata menggunakan algoritma smith-waterman',2023,NULL,'https://scholar.google.com/scholar?q=+intitle:\'chatbot cerdas sebagai helpdesk objek wisata menggunakan algoritma smith-waterman\'','https://sinta.kemdikbud.go.id/authors/profile/6094138',NULL,'2025-04-15 20:02:03','2025-04-15 20:02:03'),
(566,'haploid diploid maize seeds classification using residual network',2023,NULL,'https://scholar.google.com/scholar?q=+intitle:\'haploid diploid maize seeds classification using residual network\'','https://sinta.kemdikbud.go.id/authors/profile/6094138',NULL,'2025-04-15 20:02:03','2025-04-15 20:02:03'),
(567,'penerapan optimasi media sosial twitter pada website penjualan online untuk meningkatkan jumlah pengunjung',2020,NULL,NULL,'https://sinta.kemdikbud.go.id/authors/profile/6094138','https://garuda.kemdikbud.go.id/documents/detail/1891290','2025-04-15 20:02:03','2025-04-15 20:02:03'),
(568,'salt quality determination using simple additive weighting (saw) and analytical hirarki process (ahp) methods',2019,NULL,NULL,'https://sinta.kemdikbud.go.id/authors/profile/6094138','https://garuda.kemdikbud.go.id/documents/detail/2273415','2025-04-15 20:02:03','2025-04-15 20:02:03'),
(569,'penerapan metode seo on page dan off page pada web penjualan online untuk meningkatkan ranking serp',2019,NULL,NULL,'https://sinta.kemdikbud.go.id/authors/profile/6094138','https://garuda.kemdikbud.go.id/documents/detail/1620116','2025-04-15 20:02:03','2025-04-15 20:02:03'),
(570,'klasifikasi berita olahraga menggunakan metode nave bayes dengan enhanced confix stripping stemmer',2018,NULL,NULL,'https://sinta.kemdikbud.go.id/authors/profile/6094138','https://garuda.kemdikbud.go.id/documents/detail/754268','2025-04-15 20:02:03','2025-04-15 20:02:03'),
(571,'comparison of hand follower and dead-end filler algorithm in solving perfect mazes',2020,'https://www.scopus.com/record/display.uri?eid=2-s2.0-85091745471&origin=resultslist','https://scholar.google.com/scholar?q=+intitle:\'comparison of hand follower and dead-end filler algorithm in solving perfect mazes\'','https://sinta.kemdikbud.go.id/authors/profile/6073558',NULL,'2025-04-15 20:02:03','2025-04-15 20:02:03'),
(572,'performance of color cascading framework on different color-space for malaria identification',2018,'https://www.scopus.com/record/display.uri?eid=2-s2.0-85066501892&origin=resultslist','https://scholar.google.com/scholar?q=+intitle:\'performance of color cascading framework on different color-space for malaria identification\'','https://sinta.kemdikbud.go.id/authors/profile/6073558',NULL,'2025-04-15 20:02:03','2025-04-15 20:02:03'),
(573,'a maze game on android using growing tree method',2018,'https://www.scopus.com/record/display.uri?eid=2-s2.0-85043773238&origin=resultslist','https://scholar.google.com/scholar?q=+intitle:\'a maze game on android using growing tree method\'','https://sinta.kemdikbud.go.id/authors/profile/6073558',NULL,'2025-04-15 20:02:03','2025-04-15 20:02:03'),
(574,'metamorphosis edugame using 2048 game rules',2017,'https://www.scopus.com/record/display.uri?eid=2-s2.0-85049368598&origin=resultslist','https://scholar.google.com/scholar?q=+intitle:\'metamorphosis edugame using 2048 game rules\'','https://sinta.kemdikbud.go.id/authors/profile/6073558',NULL,'2025-04-15 20:02:03','2025-04-15 20:02:03'),
(575,'colour image segmentation for malaria parasites detection using cascading method',2017,'https://www.scopus.com/record/display.uri?eid=2-s2.0-85049344771&origin=resultslist','https://scholar.google.com/scholar?q=+intitle:\'colour image segmentation for malaria parasites detection using cascading method\'','https://sinta.kemdikbud.go.id/authors/profile/6073558',NULL,'2025-04-15 20:02:03','2025-04-15 20:02:03'),
(576,'virtual fitting room mobile application for madura batik clothes',2016,'https://www.scopus.com/record/display.uri?eid=2-s2.0-84985995009&origin=resultslist',NULL,'https://sinta.kemdikbud.go.id/authors/profile/6073558',NULL,'2025-04-15 20:02:03','2025-04-15 20:02:03'),
(577,'double difference motion detection and its application for madura batik virtual fitting room',2015,'https://www.scopus.com/record/display.uri?eid=2-s2.0-84979741029&origin=resultslist',NULL,'https://sinta.kemdikbud.go.id/authors/profile/6073558','https://garuda.kemdikbud.go.id/documents/detail/1881238','2025-04-15 20:02:03','2025-04-15 20:02:03'),
(578,'double difference motion detection and its application for madura batik virtual fitting room',2015,'https://www.scopus.com/record/display.uri?eid=2-s2.0-84999066568&origin=resultslist',NULL,'https://sinta.kemdikbud.go.id/authors/profile/6073558',NULL,'2025-04-15 20:02:03','2025-04-15 20:02:03'),
(579,'medical information retrieval with weighting critical score for acute respiratory infection (ari) desease detection',2023,NULL,'https://scholar.google.com/scholar?q=+intitle:\'medical information retrieval with weighting critical score for acute respiratory infection (ari) desease detection\'','https://sinta.kemdikbud.go.id/authors/profile/6073558',NULL,'2025-04-15 20:02:03','2025-04-15 20:02:03'),
(580,'performance analysis of color cascading framework on two different classifiers in malaria detection',2018,NULL,'https://scholar.google.com/scholar?q=+intitle:\'performance analysis of color cascading framework on two different classifiers in malaria detection\'','https://sinta.kemdikbud.go.id/authors/profile/6073558','https://garuda.kemdikbud.go.id/documents/detail/1215236','2025-04-15 20:02:03','2025-04-15 20:02:03'),
(581,'development of introduction to networking learning materials for class xi tkj in smkn 1 kamal using unity 3d',2018,NULL,'https://scholar.google.com/scholar?q=+intitle:\'development of introduction to networking learning materials for class xi tkj in smkn 1 kamal using unity 3d\'','https://sinta.kemdikbud.go.id/authors/profile/6073558',NULL,'2025-04-15 20:02:03','2025-04-15 20:02:03'),
(582,'performance analisis of color cascading framework on two different classifier in malaria detection',2018,NULL,'https://scholar.google.com/scholar?q=+intitle:\'performance analisis of color cascading framework on two different classifier in malaria detection\'','https://sinta.kemdikbud.go.id/authors/profile/6073558',NULL,'2025-04-15 20:02:03','2025-04-15 20:02:03'),
(583,'menggambar teknik dengan teknologi 3 dimensi bagi guru dan siswa smkn di bangkalan',2018,NULL,'https://scholar.google.com/scholar?q=+intitle:\'menggambar teknik dengan teknologi 3 dimensi bagi guru dan siswa smkn di bangkalan\'','https://sinta.kemdikbud.go.id/authors/profile/6073558','https://garuda.kemdikbud.go.id/documents/detail/1486892','2025-04-15 20:02:03','2025-04-15 20:02:03'),
(584,'development of introduction to networking learning materials for class xi tkj in smkn 1 kamal using unity 3d',2018,NULL,NULL,'https://sinta.kemdikbud.go.id/authors/profile/6073558','https://garuda.kemdikbud.go.id/documents/detail/1920695','2025-04-15 20:02:03','2025-04-15 20:02:03'),
(585,'development of introduction to networking learning materials for class xi tkj in smkn 1 kamal using unity 3d',2018,NULL,NULL,'https://sinta.kemdikbud.go.id/authors/profile/6073558','https://garuda.kemdikbud.go.id/documents/detail/3009039','2025-04-15 20:02:03','2025-04-15 20:02:03'),
(586,'aplikasi uml java code generator menerapkan design pattern',2016,NULL,NULL,'https://sinta.kemdikbud.go.id/authors/profile/6073558','https://garuda.kemdikbud.go.id/documents/detail/584764','2025-04-15 20:02:03','2025-04-15 20:02:03'),
(587,'aplikasi pembelajaran matematika dasar bangun datar menggunakan python pada perangkat bergerak',2016,NULL,NULL,'https://sinta.kemdikbud.go.id/authors/profile/6073558','https://garuda.kemdikbud.go.id/documents/detail/584748','2025-04-15 20:02:03','2025-04-15 20:02:03'),
(588,'pembekalan pemrograman dasar komputer bagi guru tik dan siswa terpilih di tiga mitra sma kabupaten bangkalan',2016,NULL,NULL,'https://sinta.kemdikbud.go.id/authors/profile/6073558','https://garuda.kemdikbud.go.id/documents/detail/1219944','2025-04-15 20:02:03','2025-04-15 20:02:03');
/*!40000 ALTER TABLE `publikasi` ENABLE KEYS */;
UNLOCK TABLES;

--
-- Table structure for table `publikasi_lab`
--

DROP TABLE IF EXISTS `publikasi_lab`;
/*!40101 SET @saved_cs_client     = @@character_set_client */;
/*!40101 SET character_set_client = utf8mb4 */;
CREATE TABLE `publikasi_lab` (
  `id` bigint(20) unsigned NOT NULL AUTO_INCREMENT,
  `id_publikasi` bigint(20) unsigned NOT NULL,
  `id_lab` bigint(20) unsigned DEFAULT NULL,
  `created_at` timestamp NOT NULL DEFAULT current_timestamp(),
  `updated_at` timestamp NOT NULL DEFAULT current_timestamp() ON UPDATE current_timestamp(),
  PRIMARY KEY (`id`),
  KEY `publikasi_lab_id_publikasi_foreign` (`id_publikasi`),
  KEY `publikasi_lab_id_lab_foreign` (`id_lab`),
  CONSTRAINT `publikasi_lab_id_lab_foreign` FOREIGN KEY (`id_lab`) REFERENCES `laboratorium` (`id`) ON DELETE CASCADE,
  CONSTRAINT `publikasi_lab_id_publikasi_foreign` FOREIGN KEY (`id_publikasi`) REFERENCES `publikasi` (`id`) ON DELETE CASCADE
) ENGINE=InnoDB AUTO_INCREMENT=589 DEFAULT CHARSET=utf8mb4 COLLATE=utf8mb4_unicode_ci;
/*!40101 SET character_set_client = @saved_cs_client */;

--
-- Dumping data for table `publikasi_lab`
--

LOCK TABLES `publikasi_lab` WRITE;
/*!40000 ALTER TABLE `publikasi_lab` DISABLE KEYS */;
INSERT INTO `publikasi_lab` VALUES
(1,1,6,'2025-04-15 20:02:03','2025-04-15 20:02:03'),
(2,2,6,'2025-04-15 20:02:03','2025-04-15 20:02:03'),
(3,3,6,'2025-04-15 20:02:03','2025-04-15 20:02:03'),
(4,4,6,'2025-04-15 20:02:03','2025-04-15 20:02:03'),
(5,5,6,'2025-04-15 20:02:03','2025-04-15 20:02:03'),
(6,6,6,'2025-04-15 20:02:03','2025-04-15 20:02:03'),
(7,7,6,'2025-04-15 20:02:03','2025-04-15 20:02:03'),
(8,8,6,'2025-04-15 20:02:03','2025-04-15 20:02:03'),
(9,9,6,'2025-04-15 20:02:03','2025-04-15 20:02:03'),
(10,10,6,'2025-04-15 20:02:03','2025-04-15 20:02:03'),
(11,11,6,'2025-04-15 20:02:03','2025-04-15 20:02:03'),
(12,12,6,'2025-04-15 20:02:03','2025-04-15 20:02:03'),
(13,13,6,'2025-04-15 20:02:03','2025-04-15 20:02:03'),
(14,14,6,'2025-04-15 20:02:03','2025-04-15 20:02:03'),
(15,15,6,'2025-04-15 20:02:03','2025-04-15 20:02:03'),
(16,16,6,'2025-04-15 20:02:03','2025-04-15 20:02:03'),
(17,17,6,'2025-04-15 20:02:03','2025-04-15 20:02:03'),
(18,18,6,'2025-04-15 20:02:03','2025-04-15 20:02:03'),
(19,19,6,'2025-04-15 20:02:03','2025-04-15 20:02:03'),
(20,20,6,'2025-04-15 20:02:03','2025-04-15 20:02:03'),
(21,21,6,'2025-04-15 20:02:03','2025-04-15 20:02:03'),
(22,22,6,'2025-04-15 20:02:03','2025-04-15 20:02:03'),
(23,23,6,'2025-04-15 20:02:03','2025-04-15 20:02:03'),
(24,24,6,'2025-04-15 20:02:03','2025-04-15 20:02:03'),
(25,25,6,'2025-04-15 20:02:03','2025-04-15 20:02:03'),
(26,26,6,'2025-04-15 20:02:03','2025-04-15 20:02:03'),
(27,27,6,'2025-04-15 20:02:03','2025-04-15 20:02:03'),
(28,28,6,'2025-04-15 20:02:03','2025-04-15 20:02:03'),
(29,29,6,'2025-04-15 20:02:03','2025-04-15 20:02:03'),
(30,30,6,'2025-04-15 20:02:03','2025-04-15 20:02:03'),
(31,31,6,'2025-04-15 20:02:03','2025-04-15 20:02:03'),
(32,32,7,'2025-04-15 20:02:03','2025-04-15 20:02:03'),
(33,33,7,'2025-04-15 20:02:03','2025-04-15 20:02:03'),
(34,34,7,'2025-04-15 20:02:03','2025-04-15 20:02:03'),
(35,35,7,'2025-04-15 20:02:03','2025-04-15 20:02:03'),
(36,36,7,'2025-04-15 20:02:03','2025-04-15 20:02:03'),
(37,37,7,'2025-04-15 20:02:03','2025-04-15 20:02:03'),
(38,38,7,'2025-04-15 20:02:03','2025-04-15 20:02:03'),
(39,39,7,'2025-04-15 20:02:03','2025-04-15 20:02:03'),
(40,40,7,'2025-04-15 20:02:03','2025-04-15 20:02:03'),
(41,41,7,'2025-04-15 20:02:03','2025-04-15 20:02:03'),
(42,42,7,'2025-04-15 20:02:03','2025-04-15 20:02:03'),
(43,43,7,'2025-04-15 20:02:03','2025-04-15 20:02:03'),
(44,44,7,'2025-04-15 20:02:03','2025-04-15 20:02:03'),
(45,45,7,'2025-04-15 20:02:03','2025-04-15 20:02:03'),
(46,46,7,'2025-04-15 20:02:03','2025-04-15 20:02:03'),
(47,47,7,'2025-04-15 20:02:03','2025-04-15 20:02:03'),
(48,48,7,'2025-04-15 20:02:03','2025-04-15 20:02:03'),
(49,49,7,'2025-04-15 20:02:03','2025-04-15 20:02:03'),
(50,50,7,'2025-04-15 20:02:03','2025-04-15 20:02:03'),
(51,51,7,'2025-04-15 20:02:03','2025-04-15 20:02:03'),
(52,52,7,'2025-04-15 20:02:03','2025-04-15 20:02:03'),
(53,53,7,'2025-04-15 20:02:03','2025-04-15 20:02:03'),
(54,54,7,'2025-04-15 20:02:03','2025-04-15 20:02:03'),
(55,55,7,'2025-04-15 20:02:03','2025-04-15 20:02:03'),
(56,56,7,'2025-04-15 20:02:03','2025-04-15 20:02:03'),
(57,57,7,'2025-04-15 20:02:03','2025-04-15 20:02:03'),
(58,58,7,'2025-04-15 20:02:03','2025-04-15 20:02:03'),
(59,59,7,'2025-04-15 20:02:03','2025-04-15 20:02:03'),
(60,60,7,'2025-04-15 20:02:03','2025-04-15 20:02:03'),
(61,61,7,'2025-04-15 20:02:03','2025-04-15 20:02:03'),
(62,62,7,'2025-04-15 20:02:03','2025-04-15 20:02:03'),
(63,63,7,'2025-04-15 20:02:03','2025-04-15 20:02:03'),
(64,64,7,'2025-04-15 20:02:03','2025-04-15 20:02:03'),
(65,65,7,'2025-04-15 20:02:03','2025-04-15 20:02:03'),
(66,66,7,'2025-04-15 20:02:03','2025-04-15 20:02:03'),
(67,67,7,'2025-04-15 20:02:03','2025-04-15 20:02:03'),
(68,68,7,'2025-04-15 20:02:03','2025-04-15 20:02:03'),
(69,69,7,'2025-04-15 20:02:03','2025-04-15 20:02:03'),
(70,70,7,'2025-04-15 20:02:03','2025-04-15 20:02:03'),
(71,71,7,'2025-04-15 20:02:03','2025-04-15 20:02:03'),
(72,72,7,'2025-04-15 20:02:03','2025-04-15 20:02:03'),
(73,73,7,'2025-04-15 20:02:03','2025-04-15 20:02:03'),
(74,74,7,'2025-04-15 20:02:03','2025-04-15 20:02:03'),
(75,75,7,'2025-04-15 20:02:03','2025-04-15 20:02:03'),
(76,76,7,'2025-04-15 20:02:03','2025-04-15 20:02:03'),
(77,77,7,'2025-04-15 20:02:03','2025-04-15 20:02:03'),
(78,78,7,'2025-04-15 20:02:03','2025-04-15 20:02:03'),
(79,79,7,'2025-04-15 20:02:03','2025-04-15 20:02:03'),
(80,80,7,'2025-04-15 20:02:03','2025-04-15 20:02:03'),
(81,81,7,'2025-04-15 20:02:03','2025-04-15 20:02:03'),
(82,82,7,'2025-04-15 20:02:03','2025-04-15 20:02:03'),
(83,83,7,'2025-04-15 20:02:03','2025-04-15 20:02:03'),
(84,84,7,'2025-04-15 20:02:03','2025-04-15 20:02:03'),
(85,85,7,'2025-04-15 20:02:03','2025-04-15 20:02:03'),
(86,86,7,'2025-04-15 20:02:03','2025-04-15 20:02:03'),
(87,87,7,'2025-04-15 20:02:03','2025-04-15 20:02:03'),
(88,88,7,'2025-04-15 20:02:03','2025-04-15 20:02:03'),
(89,89,7,'2025-04-15 20:02:03','2025-04-15 20:02:03'),
(90,90,7,'2025-04-15 20:02:03','2025-04-15 20:02:03'),
(91,91,7,'2025-04-15 20:02:03','2025-04-15 20:02:03'),
(92,92,7,'2025-04-15 20:02:03','2025-04-15 20:02:03'),
(93,93,7,'2025-04-15 20:02:03','2025-04-15 20:02:03'),
(94,94,7,'2025-04-15 20:02:03','2025-04-15 20:02:03'),
(95,95,7,'2025-04-15 20:02:03','2025-04-15 20:02:03'),
(96,96,7,'2025-04-15 20:02:03','2025-04-15 20:02:03'),
(97,97,7,'2025-04-15 20:02:03','2025-04-15 20:02:03'),
(98,98,7,'2025-04-15 20:02:03','2025-04-15 20:02:03'),
(99,99,7,'2025-04-15 20:02:03','2025-04-15 20:02:03'),
(100,100,7,'2025-04-15 20:02:03','2025-04-15 20:02:03'),
(101,101,7,'2025-04-15 20:02:03','2025-04-15 20:02:03'),
(102,102,7,'2025-04-15 20:02:03','2025-04-15 20:02:03'),
(103,103,7,'2025-04-15 20:02:03','2025-04-15 20:02:03'),
(104,104,7,'2025-04-15 20:02:03','2025-04-15 20:02:03'),
(105,105,7,'2025-04-15 20:02:03','2025-04-15 20:02:03'),
(106,106,7,'2025-04-15 20:02:03','2025-04-15 20:02:03'),
(107,107,7,'2025-04-15 20:02:03','2025-04-15 20:02:03'),
(108,108,6,'2025-04-15 20:02:03','2025-04-15 20:02:03'),
(109,109,6,'2025-04-15 20:02:03','2025-04-15 20:02:03'),
(110,110,6,'2025-04-15 20:02:03','2025-04-15 20:02:03'),
(111,111,6,'2025-04-15 20:02:03','2025-04-15 20:02:03'),
(112,112,6,'2025-04-15 20:02:03','2025-04-15 20:02:03'),
(113,113,6,'2025-04-15 20:02:03','2025-04-15 20:02:03'),
(114,114,6,'2025-04-15 20:02:03','2025-04-15 20:02:03'),
(115,115,6,'2025-04-15 20:02:03','2025-04-15 20:02:03'),
(116,116,6,'2025-04-15 20:02:03','2025-04-15 20:02:03'),
(117,117,6,'2025-04-15 20:02:03','2025-04-15 20:02:03'),
(118,118,6,'2025-04-15 20:02:03','2025-04-15 20:02:03'),
(119,119,6,'2025-04-15 20:02:03','2025-04-15 20:02:03'),
(120,120,6,'2025-04-15 20:02:03','2025-04-15 20:02:03'),
(121,121,6,'2025-04-15 20:02:03','2025-04-15 20:02:03'),
(122,122,6,'2025-04-15 20:02:03','2025-04-15 20:02:03'),
(123,123,6,'2025-04-15 20:02:03','2025-04-15 20:02:03'),
(124,124,6,'2025-04-15 20:02:03','2025-04-15 20:02:03'),
(125,125,6,'2025-04-15 20:02:03','2025-04-15 20:02:03'),
(126,126,6,'2025-04-15 20:02:03','2025-04-15 20:02:03'),
(127,127,6,'2025-04-15 20:02:03','2025-04-15 20:02:03'),
(128,128,6,'2025-04-15 20:02:03','2025-04-15 20:02:03'),
(129,129,6,'2025-04-15 20:02:03','2025-04-15 20:02:03'),
(130,130,6,'2025-04-15 20:02:03','2025-04-15 20:02:03'),
(131,131,6,'2025-04-15 20:02:03','2025-04-15 20:02:03'),
(132,132,6,'2025-04-15 20:02:03','2025-04-15 20:02:03'),
(133,133,6,'2025-04-15 20:02:03','2025-04-15 20:02:03'),
(134,134,6,'2025-04-15 20:02:03','2025-04-15 20:02:03'),
(135,135,6,'2025-04-15 20:02:03','2025-04-15 20:02:03'),
(136,136,6,'2025-04-15 20:02:03','2025-04-15 20:02:03'),
(137,137,6,'2025-04-15 20:02:03','2025-04-15 20:02:03'),
(138,138,6,'2025-04-15 20:02:03','2025-04-15 20:02:03'),
(139,139,6,'2025-04-15 20:02:03','2025-04-15 20:02:03'),
(140,140,6,'2025-04-15 20:02:03','2025-04-15 20:02:03'),
(141,141,6,'2025-04-15 20:02:03','2025-04-15 20:02:03'),
(142,142,6,'2025-04-15 20:02:03','2025-04-15 20:02:03'),
(143,143,6,'2025-04-15 20:02:03','2025-04-15 20:02:03'),
(144,144,6,'2025-04-15 20:02:03','2025-04-15 20:02:03'),
(145,145,6,'2025-04-15 20:02:03','2025-04-15 20:02:03'),
(146,146,6,'2025-04-15 20:02:03','2025-04-15 20:02:03'),
(147,147,6,'2025-04-15 20:02:03','2025-04-15 20:02:03'),
(148,148,6,'2025-04-15 20:02:03','2025-04-15 20:02:03'),
(149,149,6,'2025-04-15 20:02:03','2025-04-15 20:02:03'),
(150,150,6,'2025-04-15 20:02:03','2025-04-15 20:02:03'),
(151,151,6,'2025-04-15 20:02:03','2025-04-15 20:02:03'),
(152,152,6,'2025-04-15 20:02:03','2025-04-15 20:02:03'),
(153,153,6,'2025-04-15 20:02:03','2025-04-15 20:02:03'),
(154,154,6,'2025-04-15 20:02:03','2025-04-15 20:02:03'),
(155,155,6,'2025-04-15 20:02:03','2025-04-15 20:02:03'),
(156,156,6,'2025-04-15 20:02:03','2025-04-15 20:02:03'),
(157,157,6,'2025-04-15 20:02:03','2025-04-15 20:02:03'),
(158,158,6,'2025-04-15 20:02:03','2025-04-15 20:02:03'),
(159,159,6,'2025-04-15 20:02:03','2025-04-15 20:02:03'),
(160,160,6,'2025-04-15 20:02:03','2025-04-15 20:02:03'),
(161,161,6,'2025-04-15 20:02:03','2025-04-15 20:02:03'),
(162,162,6,'2025-04-15 20:02:03','2025-04-15 20:02:03'),
(163,163,6,'2025-04-15 20:02:03','2025-04-15 20:02:03'),
(164,164,6,'2025-04-15 20:02:03','2025-04-15 20:02:03'),
(165,165,6,'2025-04-15 20:02:03','2025-04-15 20:02:03'),
(166,166,6,'2025-04-15 20:02:03','2025-04-15 20:02:03'),
(167,167,6,'2025-04-15 20:02:03','2025-04-15 20:02:03'),
(168,168,6,'2025-04-15 20:02:03','2025-04-15 20:02:03'),
(169,169,6,'2025-04-15 20:02:03','2025-04-15 20:02:03'),
(170,170,6,'2025-04-15 20:02:03','2025-04-15 20:02:03'),
(171,171,6,'2025-04-15 20:02:03','2025-04-15 20:02:03'),
(172,172,6,'2025-04-15 20:02:03','2025-04-15 20:02:03'),
(173,173,6,'2025-04-15 20:02:03','2025-04-15 20:02:03'),
(174,174,6,'2025-04-15 20:02:03','2025-04-15 20:02:03'),
(175,175,6,'2025-04-15 20:02:03','2025-04-15 20:02:03'),
(176,176,6,'2025-04-15 20:02:03','2025-04-15 20:02:03'),
(177,177,6,'2025-04-15 20:02:03','2025-04-15 20:02:03'),
(178,178,6,'2025-04-15 20:02:03','2025-04-15 20:02:03'),
(179,179,6,'2025-04-15 20:02:03','2025-04-15 20:02:03'),
(180,180,6,'2025-04-15 20:02:03','2025-04-15 20:02:03'),
(181,181,6,'2025-04-15 20:02:03','2025-04-15 20:02:03'),
(182,182,6,'2025-04-15 20:02:03','2025-04-15 20:02:03'),
(183,183,6,'2025-04-15 20:02:03','2025-04-15 20:02:03'),
(184,184,6,'2025-04-15 20:02:03','2025-04-15 20:02:03'),
(185,185,6,'2025-04-15 20:02:03','2025-04-15 20:02:03'),
(186,186,6,'2025-04-15 20:02:03','2025-04-15 20:02:03'),
(187,187,6,'2025-04-15 20:02:03','2025-04-15 20:02:03'),
(188,188,6,'2025-04-15 20:02:03','2025-04-15 20:02:03'),
(189,189,6,'2025-04-15 20:02:03','2025-04-15 20:02:03'),
(190,190,6,'2025-04-15 20:02:03','2025-04-15 20:02:03'),
(191,191,6,'2025-04-15 20:02:03','2025-04-15 20:02:03'),
(192,192,4,'2025-04-15 20:02:03','2025-04-15 20:02:03'),
(193,193,4,'2025-04-15 20:02:03','2025-04-15 20:02:03'),
(194,194,4,'2025-04-15 20:02:03','2025-04-15 20:02:03'),
(195,195,4,'2025-04-15 20:02:03','2025-04-15 20:02:03'),
(196,196,4,'2025-04-15 20:02:03','2025-04-15 20:02:03'),
(197,197,4,'2025-04-15 20:02:03','2025-04-15 20:02:03'),
(198,198,4,'2025-04-15 20:02:03','2025-04-15 20:02:03'),
(199,199,4,'2025-04-15 20:02:03','2025-04-15 20:02:03'),
(200,200,4,'2025-04-15 20:02:03','2025-04-15 20:02:03'),
(201,201,4,'2025-04-15 20:02:03','2025-04-15 20:02:03'),
(202,202,4,'2025-04-15 20:02:03','2025-04-15 20:02:03'),
(203,203,4,'2025-04-15 20:02:03','2025-04-15 20:02:03'),
(204,204,4,'2025-04-15 20:02:03','2025-04-15 20:02:03'),
(205,205,4,'2025-04-15 20:02:03','2025-04-15 20:02:03'),
(206,206,4,'2025-04-15 20:02:03','2025-04-15 20:02:03'),
(207,207,4,'2025-04-15 20:02:03','2025-04-15 20:02:03'),
(208,208,6,'2025-04-15 20:02:03','2025-04-15 20:02:03'),
(209,209,6,'2025-04-15 20:02:03','2025-04-15 20:02:03'),
(210,210,6,'2025-04-15 20:02:03','2025-04-15 20:02:03'),
(211,211,6,'2025-04-15 20:02:03','2025-04-15 20:02:03'),
(212,212,6,'2025-04-15 20:02:03','2025-04-15 20:02:03'),
(213,213,6,'2025-04-15 20:02:03','2025-04-15 20:02:03'),
(214,214,6,'2025-04-15 20:02:03','2025-04-15 20:02:03'),
(215,215,6,'2025-04-15 20:02:03','2025-04-15 20:02:03'),
(216,216,6,'2025-04-15 20:02:03','2025-04-15 20:02:03'),
(217,217,6,'2025-04-15 20:02:03','2025-04-15 20:02:03'),
(218,218,6,'2025-04-15 20:02:03','2025-04-15 20:02:03'),
(219,219,6,'2025-04-15 20:02:03','2025-04-15 20:02:03'),
(220,220,6,'2025-04-15 20:02:03','2025-04-15 20:02:03'),
(221,221,6,'2025-04-15 20:02:03','2025-04-15 20:02:03'),
(222,222,6,'2025-04-15 20:02:03','2025-04-15 20:02:03'),
(223,223,6,'2025-04-15 20:02:03','2025-04-15 20:02:03'),
(224,224,6,'2025-04-15 20:02:03','2025-04-15 20:02:03'),
(225,225,6,'2025-04-15 20:02:03','2025-04-15 20:02:03'),
(226,226,6,'2025-04-15 20:02:03','2025-04-15 20:02:03'),
(227,227,6,'2025-04-15 20:02:03','2025-04-15 20:02:03'),
(228,228,6,'2025-04-15 20:02:03','2025-04-15 20:02:03'),
(229,229,6,'2025-04-15 20:02:03','2025-04-15 20:02:03'),
(230,230,6,'2025-04-15 20:02:03','2025-04-15 20:02:03'),
(231,231,6,'2025-04-15 20:02:03','2025-04-15 20:02:03'),
(232,232,6,'2025-04-15 20:02:03','2025-04-15 20:02:03'),
(233,233,6,'2025-04-15 20:02:03','2025-04-15 20:02:03'),
(234,234,6,'2025-04-15 20:02:03','2025-04-15 20:02:03'),
(235,235,6,'2025-04-15 20:02:03','2025-04-15 20:02:03'),
(236,236,6,'2025-04-15 20:02:03','2025-04-15 20:02:03'),
(237,237,6,'2025-04-15 20:02:03','2025-04-15 20:02:03'),
(238,238,6,'2025-04-15 20:02:03','2025-04-15 20:02:03'),
(239,239,6,'2025-04-15 20:02:03','2025-04-15 20:02:03'),
(240,240,6,'2025-04-15 20:02:03','2025-04-15 20:02:03'),
(241,241,6,'2025-04-15 20:02:03','2025-04-15 20:02:03'),
(242,242,6,'2025-04-15 20:02:03','2025-04-15 20:02:03'),
(243,243,6,'2025-04-15 20:02:03','2025-04-15 20:02:03'),
(244,244,6,'2025-04-15 20:02:03','2025-04-15 20:02:03'),
(245,245,6,'2025-04-15 20:02:03','2025-04-15 20:02:03'),
(246,246,6,'2025-04-15 20:02:03','2025-04-15 20:02:03'),
(247,247,6,'2025-04-15 20:02:03','2025-04-15 20:02:03'),
(248,248,6,'2025-04-15 20:02:03','2025-04-15 20:02:03'),
(249,249,6,'2025-04-15 20:02:03','2025-04-15 20:02:03'),
(250,250,6,'2025-04-15 20:02:03','2025-04-15 20:02:03'),
(251,251,6,'2025-04-15 20:02:03','2025-04-15 20:02:03'),
(252,252,6,'2025-04-15 20:02:03','2025-04-15 20:02:03'),
(253,253,6,'2025-04-15 20:02:03','2025-04-15 20:02:03'),
(254,254,6,'2025-04-15 20:02:03','2025-04-15 20:02:03'),
(255,255,5,'2025-04-15 20:02:03','2025-04-15 20:02:03'),
(256,256,5,'2025-04-15 20:02:03','2025-04-15 20:02:03'),
(257,257,5,'2025-04-15 20:02:03','2025-04-15 20:02:03'),
(258,258,5,'2025-04-15 20:02:03','2025-04-15 20:02:03'),
(259,259,5,'2025-04-15 20:02:03','2025-04-15 20:02:03'),
(260,260,5,'2025-04-15 20:02:03','2025-04-15 20:02:03'),
(261,261,5,'2025-04-15 20:02:03','2025-04-15 20:02:03'),
(262,262,5,'2025-04-15 20:02:03','2025-04-15 20:02:03'),
(263,263,5,'2025-04-15 20:02:03','2025-04-15 20:02:03'),
(264,264,5,'2025-04-15 20:02:03','2025-04-15 20:02:03'),
(265,265,5,'2025-04-15 20:02:03','2025-04-15 20:02:03'),
(266,266,5,'2025-04-15 20:02:03','2025-04-15 20:02:03'),
(267,267,5,'2025-04-15 20:02:03','2025-04-15 20:02:03'),
(268,268,5,'2025-04-15 20:02:03','2025-04-15 20:02:03'),
(269,269,5,'2025-04-15 20:02:03','2025-04-15 20:02:03'),
(270,270,5,'2025-04-15 20:02:03','2025-04-15 20:02:03'),
(271,271,5,'2025-04-15 20:02:03','2025-04-15 20:02:03'),
(272,272,5,'2025-04-15 20:02:03','2025-04-15 20:02:03'),
(273,273,5,'2025-04-15 20:02:03','2025-04-15 20:02:03'),
(274,274,5,'2025-04-15 20:02:03','2025-04-15 20:02:03'),
(275,275,5,'2025-04-15 20:02:03','2025-04-15 20:02:03'),
(276,276,5,'2025-04-15 20:02:03','2025-04-15 20:02:03'),
(277,277,5,'2025-04-15 20:02:03','2025-04-15 20:02:03'),
(278,278,5,'2025-04-15 20:02:03','2025-04-15 20:02:03'),
(279,279,5,'2025-04-15 20:02:03','2025-04-15 20:02:03'),
(280,280,5,'2025-04-15 20:02:03','2025-04-15 20:02:03'),
(281,281,5,'2025-04-15 20:02:03','2025-04-15 20:02:03'),
(282,282,5,'2025-04-15 20:02:03','2025-04-15 20:02:03'),
(283,283,5,'2025-04-15 20:02:03','2025-04-15 20:02:03'),
(284,284,5,'2025-04-15 20:02:03','2025-04-15 20:02:03'),
(285,285,5,'2025-04-15 20:02:03','2025-04-15 20:02:03'),
(286,286,5,'2025-04-15 20:02:03','2025-04-15 20:02:03'),
(287,287,5,'2025-04-15 20:02:03','2025-04-15 20:02:03'),
(288,288,5,'2025-04-15 20:02:03','2025-04-15 20:02:03'),
(289,289,5,'2025-04-15 20:02:03','2025-04-15 20:02:03'),
(290,290,5,'2025-04-15 20:02:03','2025-04-15 20:02:03'),
(291,291,5,'2025-04-15 20:02:03','2025-04-15 20:02:03'),
(292,292,5,'2025-04-15 20:02:03','2025-04-15 20:02:03'),
(293,293,5,'2025-04-15 20:02:03','2025-04-15 20:02:03'),
(294,294,5,'2025-04-15 20:02:03','2025-04-15 20:02:03'),
(295,295,7,'2025-04-15 20:02:03','2025-04-15 20:02:03'),
(296,296,7,'2025-04-15 20:02:03','2025-04-15 20:02:03'),
(297,297,7,'2025-04-15 20:02:03','2025-04-15 20:02:03'),
(298,298,7,'2025-04-15 20:02:03','2025-04-15 20:02:03'),
(299,299,7,'2025-04-15 20:02:03','2025-04-15 20:02:03'),
(300,300,7,'2025-04-15 20:02:03','2025-04-15 20:02:03'),
(301,301,7,'2025-04-15 20:02:03','2025-04-15 20:02:03'),
(302,302,7,'2025-04-15 20:02:03','2025-04-15 20:02:03'),
(303,303,7,'2025-04-15 20:02:03','2025-04-15 20:02:03'),
(304,304,7,'2025-04-15 20:02:03','2025-04-15 20:02:03'),
(305,305,7,'2025-04-15 20:02:03','2025-04-15 20:02:03'),
(306,306,7,'2025-04-15 20:02:03','2025-04-15 20:02:03'),
(307,307,7,'2025-04-15 20:02:03','2025-04-15 20:02:03'),
(308,308,7,'2025-04-15 20:02:03','2025-04-15 20:02:03'),
(309,309,7,'2025-04-15 20:02:03','2025-04-15 20:02:03'),
(310,310,7,'2025-04-15 20:02:03','2025-04-15 20:02:03'),
(311,311,7,'2025-04-15 20:02:03','2025-04-15 20:02:03'),
(312,312,7,'2025-04-15 20:02:03','2025-04-15 20:02:03'),
(313,313,5,'2025-04-15 20:02:03','2025-04-15 20:02:03'),
(314,314,5,'2025-04-15 20:02:03','2025-04-15 20:02:03'),
(315,315,5,'2025-04-15 20:02:03','2025-04-15 20:02:03'),
(316,316,5,'2025-04-15 20:02:03','2025-04-15 20:02:03'),
(317,317,5,'2025-04-15 20:02:03','2025-04-15 20:02:03'),
(318,318,5,'2025-04-15 20:02:03','2025-04-15 20:02:03'),
(319,319,5,'2025-04-15 20:02:03','2025-04-15 20:02:03'),
(320,320,5,'2025-04-15 20:02:03','2025-04-15 20:02:03'),
(321,321,5,'2025-04-15 20:02:03','2025-04-15 20:02:03'),
(322,322,5,'2025-04-15 20:02:03','2025-04-15 20:02:03'),
(323,323,5,'2025-04-15 20:02:03','2025-04-15 20:02:03'),
(324,324,5,'2025-04-15 20:02:03','2025-04-15 20:02:03'),
(325,325,5,'2025-04-15 20:02:03','2025-04-15 20:02:03'),
(326,326,5,'2025-04-15 20:02:03','2025-04-15 20:02:03'),
(327,327,5,'2025-04-15 20:02:03','2025-04-15 20:02:03'),
(328,328,5,'2025-04-15 20:02:03','2025-04-15 20:02:03'),
(329,329,5,'2025-04-15 20:02:03','2025-04-15 20:02:03'),
(330,330,5,'2025-04-15 20:02:03','2025-04-15 20:02:03'),
(331,331,5,'2025-04-15 20:02:03','2025-04-15 20:02:03'),
(332,332,5,'2025-04-15 20:02:03','2025-04-15 20:02:03'),
(333,333,5,'2025-04-15 20:02:03','2025-04-15 20:02:03'),
(334,334,5,'2025-04-15 20:02:03','2025-04-15 20:02:03'),
(335,335,5,'2025-04-15 20:02:03','2025-04-15 20:02:03'),
(336,336,5,'2025-04-15 20:02:03','2025-04-15 20:02:03'),
(337,337,5,'2025-04-15 20:02:03','2025-04-15 20:02:03'),
(338,338,5,'2025-04-15 20:02:03','2025-04-15 20:02:03'),
(339,339,5,'2025-04-15 20:02:03','2025-04-15 20:02:03'),
(340,340,5,'2025-04-15 20:02:03','2025-04-15 20:02:03'),
(341,341,5,'2025-04-15 20:02:03','2025-04-15 20:02:03'),
(342,342,5,'2025-04-15 20:02:03','2025-04-15 20:02:03'),
(343,343,5,'2025-04-15 20:02:03','2025-04-15 20:02:03'),
(344,344,5,'2025-04-15 20:02:03','2025-04-15 20:02:03'),
(345,345,5,'2025-04-15 20:02:03','2025-04-15 20:02:03'),
(346,346,5,'2025-04-15 20:02:03','2025-04-15 20:02:03'),
(347,347,5,'2025-04-15 20:02:03','2025-04-15 20:02:03'),
(348,348,5,'2025-04-15 20:02:03','2025-04-15 20:02:03'),
(349,349,5,'2025-04-15 20:02:03','2025-04-15 20:02:03'),
(350,350,5,'2025-04-15 20:02:03','2025-04-15 20:02:03'),
(351,351,5,'2025-04-15 20:02:03','2025-04-15 20:02:03'),
(352,352,5,'2025-04-15 20:02:03','2025-04-15 20:02:03'),
(353,353,5,'2025-04-15 20:02:03','2025-04-15 20:02:03'),
(354,354,6,'2025-04-15 20:02:03','2025-04-15 20:02:03'),
(355,355,6,'2025-04-15 20:02:03','2025-04-15 20:02:03'),
(356,356,6,'2025-04-15 20:02:03','2025-04-15 20:02:03'),
(357,357,6,'2025-04-15 20:02:03','2025-04-15 20:02:03'),
(358,358,6,'2025-04-15 20:02:03','2025-04-15 20:02:03'),
(359,359,6,'2025-04-15 20:02:03','2025-04-15 20:02:03'),
(360,360,6,'2025-04-15 20:02:03','2025-04-15 20:02:03'),
(361,361,6,'2025-04-15 20:02:03','2025-04-15 20:02:03'),
(362,362,6,'2025-04-15 20:02:03','2025-04-15 20:02:03'),
(363,363,6,'2025-04-15 20:02:03','2025-04-15 20:02:03'),
(364,364,6,'2025-04-15 20:02:03','2025-04-15 20:02:03'),
(365,365,6,'2025-04-15 20:02:03','2025-04-15 20:02:03'),
(366,366,6,'2025-04-15 20:02:03','2025-04-15 20:02:03'),
(367,367,6,'2025-04-15 20:02:03','2025-04-15 20:02:03'),
(368,368,6,'2025-04-15 20:02:03','2025-04-15 20:02:03'),
(369,369,6,'2025-04-15 20:02:03','2025-04-15 20:02:03'),
(370,370,6,'2025-04-15 20:02:03','2025-04-15 20:02:03'),
(371,371,6,'2025-04-15 20:02:03','2025-04-15 20:02:03'),
(372,372,6,'2025-04-15 20:02:03','2025-04-15 20:02:03'),
(373,373,6,'2025-04-15 20:02:03','2025-04-15 20:02:03'),
(374,374,6,'2025-04-15 20:02:03','2025-04-15 20:02:03'),
(375,375,6,'2025-04-15 20:02:03','2025-04-15 20:02:03'),
(376,376,4,'2025-04-15 20:02:03','2025-04-15 20:02:03'),
(377,377,4,'2025-04-15 20:02:03','2025-04-15 20:02:03'),
(378,378,4,'2025-04-15 20:02:03','2025-04-15 20:02:03'),
(379,379,4,'2025-04-15 20:02:03','2025-04-15 20:02:03'),
(380,380,4,'2025-04-15 20:02:03','2025-04-15 20:02:03'),
(381,381,4,'2025-04-15 20:02:03','2025-04-15 20:02:03'),
(382,382,4,'2025-04-15 20:02:03','2025-04-15 20:02:03'),
(383,383,4,'2025-04-15 20:02:03','2025-04-15 20:02:03'),
(384,384,4,'2025-04-15 20:02:03','2025-04-15 20:02:03'),
(385,385,4,'2025-04-15 20:02:03','2025-04-15 20:02:03'),
(386,386,4,'2025-04-15 20:02:03','2025-04-15 20:02:03'),
(387,387,4,'2025-04-15 20:02:03','2025-04-15 20:02:03'),
(388,388,4,'2025-04-15 20:02:03','2025-04-15 20:02:03'),
(389,389,4,'2025-04-15 20:02:03','2025-04-15 20:02:03'),
(390,390,4,'2025-04-15 20:02:03','2025-04-15 20:02:03'),
(391,391,4,'2025-04-15 20:02:03','2025-04-15 20:02:03'),
(392,392,4,'2025-04-15 20:02:03','2025-04-15 20:02:03'),
(393,393,4,'2025-04-15 20:02:03','2025-04-15 20:02:03'),
(394,394,6,'2025-04-15 20:02:03','2025-04-15 20:02:03'),
(395,395,6,'2025-04-15 20:02:03','2025-04-15 20:02:03'),
(396,396,6,'2025-04-15 20:02:03','2025-04-15 20:02:03'),
(397,397,6,'2025-04-15 20:02:03','2025-04-15 20:02:03'),
(398,398,6,'2025-04-15 20:02:03','2025-04-15 20:02:03'),
(399,399,6,'2025-04-15 20:02:03','2025-04-15 20:02:03'),
(400,400,6,'2025-04-15 20:02:03','2025-04-15 20:02:03'),
(401,401,6,'2025-04-15 20:02:03','2025-04-15 20:02:03'),
(402,402,6,'2025-04-15 20:02:03','2025-04-15 20:02:03'),
(403,403,6,'2025-04-15 20:02:03','2025-04-15 20:02:03'),
(404,404,6,'2025-04-15 20:02:03','2025-04-15 20:02:03'),
(405,405,6,'2025-04-15 20:02:03','2025-04-15 20:02:03'),
(406,406,6,'2025-04-15 20:02:03','2025-04-15 20:02:03'),
(407,407,6,'2025-04-15 20:02:03','2025-04-15 20:02:03'),
(408,408,6,'2025-04-15 20:02:03','2025-04-15 20:02:03'),
(409,409,6,'2025-04-15 20:02:03','2025-04-15 20:02:03'),
(410,410,6,'2025-04-15 20:02:03','2025-04-15 20:02:03'),
(411,411,6,'2025-04-15 20:02:03','2025-04-15 20:02:03'),
(412,412,6,'2025-04-15 20:02:03','2025-04-15 20:02:03'),
(413,413,6,'2025-04-15 20:02:03','2025-04-15 20:02:03'),
(414,414,4,'2025-04-15 20:02:03','2025-04-15 20:02:03'),
(415,415,4,'2025-04-15 20:02:03','2025-04-15 20:02:03'),
(416,416,4,'2025-04-15 20:02:03','2025-04-15 20:02:03'),
(417,417,4,'2025-04-15 20:02:03','2025-04-15 20:02:03'),
(418,418,4,'2025-04-15 20:02:03','2025-04-15 20:02:03'),
(419,419,4,'2025-04-15 20:02:03','2025-04-15 20:02:03'),
(420,420,4,'2025-04-15 20:02:03','2025-04-15 20:02:03'),
(421,421,4,'2025-04-15 20:02:03','2025-04-15 20:02:03'),
(422,422,4,'2025-04-15 20:02:03','2025-04-15 20:02:03'),
(423,423,4,'2025-04-15 20:02:03','2025-04-15 20:02:03'),
(424,424,4,'2025-04-15 20:02:03','2025-04-15 20:02:03'),
(425,425,4,'2025-04-15 20:02:03','2025-04-15 20:02:03'),
(426,426,4,'2025-04-15 20:02:03','2025-04-15 20:02:03'),
(427,427,4,'2025-04-15 20:02:03','2025-04-15 20:02:03'),
(428,428,4,'2025-04-15 20:02:03','2025-04-15 20:02:03'),
(429,429,4,'2025-04-15 20:02:03','2025-04-15 20:02:03'),
(430,430,4,'2025-04-15 20:02:03','2025-04-15 20:02:03'),
(431,431,4,'2025-04-15 20:02:03','2025-04-15 20:02:03'),
(432,432,4,'2025-04-15 20:02:03','2025-04-15 20:02:03'),
(433,433,4,'2025-04-15 20:02:03','2025-04-15 20:02:03'),
(434,434,4,'2025-04-15 20:02:03','2025-04-15 20:02:03'),
(435,435,7,'2025-04-15 20:02:03','2025-04-15 20:02:03'),
(436,436,7,'2025-04-15 20:02:03','2025-04-15 20:02:03'),
(437,437,7,'2025-04-15 20:02:03','2025-04-15 20:02:03'),
(438,438,7,'2025-04-15 20:02:03','2025-04-15 20:02:03'),
(439,439,7,'2025-04-15 20:02:03','2025-04-15 20:02:03'),
(440,440,7,'2025-04-15 20:02:03','2025-04-15 20:02:03'),
(441,441,7,'2025-04-15 20:02:03','2025-04-15 20:02:03'),
(442,442,7,'2025-04-15 20:02:03','2025-04-15 20:02:03'),
(443,443,7,'2025-04-15 20:02:03','2025-04-15 20:02:03'),
(444,444,7,'2025-04-15 20:02:03','2025-04-15 20:02:03'),
(445,445,7,'2025-04-15 20:02:03','2025-04-15 20:02:03'),
(446,446,7,'2025-04-15 20:02:03','2025-04-15 20:02:03'),
(447,447,7,'2025-04-15 20:02:03','2025-04-15 20:02:03'),
(448,448,7,'2025-04-15 20:02:03','2025-04-15 20:02:03'),
(449,449,7,'2025-04-15 20:02:03','2025-04-15 20:02:03'),
(450,450,7,'2025-04-15 20:02:03','2025-04-15 20:02:03'),
(451,451,7,'2025-04-15 20:02:03','2025-04-15 20:02:03'),
(452,452,7,'2025-04-15 20:02:03','2025-04-15 20:02:03'),
(453,453,7,'2025-04-15 20:02:03','2025-04-15 20:02:03'),
(454,454,7,'2025-04-15 20:02:03','2025-04-15 20:02:03'),
(455,455,7,'2025-04-15 20:02:03','2025-04-15 20:02:03'),
(456,456,7,'2025-04-15 20:02:03','2025-04-15 20:02:03'),
(457,457,7,'2025-04-15 20:02:03','2025-04-15 20:02:03'),
(458,458,7,'2025-04-15 20:02:03','2025-04-15 20:02:03'),
(459,459,6,'2025-04-15 20:02:03','2025-04-15 20:02:03'),
(460,460,6,'2025-04-15 20:02:03','2025-04-15 20:02:03'),
(461,461,6,'2025-04-15 20:02:03','2025-04-15 20:02:03'),
(462,462,6,'2025-04-15 20:02:03','2025-04-15 20:02:03'),
(463,463,6,'2025-04-15 20:02:03','2025-04-15 20:02:03'),
(464,464,6,'2025-04-15 20:02:03','2025-04-15 20:02:03'),
(465,465,6,'2025-04-15 20:02:03','2025-04-15 20:02:03'),
(466,466,6,'2025-04-15 20:02:03','2025-04-15 20:02:03'),
(467,467,6,'2025-04-15 20:02:03','2025-04-15 20:02:03'),
(468,468,6,'2025-04-15 20:02:03','2025-04-15 20:02:03'),
(469,469,6,'2025-04-15 20:02:03','2025-04-15 20:02:03'),
(470,470,6,'2025-04-15 20:02:03','2025-04-15 20:02:03'),
(471,471,6,'2025-04-15 20:02:03','2025-04-15 20:02:03'),
(472,472,6,'2025-04-15 20:02:03','2025-04-15 20:02:03'),
(473,473,6,'2025-04-15 20:02:03','2025-04-15 20:02:03'),
(474,474,6,'2025-04-15 20:02:03','2025-04-15 20:02:03'),
(475,475,6,'2025-04-15 20:02:03','2025-04-15 20:02:03'),
(476,476,6,'2025-04-15 20:02:03','2025-04-15 20:02:03'),
(477,477,6,'2025-04-15 20:02:03','2025-04-15 20:02:03'),
(478,478,6,'2025-04-15 20:02:03','2025-04-15 20:02:03'),
(479,479,6,'2025-04-15 20:02:03','2025-04-15 20:02:03'),
(480,480,6,'2025-04-15 20:02:03','2025-04-15 20:02:03'),
(481,481,6,'2025-04-15 20:02:03','2025-04-15 20:02:03'),
(482,482,7,'2025-04-15 20:02:03','2025-04-15 20:02:03'),
(483,483,7,'2025-04-15 20:02:03','2025-04-15 20:02:03'),
(484,484,7,'2025-04-15 20:02:03','2025-04-15 20:02:03'),
(485,485,7,'2025-04-15 20:02:03','2025-04-15 20:02:03'),
(486,486,7,'2025-04-15 20:02:03','2025-04-15 20:02:03'),
(487,487,7,'2025-04-15 20:02:03','2025-04-15 20:02:03'),
(488,488,7,'2025-04-15 20:02:03','2025-04-15 20:02:03'),
(489,489,7,'2025-04-15 20:02:03','2025-04-15 20:02:03'),
(490,490,7,'2025-04-15 20:02:03','2025-04-15 20:02:03'),
(491,491,7,'2025-04-15 20:02:03','2025-04-15 20:02:03'),
(492,492,7,'2025-04-15 20:02:03','2025-04-15 20:02:03'),
(493,493,7,'2025-04-15 20:02:03','2025-04-15 20:02:03'),
(494,494,7,'2025-04-15 20:02:03','2025-04-15 20:02:03'),
(495,495,7,'2025-04-15 20:02:03','2025-04-15 20:02:03'),
(496,496,7,'2025-04-15 20:02:03','2025-04-15 20:02:03'),
(497,497,7,'2025-04-15 20:02:03','2025-04-15 20:02:03'),
(498,498,7,'2025-04-15 20:02:03','2025-04-15 20:02:03'),
(499,499,7,'2025-04-15 20:02:03','2025-04-15 20:02:03'),
(500,500,7,'2025-04-15 20:02:03','2025-04-15 20:02:03'),
(501,501,7,'2025-04-15 20:02:03','2025-04-15 20:02:03'),
(502,502,7,'2025-04-15 20:02:03','2025-04-15 20:02:03'),
(503,503,7,'2025-04-15 20:02:03','2025-04-15 20:02:03'),
(504,504,6,'2025-04-15 20:02:03','2025-04-15 20:02:03'),
(505,505,6,'2025-04-15 20:02:03','2025-04-15 20:02:03'),
(506,506,6,'2025-04-15 20:02:03','2025-04-15 20:02:03'),
(507,507,6,'2025-04-15 20:02:03','2025-04-15 20:02:03'),
(508,508,6,'2025-04-15 20:02:03','2025-04-15 20:02:03'),
(509,509,6,'2025-04-15 20:02:03','2025-04-15 20:02:03'),
(510,510,6,'2025-04-15 20:02:03','2025-04-15 20:02:03'),
(511,511,6,'2025-04-15 20:02:03','2025-04-15 20:02:03'),
(512,512,6,'2025-04-15 20:02:03','2025-04-15 20:02:03'),
(513,513,6,'2025-04-15 20:02:03','2025-04-15 20:02:03'),
(514,514,6,'2025-04-15 20:02:03','2025-04-15 20:02:03'),
(515,515,6,'2025-04-15 20:02:03','2025-04-15 20:02:03'),
(516,516,6,'2025-04-15 20:02:03','2025-04-15 20:02:03'),
(517,517,6,'2025-04-15 20:02:03','2025-04-15 20:02:03'),
(518,518,6,'2025-04-15 20:02:03','2025-04-15 20:02:03'),
(519,519,6,'2025-04-15 20:02:03','2025-04-15 20:02:03'),
(520,520,6,'2025-04-15 20:02:03','2025-04-15 20:02:03'),
(521,521,6,'2025-04-15 20:02:03','2025-04-15 20:02:03'),
(522,522,6,'2025-04-15 20:02:03','2025-04-15 20:02:03'),
(523,523,6,'2025-04-15 20:02:03','2025-04-15 20:02:03'),
(524,524,6,'2025-04-15 20:02:03','2025-04-15 20:02:03'),
(525,525,6,'2025-04-15 20:02:03','2025-04-15 20:02:03'),
(526,526,6,'2025-04-15 20:02:03','2025-04-15 20:02:03'),
(527,527,6,'2025-04-15 20:02:03','2025-04-15 20:02:03'),
(528,528,6,'2025-04-15 20:02:03','2025-04-15 20:02:03'),
(529,529,6,'2025-04-15 20:02:03','2025-04-15 20:02:03'),
(530,530,6,'2025-04-15 20:02:03','2025-04-15 20:02:03'),
(531,531,6,'2025-04-15 20:02:03','2025-04-15 20:02:03'),
(532,532,6,'2025-04-15 20:02:03','2025-04-15 20:02:03'),
(533,533,6,'2025-04-15 20:02:03','2025-04-15 20:02:03'),
(534,534,6,'2025-04-15 20:02:03','2025-04-15 20:02:03'),
(535,535,6,'2025-04-15 20:02:03','2025-04-15 20:02:03'),
(536,536,6,'2025-04-15 20:02:03','2025-04-15 20:02:03'),
(537,537,6,'2025-04-15 20:02:03','2025-04-15 20:02:03'),
(538,538,6,'2025-04-15 20:02:03','2025-04-15 20:02:03'),
(539,539,6,'2025-04-15 20:02:03','2025-04-15 20:02:03'),
(540,540,6,'2025-04-15 20:02:03','2025-04-15 20:02:03'),
(541,541,6,'2025-04-15 20:02:03','2025-04-15 20:02:03'),
(542,542,6,'2025-04-15 20:02:03','2025-04-15 20:02:03'),
(543,543,6,'2025-04-15 20:02:03','2025-04-15 20:02:03'),
(544,544,6,'2025-04-15 20:02:03','2025-04-15 20:02:03'),
(545,545,6,'2025-04-15 20:02:03','2025-04-15 20:02:03'),
(546,546,6,'2025-04-15 20:02:03','2025-04-15 20:02:03'),
(547,547,6,'2025-04-15 20:02:03','2025-04-15 20:02:03'),
(548,548,6,'2025-04-15 20:02:03','2025-04-15 20:02:03'),
(549,549,4,'2025-04-15 20:02:03','2025-04-15 20:02:03'),
(550,550,4,'2025-04-15 20:02:03','2025-04-15 20:02:03'),
(551,551,4,'2025-04-15 20:02:03','2025-04-15 20:02:03'),
(552,552,4,'2025-04-15 20:02:03','2025-04-15 20:02:03'),
(553,553,4,'2025-04-15 20:02:03','2025-04-15 20:02:03'),
(554,554,4,'2025-04-15 20:02:03','2025-04-15 20:02:03'),
(555,555,4,'2025-04-15 20:02:03','2025-04-15 20:02:03'),
(556,556,4,'2025-04-15 20:02:03','2025-04-15 20:02:03'),
(557,557,4,'2025-04-15 20:02:03','2025-04-15 20:02:03'),
(558,558,4,'2025-04-15 20:02:03','2025-04-15 20:02:03'),
(559,559,4,'2025-04-15 20:02:03','2025-04-15 20:02:03'),
(560,560,4,'2025-04-15 20:02:03','2025-04-15 20:02:03'),
(561,561,4,'2025-04-15 20:02:03','2025-04-15 20:02:03'),
(562,562,4,'2025-04-15 20:02:03','2025-04-15 20:02:03'),
(563,563,4,'2025-04-15 20:02:03','2025-04-15 20:02:03'),
(564,564,4,'2025-04-15 20:02:03','2025-04-15 20:02:03'),
(565,565,4,'2025-04-15 20:02:03','2025-04-15 20:02:03'),
(566,566,4,'2025-04-15 20:02:03','2025-04-15 20:02:03'),
(567,567,4,'2025-04-15 20:02:03','2025-04-15 20:02:03'),
(568,568,4,'2025-04-15 20:02:03','2025-04-15 20:02:03'),
(569,569,4,'2025-04-15 20:02:03','2025-04-15 20:02:03'),
(570,570,4,'2025-04-15 20:02:03','2025-04-15 20:02:03'),
(571,571,7,'2025-04-15 20:02:03','2025-04-15 20:02:03'),
(572,572,7,'2025-04-15 20:02:03','2025-04-15 20:02:03'),
(573,573,7,'2025-04-15 20:02:03','2025-04-15 20:02:03'),
(574,574,7,'2025-04-15 20:02:03','2025-04-15 20:02:03'),
(575,575,7,'2025-04-15 20:02:03','2025-04-15 20:02:03'),
(576,576,7,'2025-04-15 20:02:03','2025-04-15 20:02:03'),
(577,577,7,'2025-04-15 20:02:03','2025-04-15 20:02:03'),
(578,578,7,'2025-04-15 20:02:03','2025-04-15 20:02:03'),
(579,579,7,'2025-04-15 20:02:03','2025-04-15 20:02:03'),
(580,580,7,'2025-04-15 20:02:03','2025-04-15 20:02:03'),
(581,581,7,'2025-04-15 20:02:03','2025-04-15 20:02:03'),
(582,582,7,'2025-04-15 20:02:03','2025-04-15 20:02:03'),
(583,583,7,'2025-04-15 20:02:03','2025-04-15 20:02:03'),
(584,584,7,'2025-04-15 20:02:03','2025-04-15 20:02:03'),
(585,585,7,'2025-04-15 20:02:03','2025-04-15 20:02:03'),
(586,586,7,'2025-04-15 20:02:03','2025-04-15 20:02:03'),
(587,587,7,'2025-04-15 20:02:03','2025-04-15 20:02:03'),
(588,588,7,'2025-04-15 20:02:03','2025-04-15 20:02:03');
/*!40000 ALTER TABLE `publikasi_lab` ENABLE KEYS */;
UNLOCK TABLES;

--
-- Table structure for table `publikasi_penulis`
--

DROP TABLE IF EXISTS `publikasi_penulis`;
/*!40101 SET @saved_cs_client     = @@character_set_client */;
/*!40101 SET character_set_client = utf8mb4 */;
CREATE TABLE `publikasi_penulis` (
  `id` bigint(20) unsigned NOT NULL AUTO_INCREMENT,
  `id_publikasi` bigint(20) unsigned NOT NULL,
  `id_dosen` bigint(20) unsigned NOT NULL,
  `created_at` timestamp NOT NULL DEFAULT current_timestamp(),
  `updated_at` timestamp NOT NULL DEFAULT current_timestamp() ON UPDATE current_timestamp(),
  PRIMARY KEY (`id`),
  KEY `publikasi_penulis_id_publikasi_foreign` (`id_publikasi`),
  KEY `publikasi_penulis_id_dosen_foreign` (`id_dosen`),
  CONSTRAINT `publikasi_penulis_id_dosen_foreign` FOREIGN KEY (`id_dosen`) REFERENCES `dosen` (`id`) ON DELETE CASCADE,
  CONSTRAINT `publikasi_penulis_id_publikasi_foreign` FOREIGN KEY (`id_publikasi`) REFERENCES `publikasi` (`id`) ON DELETE CASCADE
) ENGINE=InnoDB AUTO_INCREMENT=589 DEFAULT CHARSET=utf8mb4 COLLATE=utf8mb4_unicode_ci;
/*!40101 SET character_set_client = @saved_cs_client */;

--
-- Dumping data for table `publikasi_penulis`
--

LOCK TABLES `publikasi_penulis` WRITE;
/*!40000 ALTER TABLE `publikasi_penulis` DISABLE KEYS */;
INSERT INTO `publikasi_penulis` VALUES
(1,1,1,'2025-04-15 20:02:03','2025-04-15 20:02:03'),
(2,2,1,'2025-04-15 20:02:03','2025-04-15 20:02:03'),
(3,3,1,'2025-04-15 20:02:03','2025-04-15 20:02:03'),
(4,4,1,'2025-04-15 20:02:03','2025-04-15 20:02:03'),
(5,5,1,'2025-04-15 20:02:03','2025-04-15 20:02:03'),
(6,6,1,'2025-04-15 20:02:03','2025-04-15 20:02:03'),
(7,7,1,'2025-04-15 20:02:03','2025-04-15 20:02:03'),
(8,8,1,'2025-04-15 20:02:03','2025-04-15 20:02:03'),
(9,9,1,'2025-04-15 20:02:03','2025-04-15 20:02:03'),
(10,10,1,'2025-04-15 20:02:03','2025-04-15 20:02:03'),
(11,11,2,'2025-04-15 20:02:03','2025-04-15 20:02:03'),
(12,12,2,'2025-04-15 20:02:03','2025-04-15 20:02:03'),
(13,13,2,'2025-04-15 20:02:03','2025-04-15 20:02:03'),
(14,14,2,'2025-04-15 20:02:03','2025-04-15 20:02:03'),
(15,15,2,'2025-04-15 20:02:03','2025-04-15 20:02:03'),
(16,16,2,'2025-04-15 20:02:03','2025-04-15 20:02:03'),
(17,17,2,'2025-04-15 20:02:03','2025-04-15 20:02:03'),
(18,18,2,'2025-04-15 20:02:03','2025-04-15 20:02:03'),
(19,19,2,'2025-04-15 20:02:03','2025-04-15 20:02:03'),
(20,20,2,'2025-04-15 20:02:03','2025-04-15 20:02:03'),
(21,21,2,'2025-04-15 20:02:03','2025-04-15 20:02:03'),
(22,22,2,'2025-04-15 20:02:03','2025-04-15 20:02:03'),
(23,23,2,'2025-04-15 20:02:03','2025-04-15 20:02:03'),
(24,24,2,'2025-04-15 20:02:03','2025-04-15 20:02:03'),
(25,25,2,'2025-04-15 20:02:03','2025-04-15 20:02:03'),
(26,26,2,'2025-04-15 20:02:03','2025-04-15 20:02:03'),
(27,27,2,'2025-04-15 20:02:03','2025-04-15 20:02:03'),
(28,28,2,'2025-04-15 20:02:03','2025-04-15 20:02:03'),
(29,29,2,'2025-04-15 20:02:03','2025-04-15 20:02:03'),
(30,30,2,'2025-04-15 20:02:03','2025-04-15 20:02:03'),
(31,31,2,'2025-04-15 20:02:03','2025-04-15 20:02:03'),
(32,32,3,'2025-04-15 20:02:03','2025-04-15 20:02:03'),
(33,33,3,'2025-04-15 20:02:03','2025-04-15 20:02:03'),
(34,34,3,'2025-04-15 20:02:03','2025-04-15 20:02:03'),
(35,35,3,'2025-04-15 20:02:03','2025-04-15 20:02:03'),
(36,36,3,'2025-04-15 20:02:03','2025-04-15 20:02:03'),
(37,37,3,'2025-04-15 20:02:03','2025-04-15 20:02:03'),
(38,38,3,'2025-04-15 20:02:03','2025-04-15 20:02:03'),
(39,39,3,'2025-04-15 20:02:03','2025-04-15 20:02:03'),
(40,40,3,'2025-04-15 20:02:03','2025-04-15 20:02:03'),
(41,41,3,'2025-04-15 20:02:03','2025-04-15 20:02:03'),
(42,42,3,'2025-04-15 20:02:03','2025-04-15 20:02:03'),
(43,43,3,'2025-04-15 20:02:03','2025-04-15 20:02:03'),
(44,44,3,'2025-04-15 20:02:03','2025-04-15 20:02:03'),
(45,45,3,'2025-04-15 20:02:03','2025-04-15 20:02:03'),
(46,46,3,'2025-04-15 20:02:03','2025-04-15 20:02:03'),
(47,47,3,'2025-04-15 20:02:03','2025-04-15 20:02:03'),
(48,48,3,'2025-04-15 20:02:03','2025-04-15 20:02:03'),
(49,49,3,'2025-04-15 20:02:03','2025-04-15 20:02:03'),
(50,50,3,'2025-04-15 20:02:03','2025-04-15 20:02:03'),
(51,51,3,'2025-04-15 20:02:03','2025-04-15 20:02:03'),
(52,52,3,'2025-04-15 20:02:03','2025-04-15 20:02:03'),
(53,53,3,'2025-04-15 20:02:03','2025-04-15 20:02:03'),
(54,54,3,'2025-04-15 20:02:03','2025-04-15 20:02:03'),
(55,55,3,'2025-04-15 20:02:03','2025-04-15 20:02:03'),
(56,56,3,'2025-04-15 20:02:03','2025-04-15 20:02:03'),
(57,57,3,'2025-04-15 20:02:03','2025-04-15 20:02:03'),
(58,58,3,'2025-04-15 20:02:03','2025-04-15 20:02:03'),
(59,59,4,'2025-04-15 20:02:03','2025-04-15 20:02:03'),
(60,60,4,'2025-04-15 20:02:03','2025-04-15 20:02:03'),
(61,61,4,'2025-04-15 20:02:03','2025-04-15 20:02:03'),
(62,62,4,'2025-04-15 20:02:03','2025-04-15 20:02:03'),
(63,63,4,'2025-04-15 20:02:03','2025-04-15 20:02:03'),
(64,64,4,'2025-04-15 20:02:03','2025-04-15 20:02:03'),
(65,65,4,'2025-04-15 20:02:03','2025-04-15 20:02:03'),
(66,66,4,'2025-04-15 20:02:03','2025-04-15 20:02:03'),
(67,67,4,'2025-04-15 20:02:03','2025-04-15 20:02:03'),
(68,68,4,'2025-04-15 20:02:03','2025-04-15 20:02:03'),
(69,69,4,'2025-04-15 20:02:03','2025-04-15 20:02:03'),
(70,70,4,'2025-04-15 20:02:03','2025-04-15 20:02:03'),
(71,71,4,'2025-04-15 20:02:03','2025-04-15 20:02:03'),
(72,72,4,'2025-04-15 20:02:03','2025-04-15 20:02:03'),
(73,73,4,'2025-04-15 20:02:03','2025-04-15 20:02:03'),
(74,74,4,'2025-04-15 20:02:03','2025-04-15 20:02:03'),
(75,75,4,'2025-04-15 20:02:03','2025-04-15 20:02:03'),
(76,76,4,'2025-04-15 20:02:03','2025-04-15 20:02:03'),
(77,77,4,'2025-04-15 20:02:03','2025-04-15 20:02:03'),
(78,78,4,'2025-04-15 20:02:03','2025-04-15 20:02:03'),
(79,79,4,'2025-04-15 20:02:03','2025-04-15 20:02:03'),
(80,80,4,'2025-04-15 20:02:03','2025-04-15 20:02:03'),
(81,81,4,'2025-04-15 20:02:03','2025-04-15 20:02:03'),
(82,82,4,'2025-04-15 20:02:03','2025-04-15 20:02:03'),
(83,83,4,'2025-04-15 20:02:03','2025-04-15 20:02:03'),
(84,84,4,'2025-04-15 20:02:03','2025-04-15 20:02:03'),
(85,85,4,'2025-04-15 20:02:03','2025-04-15 20:02:03'),
(86,86,5,'2025-04-15 20:02:03','2025-04-15 20:02:03'),
(87,87,5,'2025-04-15 20:02:03','2025-04-15 20:02:03'),
(88,88,5,'2025-04-15 20:02:03','2025-04-15 20:02:03'),
(89,89,5,'2025-04-15 20:02:03','2025-04-15 20:02:03'),
(90,90,5,'2025-04-15 20:02:03','2025-04-15 20:02:03'),
(91,91,5,'2025-04-15 20:02:03','2025-04-15 20:02:03'),
(92,92,5,'2025-04-15 20:02:03','2025-04-15 20:02:03'),
(93,93,5,'2025-04-15 20:02:03','2025-04-15 20:02:03'),
(94,94,5,'2025-04-15 20:02:03','2025-04-15 20:02:03'),
(95,95,5,'2025-04-15 20:02:03','2025-04-15 20:02:03'),
(96,96,5,'2025-04-15 20:02:03','2025-04-15 20:02:03'),
(97,97,5,'2025-04-15 20:02:03','2025-04-15 20:02:03'),
(98,98,5,'2025-04-15 20:02:03','2025-04-15 20:02:03'),
(99,99,5,'2025-04-15 20:02:03','2025-04-15 20:02:03'),
(100,100,5,'2025-04-15 20:02:03','2025-04-15 20:02:03'),
(101,101,5,'2025-04-15 20:02:03','2025-04-15 20:02:03'),
(102,102,5,'2025-04-15 20:02:03','2025-04-15 20:02:03'),
(103,103,5,'2025-04-15 20:02:03','2025-04-15 20:02:03'),
(104,104,5,'2025-04-15 20:02:03','2025-04-15 20:02:03'),
(105,105,5,'2025-04-15 20:02:03','2025-04-15 20:02:03'),
(106,106,5,'2025-04-15 20:02:03','2025-04-15 20:02:03'),
(107,107,5,'2025-04-15 20:02:03','2025-04-15 20:02:03'),
(108,108,7,'2025-04-15 20:02:03','2025-04-15 20:02:03'),
(109,109,7,'2025-04-15 20:02:03','2025-04-15 20:02:03'),
(110,110,7,'2025-04-15 20:02:03','2025-04-15 20:02:03'),
(111,111,7,'2025-04-15 20:02:03','2025-04-15 20:02:03'),
(112,112,7,'2025-04-15 20:02:03','2025-04-15 20:02:03'),
(113,113,7,'2025-04-15 20:02:03','2025-04-15 20:02:03'),
(114,114,7,'2025-04-15 20:02:03','2025-04-15 20:02:03'),
(115,115,7,'2025-04-15 20:02:03','2025-04-15 20:02:03'),
(116,116,7,'2025-04-15 20:02:03','2025-04-15 20:02:03'),
(117,117,7,'2025-04-15 20:02:03','2025-04-15 20:02:03'),
(118,118,7,'2025-04-15 20:02:03','2025-04-15 20:02:03'),
(119,119,7,'2025-04-15 20:02:03','2025-04-15 20:02:03'),
(120,120,7,'2025-04-15 20:02:03','2025-04-15 20:02:03'),
(121,121,7,'2025-04-15 20:02:03','2025-04-15 20:02:03'),
(122,122,7,'2025-04-15 20:02:03','2025-04-15 20:02:03'),
(123,123,7,'2025-04-15 20:02:03','2025-04-15 20:02:03'),
(124,124,7,'2025-04-15 20:02:03','2025-04-15 20:02:03'),
(125,125,7,'2025-04-15 20:02:03','2025-04-15 20:02:03'),
(126,126,7,'2025-04-15 20:02:03','2025-04-15 20:02:03'),
(127,127,7,'2025-04-15 20:02:03','2025-04-15 20:02:03'),
(128,128,7,'2025-04-15 20:02:03','2025-04-15 20:02:03'),
(129,129,7,'2025-04-15 20:02:03','2025-04-15 20:02:03'),
(130,130,7,'2025-04-15 20:02:03','2025-04-15 20:02:03'),
(131,131,7,'2025-04-15 20:02:03','2025-04-15 20:02:03'),
(132,132,7,'2025-04-15 20:02:03','2025-04-15 20:02:03'),
(133,133,8,'2025-04-15 20:02:03','2025-04-15 20:02:03'),
(134,134,8,'2025-04-15 20:02:03','2025-04-15 20:02:03'),
(135,135,8,'2025-04-15 20:02:03','2025-04-15 20:02:03'),
(136,136,8,'2025-04-15 20:02:03','2025-04-15 20:02:03'),
(137,137,8,'2025-04-15 20:02:03','2025-04-15 20:02:03'),
(138,138,8,'2025-04-15 20:02:03','2025-04-15 20:02:03'),
(139,139,8,'2025-04-15 20:02:03','2025-04-15 20:02:03'),
(140,140,8,'2025-04-15 20:02:03','2025-04-15 20:02:03'),
(141,141,8,'2025-04-15 20:02:03','2025-04-15 20:02:03'),
(142,142,8,'2025-04-15 20:02:03','2025-04-15 20:02:03'),
(143,143,8,'2025-04-15 20:02:03','2025-04-15 20:02:03'),
(144,144,8,'2025-04-15 20:02:03','2025-04-15 20:02:03'),
(145,145,8,'2025-04-15 20:02:03','2025-04-15 20:02:03'),
(146,146,8,'2025-04-15 20:02:03','2025-04-15 20:02:03'),
(147,147,8,'2025-04-15 20:02:03','2025-04-15 20:02:03'),
(148,148,9,'2025-04-15 20:02:03','2025-04-15 20:02:03'),
(149,149,9,'2025-04-15 20:02:03','2025-04-15 20:02:03'),
(150,150,9,'2025-04-15 20:02:03','2025-04-15 20:02:03'),
(151,151,9,'2025-04-15 20:02:03','2025-04-15 20:02:03'),
(152,152,9,'2025-04-15 20:02:03','2025-04-15 20:02:03'),
(153,153,9,'2025-04-15 20:02:03','2025-04-15 20:02:03'),
(154,154,9,'2025-04-15 20:02:03','2025-04-15 20:02:03'),
(155,155,9,'2025-04-15 20:02:03','2025-04-15 20:02:03'),
(156,156,9,'2025-04-15 20:02:03','2025-04-15 20:02:03'),
(157,157,9,'2025-04-15 20:02:03','2025-04-15 20:02:03'),
(158,158,9,'2025-04-15 20:02:03','2025-04-15 20:02:03'),
(159,159,9,'2025-04-15 20:02:03','2025-04-15 20:02:03'),
(160,160,9,'2025-04-15 20:02:03','2025-04-15 20:02:03'),
(161,161,9,'2025-04-15 20:02:03','2025-04-15 20:02:03'),
(162,162,9,'2025-04-15 20:02:03','2025-04-15 20:02:03'),
(163,163,9,'2025-04-15 20:02:03','2025-04-15 20:02:03'),
(164,164,9,'2025-04-15 20:02:03','2025-04-15 20:02:03'),
(165,165,9,'2025-04-15 20:02:03','2025-04-15 20:02:03'),
(166,166,9,'2025-04-15 20:02:03','2025-04-15 20:02:03'),
(167,167,10,'2025-04-15 20:02:03','2025-04-15 20:02:03'),
(168,168,10,'2025-04-15 20:02:03','2025-04-15 20:02:03'),
(169,169,10,'2025-04-15 20:02:03','2025-04-15 20:02:03'),
(170,170,10,'2025-04-15 20:02:03','2025-04-15 20:02:03'),
(171,171,10,'2025-04-15 20:02:03','2025-04-15 20:02:03'),
(172,172,10,'2025-04-15 20:02:03','2025-04-15 20:02:03'),
(173,173,10,'2025-04-15 20:02:03','2025-04-15 20:02:03'),
(174,174,10,'2025-04-15 20:02:03','2025-04-15 20:02:03'),
(175,175,10,'2025-04-15 20:02:03','2025-04-15 20:02:03'),
(176,176,10,'2025-04-15 20:02:03','2025-04-15 20:02:03'),
(177,177,10,'2025-04-15 20:02:03','2025-04-15 20:02:03'),
(178,178,10,'2025-04-15 20:02:03','2025-04-15 20:02:03'),
(179,179,10,'2025-04-15 20:02:03','2025-04-15 20:02:03'),
(180,180,10,'2025-04-15 20:02:03','2025-04-15 20:02:03'),
(181,181,10,'2025-04-15 20:02:03','2025-04-15 20:02:03'),
(182,182,10,'2025-04-15 20:02:03','2025-04-15 20:02:03'),
(183,183,10,'2025-04-15 20:02:03','2025-04-15 20:02:03'),
(184,184,10,'2025-04-15 20:02:03','2025-04-15 20:02:03'),
(185,185,10,'2025-04-15 20:02:03','2025-04-15 20:02:03'),
(186,186,10,'2025-04-15 20:02:03','2025-04-15 20:02:03'),
(187,187,10,'2025-04-15 20:02:03','2025-04-15 20:02:03'),
(188,188,10,'2025-04-15 20:02:03','2025-04-15 20:02:03'),
(189,189,10,'2025-04-15 20:02:03','2025-04-15 20:02:03'),
(190,190,10,'2025-04-15 20:02:03','2025-04-15 20:02:03'),
(191,191,10,'2025-04-15 20:02:03','2025-04-15 20:02:03'),
(192,192,11,'2025-04-15 20:02:03','2025-04-15 20:02:03'),
(193,193,11,'2025-04-15 20:02:03','2025-04-15 20:02:03'),
(194,194,11,'2025-04-15 20:02:03','2025-04-15 20:02:03'),
(195,195,11,'2025-04-15 20:02:03','2025-04-15 20:02:03'),
(196,196,11,'2025-04-15 20:02:03','2025-04-15 20:02:03'),
(197,197,11,'2025-04-15 20:02:03','2025-04-15 20:02:03'),
(198,198,11,'2025-04-15 20:02:03','2025-04-15 20:02:03'),
(199,199,11,'2025-04-15 20:02:03','2025-04-15 20:02:03'),
(200,200,11,'2025-04-15 20:02:03','2025-04-15 20:02:03'),
(201,201,11,'2025-04-15 20:02:03','2025-04-15 20:02:03'),
(202,202,11,'2025-04-15 20:02:03','2025-04-15 20:02:03'),
(203,203,11,'2025-04-15 20:02:03','2025-04-15 20:02:03'),
(204,204,11,'2025-04-15 20:02:03','2025-04-15 20:02:03'),
(205,205,11,'2025-04-15 20:02:03','2025-04-15 20:02:03'),
(206,206,11,'2025-04-15 20:02:03','2025-04-15 20:02:03'),
(207,207,11,'2025-04-15 20:02:03','2025-04-15 20:02:03'),
(208,208,12,'2025-04-15 20:02:03','2025-04-15 20:02:03'),
(209,209,12,'2025-04-15 20:02:03','2025-04-15 20:02:03'),
(210,210,12,'2025-04-15 20:02:03','2025-04-15 20:02:03'),
(211,211,12,'2025-04-15 20:02:03','2025-04-15 20:02:03'),
(212,212,12,'2025-04-15 20:02:03','2025-04-15 20:02:03'),
(213,213,12,'2025-04-15 20:02:03','2025-04-15 20:02:03'),
(214,214,12,'2025-04-15 20:02:03','2025-04-15 20:02:03'),
(215,215,12,'2025-04-15 20:02:03','2025-04-15 20:02:03'),
(216,216,12,'2025-04-15 20:02:03','2025-04-15 20:02:03'),
(217,217,12,'2025-04-15 20:02:03','2025-04-15 20:02:03'),
(218,218,12,'2025-04-15 20:02:03','2025-04-15 20:02:03'),
(219,219,12,'2025-04-15 20:02:03','2025-04-15 20:02:03'),
(220,220,12,'2025-04-15 20:02:03','2025-04-15 20:02:03'),
(221,221,12,'2025-04-15 20:02:03','2025-04-15 20:02:03'),
(222,222,12,'2025-04-15 20:02:03','2025-04-15 20:02:03'),
(223,223,12,'2025-04-15 20:02:03','2025-04-15 20:02:03'),
(224,224,12,'2025-04-15 20:02:03','2025-04-15 20:02:03'),
(225,225,12,'2025-04-15 20:02:03','2025-04-15 20:02:03'),
(226,226,12,'2025-04-15 20:02:03','2025-04-15 20:02:03'),
(227,227,12,'2025-04-15 20:02:03','2025-04-15 20:02:03'),
(228,228,12,'2025-04-15 20:02:03','2025-04-15 20:02:03'),
(229,229,12,'2025-04-15 20:02:03','2025-04-15 20:02:03'),
(230,230,12,'2025-04-15 20:02:03','2025-04-15 20:02:03'),
(231,231,13,'2025-04-15 20:02:03','2025-04-15 20:02:03'),
(232,232,13,'2025-04-15 20:02:03','2025-04-15 20:02:03'),
(233,233,13,'2025-04-15 20:02:03','2025-04-15 20:02:03'),
(234,234,13,'2025-04-15 20:02:03','2025-04-15 20:02:03'),
(235,235,13,'2025-04-15 20:02:03','2025-04-15 20:02:03'),
(236,236,13,'2025-04-15 20:02:03','2025-04-15 20:02:03'),
(237,237,13,'2025-04-15 20:02:03','2025-04-15 20:02:03'),
(238,238,13,'2025-04-15 20:02:03','2025-04-15 20:02:03'),
(239,239,13,'2025-04-15 20:02:03','2025-04-15 20:02:03'),
(240,240,13,'2025-04-15 20:02:03','2025-04-15 20:02:03'),
(241,241,13,'2025-04-15 20:02:03','2025-04-15 20:02:03'),
(242,242,13,'2025-04-15 20:02:03','2025-04-15 20:02:03'),
(243,243,13,'2025-04-15 20:02:03','2025-04-15 20:02:03'),
(244,244,13,'2025-04-15 20:02:03','2025-04-15 20:02:03'),
(245,245,13,'2025-04-15 20:02:03','2025-04-15 20:02:03'),
(246,246,13,'2025-04-15 20:02:03','2025-04-15 20:02:03'),
(247,247,13,'2025-04-15 20:02:03','2025-04-15 20:02:03'),
(248,248,13,'2025-04-15 20:02:03','2025-04-15 20:02:03'),
(249,249,13,'2025-04-15 20:02:03','2025-04-15 20:02:03'),
(250,250,13,'2025-04-15 20:02:03','2025-04-15 20:02:03'),
(251,251,13,'2025-04-15 20:02:03','2025-04-15 20:02:03'),
(252,252,13,'2025-04-15 20:02:03','2025-04-15 20:02:03'),
(253,253,13,'2025-04-15 20:02:03','2025-04-15 20:02:03'),
(254,254,13,'2025-04-15 20:02:03','2025-04-15 20:02:03'),
(255,255,14,'2025-04-15 20:02:03','2025-04-15 20:02:03'),
(256,256,14,'2025-04-15 20:02:03','2025-04-15 20:02:03'),
(257,257,14,'2025-04-15 20:02:03','2025-04-15 20:02:03'),
(258,258,14,'2025-04-15 20:02:03','2025-04-15 20:02:03'),
(259,259,14,'2025-04-15 20:02:03','2025-04-15 20:02:03'),
(260,260,14,'2025-04-15 20:02:03','2025-04-15 20:02:03'),
(261,261,14,'2025-04-15 20:02:03','2025-04-15 20:02:03'),
(262,262,14,'2025-04-15 20:02:03','2025-04-15 20:02:03'),
(263,263,14,'2025-04-15 20:02:03','2025-04-15 20:02:03'),
(264,264,14,'2025-04-15 20:02:03','2025-04-15 20:02:03'),
(265,265,14,'2025-04-15 20:02:03','2025-04-15 20:02:03'),
(266,266,14,'2025-04-15 20:02:03','2025-04-15 20:02:03'),
(267,267,14,'2025-04-15 20:02:03','2025-04-15 20:02:03'),
(268,268,14,'2025-04-15 20:02:03','2025-04-15 20:02:03'),
(269,269,14,'2025-04-15 20:02:03','2025-04-15 20:02:03'),
(270,270,14,'2025-04-15 20:02:03','2025-04-15 20:02:03'),
(271,271,14,'2025-04-15 20:02:03','2025-04-15 20:02:03'),
(272,272,14,'2025-04-15 20:02:03','2025-04-15 20:02:03'),
(273,273,14,'2025-04-15 20:02:03','2025-04-15 20:02:03'),
(274,274,15,'2025-04-15 20:02:03','2025-04-15 20:02:03'),
(275,275,15,'2025-04-15 20:02:03','2025-04-15 20:02:03'),
(276,276,15,'2025-04-15 20:02:03','2025-04-15 20:02:03'),
(277,277,15,'2025-04-15 20:02:03','2025-04-15 20:02:03'),
(278,278,15,'2025-04-15 20:02:03','2025-04-15 20:02:03'),
(279,279,15,'2025-04-15 20:02:03','2025-04-15 20:02:03'),
(280,280,15,'2025-04-15 20:02:03','2025-04-15 20:02:03'),
(281,281,15,'2025-04-15 20:02:03','2025-04-15 20:02:03'),
(282,282,15,'2025-04-15 20:02:03','2025-04-15 20:02:03'),
(283,283,15,'2025-04-15 20:02:03','2025-04-15 20:02:03'),
(284,284,15,'2025-04-15 20:02:03','2025-04-15 20:02:03'),
(285,285,15,'2025-04-15 20:02:03','2025-04-15 20:02:03'),
(286,286,15,'2025-04-15 20:02:03','2025-04-15 20:02:03'),
(287,287,15,'2025-04-15 20:02:03','2025-04-15 20:02:03'),
(288,288,15,'2025-04-15 20:02:03','2025-04-15 20:02:03'),
(289,289,15,'2025-04-15 20:02:03','2025-04-15 20:02:03'),
(290,290,15,'2025-04-15 20:02:03','2025-04-15 20:02:03'),
(291,291,15,'2025-04-15 20:02:03','2025-04-15 20:02:03'),
(292,292,15,'2025-04-15 20:02:03','2025-04-15 20:02:03'),
(293,293,15,'2025-04-15 20:02:03','2025-04-15 20:02:03'),
(294,294,15,'2025-04-15 20:02:03','2025-04-15 20:02:03'),
(295,295,16,'2025-04-15 20:02:03','2025-04-15 20:02:03'),
(296,296,16,'2025-04-15 20:02:03','2025-04-15 20:02:03'),
(297,297,16,'2025-04-15 20:02:03','2025-04-15 20:02:03'),
(298,298,16,'2025-04-15 20:02:03','2025-04-15 20:02:03'),
(299,299,16,'2025-04-15 20:02:03','2025-04-15 20:02:03'),
(300,300,16,'2025-04-15 20:02:03','2025-04-15 20:02:03'),
(301,301,16,'2025-04-15 20:02:03','2025-04-15 20:02:03'),
(302,302,16,'2025-04-15 20:02:03','2025-04-15 20:02:03'),
(303,303,16,'2025-04-15 20:02:03','2025-04-15 20:02:03'),
(304,304,16,'2025-04-15 20:02:03','2025-04-15 20:02:03'),
(305,305,16,'2025-04-15 20:02:03','2025-04-15 20:02:03'),
(306,306,16,'2025-04-15 20:02:03','2025-04-15 20:02:03'),
(307,307,16,'2025-04-15 20:02:03','2025-04-15 20:02:03'),
(308,308,16,'2025-04-15 20:02:03','2025-04-15 20:02:03'),
(309,309,16,'2025-04-15 20:02:03','2025-04-15 20:02:03'),
(310,310,16,'2025-04-15 20:02:03','2025-04-15 20:02:03'),
(311,311,16,'2025-04-15 20:02:03','2025-04-15 20:02:03'),
(312,312,16,'2025-04-15 20:02:03','2025-04-15 20:02:03'),
(313,313,17,'2025-04-15 20:02:03','2025-04-15 20:02:03'),
(314,314,17,'2025-04-15 20:02:03','2025-04-15 20:02:03'),
(315,315,17,'2025-04-15 20:02:03','2025-04-15 20:02:03'),
(316,316,17,'2025-04-15 20:02:03','2025-04-15 20:02:03'),
(317,317,17,'2025-04-15 20:02:03','2025-04-15 20:02:03'),
(318,318,17,'2025-04-15 20:02:03','2025-04-15 20:02:03'),
(319,319,17,'2025-04-15 20:02:03','2025-04-15 20:02:03'),
(320,320,17,'2025-04-15 20:02:03','2025-04-15 20:02:03'),
(321,321,17,'2025-04-15 20:02:03','2025-04-15 20:02:03'),
(322,322,17,'2025-04-15 20:02:03','2025-04-15 20:02:03'),
(323,323,17,'2025-04-15 20:02:03','2025-04-15 20:02:03'),
(324,324,17,'2025-04-15 20:02:03','2025-04-15 20:02:03'),
(325,325,17,'2025-04-15 20:02:03','2025-04-15 20:02:03'),
(326,326,17,'2025-04-15 20:02:03','2025-04-15 20:02:03'),
(327,327,17,'2025-04-15 20:02:03','2025-04-15 20:02:03'),
(328,328,17,'2025-04-15 20:02:03','2025-04-15 20:02:03'),
(329,329,17,'2025-04-15 20:02:03','2025-04-15 20:02:03'),
(330,330,17,'2025-04-15 20:02:03','2025-04-15 20:02:03'),
(331,331,18,'2025-04-15 20:02:03','2025-04-15 20:02:03'),
(332,332,18,'2025-04-15 20:02:03','2025-04-15 20:02:03'),
(333,333,18,'2025-04-15 20:02:03','2025-04-15 20:02:03'),
(334,334,18,'2025-04-15 20:02:03','2025-04-15 20:02:03'),
(335,335,18,'2025-04-15 20:02:03','2025-04-15 20:02:03'),
(336,336,18,'2025-04-15 20:02:03','2025-04-15 20:02:03'),
(337,337,18,'2025-04-15 20:02:03','2025-04-15 20:02:03'),
(338,338,18,'2025-04-15 20:02:03','2025-04-15 20:02:03'),
(339,339,18,'2025-04-15 20:02:03','2025-04-15 20:02:03'),
(340,340,18,'2025-04-15 20:02:03','2025-04-15 20:02:03'),
(341,341,18,'2025-04-15 20:02:03','2025-04-15 20:02:03'),
(342,342,18,'2025-04-15 20:02:03','2025-04-15 20:02:03'),
(343,343,18,'2025-04-15 20:02:03','2025-04-15 20:02:03'),
(344,344,18,'2025-04-15 20:02:03','2025-04-15 20:02:03'),
(345,345,18,'2025-04-15 20:02:03','2025-04-15 20:02:03'),
(346,346,18,'2025-04-15 20:02:03','2025-04-15 20:02:03'),
(347,347,18,'2025-04-15 20:02:03','2025-04-15 20:02:03'),
(348,348,18,'2025-04-15 20:02:03','2025-04-15 20:02:03'),
(349,349,18,'2025-04-15 20:02:03','2025-04-15 20:02:03'),
(350,350,18,'2025-04-15 20:02:03','2025-04-15 20:02:03'),
(351,351,18,'2025-04-15 20:02:03','2025-04-15 20:02:03'),
(352,352,18,'2025-04-15 20:02:03','2025-04-15 20:02:03'),
(353,353,18,'2025-04-15 20:02:03','2025-04-15 20:02:03'),
(354,354,19,'2025-04-15 20:02:03','2025-04-15 20:02:03'),
(355,355,19,'2025-04-15 20:02:03','2025-04-15 20:02:03'),
(356,356,19,'2025-04-15 20:02:03','2025-04-15 20:02:03'),
(357,357,19,'2025-04-15 20:02:03','2025-04-15 20:02:03'),
(358,358,19,'2025-04-15 20:02:03','2025-04-15 20:02:03'),
(359,359,19,'2025-04-15 20:02:03','2025-04-15 20:02:03'),
(360,360,19,'2025-04-15 20:02:03','2025-04-15 20:02:03'),
(361,361,19,'2025-04-15 20:02:03','2025-04-15 20:02:03'),
(362,362,19,'2025-04-15 20:02:03','2025-04-15 20:02:03'),
(363,363,19,'2025-04-15 20:02:03','2025-04-15 20:02:03'),
(364,364,19,'2025-04-15 20:02:03','2025-04-15 20:02:03'),
(365,365,19,'2025-04-15 20:02:03','2025-04-15 20:02:03'),
(366,366,19,'2025-04-15 20:02:03','2025-04-15 20:02:03'),
(367,367,19,'2025-04-15 20:02:03','2025-04-15 20:02:03'),
(368,368,19,'2025-04-15 20:02:03','2025-04-15 20:02:03'),
(369,369,19,'2025-04-15 20:02:03','2025-04-15 20:02:03'),
(370,370,19,'2025-04-15 20:02:03','2025-04-15 20:02:03'),
(371,371,19,'2025-04-15 20:02:03','2025-04-15 20:02:03'),
(372,372,19,'2025-04-15 20:02:03','2025-04-15 20:02:03'),
(373,373,19,'2025-04-15 20:02:03','2025-04-15 20:02:03'),
(374,374,19,'2025-04-15 20:02:03','2025-04-15 20:02:03'),
(375,375,19,'2025-04-15 20:02:03','2025-04-15 20:02:03'),
(376,376,20,'2025-04-15 20:02:03','2025-04-15 20:02:03'),
(377,377,20,'2025-04-15 20:02:03','2025-04-15 20:02:03'),
(378,378,20,'2025-04-15 20:02:03','2025-04-15 20:02:03'),
(379,379,20,'2025-04-15 20:02:03','2025-04-15 20:02:03'),
(380,380,20,'2025-04-15 20:02:03','2025-04-15 20:02:03'),
(381,381,20,'2025-04-15 20:02:03','2025-04-15 20:02:03'),
(382,382,20,'2025-04-15 20:02:03','2025-04-15 20:02:03'),
(383,383,20,'2025-04-15 20:02:03','2025-04-15 20:02:03'),
(384,384,20,'2025-04-15 20:02:03','2025-04-15 20:02:03'),
(385,385,20,'2025-04-15 20:02:03','2025-04-15 20:02:03'),
(386,386,20,'2025-04-15 20:02:03','2025-04-15 20:02:03'),
(387,387,20,'2025-04-15 20:02:03','2025-04-15 20:02:03'),
(388,388,20,'2025-04-15 20:02:03','2025-04-15 20:02:03'),
(389,389,20,'2025-04-15 20:02:03','2025-04-15 20:02:03'),
(390,390,20,'2025-04-15 20:02:03','2025-04-15 20:02:03'),
(391,391,20,'2025-04-15 20:02:03','2025-04-15 20:02:03'),
(392,392,20,'2025-04-15 20:02:03','2025-04-15 20:02:03'),
(393,393,20,'2025-04-15 20:02:03','2025-04-15 20:02:03'),
(394,394,21,'2025-04-15 20:02:03','2025-04-15 20:02:03'),
(395,395,21,'2025-04-15 20:02:03','2025-04-15 20:02:03'),
(396,396,21,'2025-04-15 20:02:03','2025-04-15 20:02:03'),
(397,397,21,'2025-04-15 20:02:03','2025-04-15 20:02:03'),
(398,398,21,'2025-04-15 20:02:03','2025-04-15 20:02:03'),
(399,399,21,'2025-04-15 20:02:03','2025-04-15 20:02:03'),
(400,400,21,'2025-04-15 20:02:03','2025-04-15 20:02:03'),
(401,401,21,'2025-04-15 20:02:03','2025-04-15 20:02:03'),
(402,402,21,'2025-04-15 20:02:03','2025-04-15 20:02:03'),
(403,403,21,'2025-04-15 20:02:03','2025-04-15 20:02:03'),
(404,404,21,'2025-04-15 20:02:03','2025-04-15 20:02:03'),
(405,405,21,'2025-04-15 20:02:03','2025-04-15 20:02:03'),
(406,406,21,'2025-04-15 20:02:03','2025-04-15 20:02:03'),
(407,407,21,'2025-04-15 20:02:03','2025-04-15 20:02:03'),
(408,408,21,'2025-04-15 20:02:03','2025-04-15 20:02:03'),
(409,409,21,'2025-04-15 20:02:03','2025-04-15 20:02:03'),
(410,410,21,'2025-04-15 20:02:03','2025-04-15 20:02:03'),
(411,411,21,'2025-04-15 20:02:03','2025-04-15 20:02:03'),
(412,412,21,'2025-04-15 20:02:03','2025-04-15 20:02:03'),
(413,413,21,'2025-04-15 20:02:03','2025-04-15 20:02:03'),
(414,414,22,'2025-04-15 20:02:03','2025-04-15 20:02:03'),
(415,415,22,'2025-04-15 20:02:03','2025-04-15 20:02:03'),
(416,416,22,'2025-04-15 20:02:03','2025-04-15 20:02:03'),
(417,417,22,'2025-04-15 20:02:03','2025-04-15 20:02:03'),
(418,418,22,'2025-04-15 20:02:03','2025-04-15 20:02:03'),
(419,419,22,'2025-04-15 20:02:03','2025-04-15 20:02:03'),
(420,420,22,'2025-04-15 20:02:03','2025-04-15 20:02:03'),
(421,421,22,'2025-04-15 20:02:03','2025-04-15 20:02:03'),
(422,422,22,'2025-04-15 20:02:03','2025-04-15 20:02:03'),
(423,423,22,'2025-04-15 20:02:03','2025-04-15 20:02:03'),
(424,424,22,'2025-04-15 20:02:03','2025-04-15 20:02:03'),
(425,425,22,'2025-04-15 20:02:03','2025-04-15 20:02:03'),
(426,426,22,'2025-04-15 20:02:03','2025-04-15 20:02:03'),
(427,427,22,'2025-04-15 20:02:03','2025-04-15 20:02:03'),
(428,428,22,'2025-04-15 20:02:03','2025-04-15 20:02:03'),
(429,429,22,'2025-04-15 20:02:03','2025-04-15 20:02:03'),
(430,430,22,'2025-04-15 20:02:03','2025-04-15 20:02:03'),
(431,431,22,'2025-04-15 20:02:03','2025-04-15 20:02:03'),
(432,432,22,'2025-04-15 20:02:03','2025-04-15 20:02:03'),
(433,433,22,'2025-04-15 20:02:03','2025-04-15 20:02:03'),
(434,434,22,'2025-04-15 20:02:03','2025-04-15 20:02:03'),
(435,435,23,'2025-04-15 20:02:03','2025-04-15 20:02:03'),
(436,436,23,'2025-04-15 20:02:03','2025-04-15 20:02:03'),
(437,437,23,'2025-04-15 20:02:03','2025-04-15 20:02:03'),
(438,438,23,'2025-04-15 20:02:03','2025-04-15 20:02:03'),
(439,439,23,'2025-04-15 20:02:03','2025-04-15 20:02:03'),
(440,440,23,'2025-04-15 20:02:03','2025-04-15 20:02:03'),
(441,441,23,'2025-04-15 20:02:03','2025-04-15 20:02:03'),
(442,442,23,'2025-04-15 20:02:03','2025-04-15 20:02:03'),
(443,443,23,'2025-04-15 20:02:03','2025-04-15 20:02:03'),
(444,444,23,'2025-04-15 20:02:03','2025-04-15 20:02:03'),
(445,445,23,'2025-04-15 20:02:03','2025-04-15 20:02:03'),
(446,446,23,'2025-04-15 20:02:03','2025-04-15 20:02:03'),
(447,447,23,'2025-04-15 20:02:03','2025-04-15 20:02:03'),
(448,448,23,'2025-04-15 20:02:03','2025-04-15 20:02:03'),
(449,449,23,'2025-04-15 20:02:03','2025-04-15 20:02:03'),
(450,450,23,'2025-04-15 20:02:03','2025-04-15 20:02:03'),
(451,451,23,'2025-04-15 20:02:03','2025-04-15 20:02:03'),
(452,452,23,'2025-04-15 20:02:03','2025-04-15 20:02:03'),
(453,453,23,'2025-04-15 20:02:03','2025-04-15 20:02:03'),
(454,454,23,'2025-04-15 20:02:03','2025-04-15 20:02:03'),
(455,455,23,'2025-04-15 20:02:03','2025-04-15 20:02:03'),
(456,456,23,'2025-04-15 20:02:03','2025-04-15 20:02:03'),
(457,457,23,'2025-04-15 20:02:03','2025-04-15 20:02:03'),
(458,458,23,'2025-04-15 20:02:03','2025-04-15 20:02:03'),
(459,459,25,'2025-04-15 20:02:03','2025-04-15 20:02:03'),
(460,460,25,'2025-04-15 20:02:03','2025-04-15 20:02:03'),
(461,461,25,'2025-04-15 20:02:03','2025-04-15 20:02:03'),
(462,462,25,'2025-04-15 20:02:03','2025-04-15 20:02:03'),
(463,463,25,'2025-04-15 20:02:03','2025-04-15 20:02:03'),
(464,464,25,'2025-04-15 20:02:03','2025-04-15 20:02:03'),
(465,465,25,'2025-04-15 20:02:03','2025-04-15 20:02:03'),
(466,466,25,'2025-04-15 20:02:03','2025-04-15 20:02:03'),
(467,467,25,'2025-04-15 20:02:03','2025-04-15 20:02:03'),
(468,468,25,'2025-04-15 20:02:03','2025-04-15 20:02:03'),
(469,469,25,'2025-04-15 20:02:03','2025-04-15 20:02:03'),
(470,470,25,'2025-04-15 20:02:03','2025-04-15 20:02:03'),
(471,471,25,'2025-04-15 20:02:03','2025-04-15 20:02:03'),
(472,472,25,'2025-04-15 20:02:03','2025-04-15 20:02:03'),
(473,473,25,'2025-04-15 20:02:03','2025-04-15 20:02:03'),
(474,474,25,'2025-04-15 20:02:03','2025-04-15 20:02:03'),
(475,475,25,'2025-04-15 20:02:03','2025-04-15 20:02:03'),
(476,476,25,'2025-04-15 20:02:03','2025-04-15 20:02:03'),
(477,477,25,'2025-04-15 20:02:03','2025-04-15 20:02:03'),
(478,478,25,'2025-04-15 20:02:03','2025-04-15 20:02:03'),
(479,479,25,'2025-04-15 20:02:03','2025-04-15 20:02:03'),
(480,480,25,'2025-04-15 20:02:03','2025-04-15 20:02:03'),
(481,481,25,'2025-04-15 20:02:03','2025-04-15 20:02:03'),
(482,482,26,'2025-04-15 20:02:03','2025-04-15 20:02:03'),
(483,483,26,'2025-04-15 20:02:03','2025-04-15 20:02:03'),
(484,484,26,'2025-04-15 20:02:03','2025-04-15 20:02:03'),
(485,485,26,'2025-04-15 20:02:03','2025-04-15 20:02:03'),
(486,486,26,'2025-04-15 20:02:03','2025-04-15 20:02:03'),
(487,487,26,'2025-04-15 20:02:03','2025-04-15 20:02:03'),
(488,488,26,'2025-04-15 20:02:03','2025-04-15 20:02:03'),
(489,489,26,'2025-04-15 20:02:03','2025-04-15 20:02:03'),
(490,490,26,'2025-04-15 20:02:03','2025-04-15 20:02:03'),
(491,491,26,'2025-04-15 20:02:03','2025-04-15 20:02:03'),
(492,492,26,'2025-04-15 20:02:03','2025-04-15 20:02:03'),
(493,493,26,'2025-04-15 20:02:03','2025-04-15 20:02:03'),
(494,494,26,'2025-04-15 20:02:03','2025-04-15 20:02:03'),
(495,495,26,'2025-04-15 20:02:03','2025-04-15 20:02:03'),
(496,496,26,'2025-04-15 20:02:03','2025-04-15 20:02:03'),
(497,497,26,'2025-04-15 20:02:03','2025-04-15 20:02:03'),
(498,498,26,'2025-04-15 20:02:03','2025-04-15 20:02:03'),
(499,499,26,'2025-04-15 20:02:03','2025-04-15 20:02:03'),
(500,500,26,'2025-04-15 20:02:03','2025-04-15 20:02:03'),
(501,501,26,'2025-04-15 20:02:03','2025-04-15 20:02:03'),
(502,502,26,'2025-04-15 20:02:03','2025-04-15 20:02:03'),
(503,503,26,'2025-04-15 20:02:03','2025-04-15 20:02:03'),
(504,504,27,'2025-04-15 20:02:03','2025-04-15 20:02:03'),
(505,505,27,'2025-04-15 20:02:03','2025-04-15 20:02:03'),
(506,506,27,'2025-04-15 20:02:03','2025-04-15 20:02:03'),
(507,507,27,'2025-04-15 20:02:03','2025-04-15 20:02:03'),
(508,508,27,'2025-04-15 20:02:03','2025-04-15 20:02:03'),
(509,509,27,'2025-04-15 20:02:03','2025-04-15 20:02:03'),
(510,510,27,'2025-04-15 20:02:03','2025-04-15 20:02:03'),
(511,511,27,'2025-04-15 20:02:03','2025-04-15 20:02:03'),
(512,512,27,'2025-04-15 20:02:03','2025-04-15 20:02:03'),
(513,513,27,'2025-04-15 20:02:03','2025-04-15 20:02:03'),
(514,514,27,'2025-04-15 20:02:03','2025-04-15 20:02:03'),
(515,515,27,'2025-04-15 20:02:03','2025-04-15 20:02:03'),
(516,516,27,'2025-04-15 20:02:03','2025-04-15 20:02:03'),
(517,517,27,'2025-04-15 20:02:03','2025-04-15 20:02:03'),
(518,518,27,'2025-04-15 20:02:03','2025-04-15 20:02:03'),
(519,519,27,'2025-04-15 20:02:03','2025-04-15 20:02:03'),
(520,520,27,'2025-04-15 20:02:03','2025-04-15 20:02:03'),
(521,521,27,'2025-04-15 20:02:03','2025-04-15 20:02:03'),
(522,522,27,'2025-04-15 20:02:03','2025-04-15 20:02:03'),
(523,523,27,'2025-04-15 20:02:03','2025-04-15 20:02:03'),
(524,524,27,'2025-04-15 20:02:03','2025-04-15 20:02:03'),
(525,525,27,'2025-04-15 20:02:03','2025-04-15 20:02:03'),
(526,526,27,'2025-04-15 20:02:03','2025-04-15 20:02:03'),
(527,527,28,'2025-04-15 20:02:03','2025-04-15 20:02:03'),
(528,528,28,'2025-04-15 20:02:03','2025-04-15 20:02:03'),
(529,529,28,'2025-04-15 20:02:03','2025-04-15 20:02:03'),
(530,530,28,'2025-04-15 20:02:03','2025-04-15 20:02:03'),
(531,531,28,'2025-04-15 20:02:03','2025-04-15 20:02:03'),
(532,532,28,'2025-04-15 20:02:03','2025-04-15 20:02:03'),
(533,533,28,'2025-04-15 20:02:03','2025-04-15 20:02:03'),
(534,534,28,'2025-04-15 20:02:03','2025-04-15 20:02:03'),
(535,535,28,'2025-04-15 20:02:03','2025-04-15 20:02:03'),
(536,536,28,'2025-04-15 20:02:03','2025-04-15 20:02:03'),
(537,537,28,'2025-04-15 20:02:03','2025-04-15 20:02:03'),
(538,538,28,'2025-04-15 20:02:03','2025-04-15 20:02:03'),
(539,539,28,'2025-04-15 20:02:03','2025-04-15 20:02:03'),
(540,540,28,'2025-04-15 20:02:03','2025-04-15 20:02:03'),
(541,541,28,'2025-04-15 20:02:03','2025-04-15 20:02:03'),
(542,542,28,'2025-04-15 20:02:03','2025-04-15 20:02:03'),
(543,543,28,'2025-04-15 20:02:03','2025-04-15 20:02:03'),
(544,544,28,'2025-04-15 20:02:03','2025-04-15 20:02:03'),
(545,545,28,'2025-04-15 20:02:03','2025-04-15 20:02:03'),
(546,546,28,'2025-04-15 20:02:03','2025-04-15 20:02:03'),
(547,547,28,'2025-04-15 20:02:03','2025-04-15 20:02:03'),
(548,548,28,'2025-04-15 20:02:03','2025-04-15 20:02:03'),
(549,549,29,'2025-04-15 20:02:03','2025-04-15 20:02:03'),
(550,550,29,'2025-04-15 20:02:03','2025-04-15 20:02:03'),
(551,551,29,'2025-04-15 20:02:03','2025-04-15 20:02:03'),
(552,552,29,'2025-04-15 20:02:03','2025-04-15 20:02:03'),
(553,553,29,'2025-04-15 20:02:03','2025-04-15 20:02:03'),
(554,554,29,'2025-04-15 20:02:03','2025-04-15 20:02:03'),
(555,555,29,'2025-04-15 20:02:03','2025-04-15 20:02:03'),
(556,556,29,'2025-04-15 20:02:03','2025-04-15 20:02:03'),
(557,557,29,'2025-04-15 20:02:03','2025-04-15 20:02:03'),
(558,558,29,'2025-04-15 20:02:03','2025-04-15 20:02:03'),
(559,559,29,'2025-04-15 20:02:03','2025-04-15 20:02:03'),
(560,560,29,'2025-04-15 20:02:03','2025-04-15 20:02:03'),
(561,561,29,'2025-04-15 20:02:03','2025-04-15 20:02:03'),
(562,562,29,'2025-04-15 20:02:03','2025-04-15 20:02:03'),
(563,563,29,'2025-04-15 20:02:03','2025-04-15 20:02:03'),
(564,564,29,'2025-04-15 20:02:03','2025-04-15 20:02:03'),
(565,565,29,'2025-04-15 20:02:03','2025-04-15 20:02:03'),
(566,566,29,'2025-04-15 20:02:03','2025-04-15 20:02:03'),
(567,567,29,'2025-04-15 20:02:03','2025-04-15 20:02:03'),
(568,568,29,'2025-04-15 20:02:03','2025-04-15 20:02:03'),
(569,569,29,'2025-04-15 20:02:03','2025-04-15 20:02:03'),
(570,570,29,'2025-04-15 20:02:03','2025-04-15 20:02:03'),
(571,571,30,'2025-04-15 20:02:03','2025-04-15 20:02:03'),
(572,572,30,'2025-04-15 20:02:03','2025-04-15 20:02:03'),
(573,573,30,'2025-04-15 20:02:03','2025-04-15 20:02:03'),
(574,574,30,'2025-04-15 20:02:03','2025-04-15 20:02:03'),
(575,575,30,'2025-04-15 20:02:03','2025-04-15 20:02:03'),
(576,576,30,'2025-04-15 20:02:03','2025-04-15 20:02:03'),
(577,577,30,'2025-04-15 20:02:03','2025-04-15 20:02:03'),
(578,578,30,'2025-04-15 20:02:03','2025-04-15 20:02:03'),
(579,579,30,'2025-04-15 20:02:03','2025-04-15 20:02:03'),
(580,580,30,'2025-04-15 20:02:03','2025-04-15 20:02:03'),
(581,581,30,'2025-04-15 20:02:03','2025-04-15 20:02:03'),
(582,582,30,'2025-04-15 20:02:03','2025-04-15 20:02:03'),
(583,583,30,'2025-04-15 20:02:03','2025-04-15 20:02:03'),
(584,584,30,'2025-04-15 20:02:03','2025-04-15 20:02:03'),
(585,585,30,'2025-04-15 20:02:03','2025-04-15 20:02:03'),
(586,586,30,'2025-04-15 20:02:03','2025-04-15 20:02:03'),
(587,587,30,'2025-04-15 20:02:03','2025-04-15 20:02:03'),
(588,588,30,'2025-04-15 20:02:03','2025-04-15 20:02:03');
/*!40000 ALTER TABLE `publikasi_penulis` ENABLE KEYS */;
UNLOCK TABLES;

--
-- Table structure for table `riset`
--

DROP TABLE IF EXISTS `riset`;
/*!40101 SET @saved_cs_client     = @@character_set_client */;
/*!40101 SET character_set_client = utf8mb4 */;
CREATE TABLE `riset` (
  `id` bigint(20) unsigned NOT NULL AUTO_INCREMENT,
  `judul_riset` varchar(255) NOT NULL,
  `id_lab` bigint(20) unsigned DEFAULT NULL,
  `id_dosen` bigint(20) unsigned NOT NULL,
  `tahun` int(11) DEFAULT NULL,
  `created_at` timestamp NULL DEFAULT NULL,
  `updated_at` timestamp NULL DEFAULT NULL,
  PRIMARY KEY (`id`),
  KEY `riset_id_lab_foreign` (`id_lab`),
  KEY `riset_id_dosen_foreign` (`id_dosen`),
  CONSTRAINT `riset_id_dosen_foreign` FOREIGN KEY (`id_dosen`) REFERENCES `dosen` (`id`) ON DELETE CASCADE,
  CONSTRAINT `riset_id_lab_foreign` FOREIGN KEY (`id_lab`) REFERENCES `laboratorium` (`id`) ON DELETE SET NULL
) ENGINE=InnoDB AUTO_INCREMENT=200 DEFAULT CHARSET=utf8mb4 COLLATE=utf8mb4_unicode_ci;
/*!40101 SET character_set_client = @saved_cs_client */;

--
-- Dumping data for table `riset`
--

LOCK TABLES `riset` WRITE;
/*!40000 ALTER TABLE `riset` DISABLE KEYS */;
INSERT INTO `riset` VALUES
(1,'perancangan teknologi semi otomatis deteksi cacat pengelasan pada shipbuilding untuk meningkatkan kualitas produk industri galangan kapal di madura',6,1,2023,NULL,NULL),
(2,'smart barn : sistem kontrol dan monitoring suhu ruangan peternakan sapi madura dengan metode fuzzy logic bebasis internet of things',6,2,2022,NULL,NULL),
(3,'otomatisasi teknologi tepat guna alat produksi air garam menjadi chlorine (chlorination)',6,2,2021,NULL,NULL),
(4,'aplikasi game berbasis kinect untuk terapi anak autis',6,2,2021,NULL,NULL),
(5,'sistem pendukung keputusan untuk memutuskan kualitas garam di madura menggunakan metode saw',6,2,2019,NULL,NULL),
(6,'analisis teknik peramalan hasil panen padi dengan metode forecasting extreme learning machine (elm)',7,3,2024,NULL,NULL),
(7,'peningkatan produksi tanaman padi dengan metode hybrid ga dan elm berdasarkan curah hujan',7,3,2024,NULL,NULL),
(8,'pengelompokkan pemberian dana bantuan status stunting di madura menggunakan metode k-medoids clustering',7,3,2023,NULL,NULL),
(9,'optimasi pengelompokan tingkat produksi tanaman rempah dengan metode clustering',7,3,2022,NULL,NULL),
(10,'sistem pemetaan tiket masuk untuk peningkatan potensi objek wisata di madura',7,3,2021,NULL,NULL),
(11,'prototype palang pintu otomatis berbasis deteksi penggunaan masker untuk semua sivitas utm secara real-time',7,3,2020,NULL,NULL),
(12,'rancang bangun perkiraan berat badan sapi menggunakan image processing berbasis mobile',7,3,2019,NULL,NULL),
(13,'estimasi berat badan sapi lokal madura dengan image processing dan artificial intelligence',7,3,2018,NULL,NULL),
(14,'estimasi berat badan sapi lokal madura dengan image processing dan artificial intelligence',7,3,2017,NULL,NULL),
(15,'penilaian esai otomatis: studi perbandingan metode perhitungan tingkat kemiripan jawaban siswa dan guru pada metode latent semantic analysis (lsa)',7,4,2024,NULL,NULL),
(16,'sistem klasifikasi opini customer produk umkm batik madura di marketplace menggunakan ensemble learning',7,4,2024,NULL,NULL),
(17,'pengembangan aplikasi tour wisata berbasis android dengan pendekatan metode haversine guna mendukung sektor wisata madura',7,4,2023,NULL,NULL),
(18,'rancang dan bangun apilkasi web service api aplikasi sentralisasi produk jamu madura',7,4,2022,NULL,NULL),
(19,'rancang bangun e-learning adaptif bahasa madura berbasis ltsa sebagai upaya melestarikan kearifan lokal masyarakat madura',7,4,2015,NULL,NULL),
(20,'rancang bangun e-learning adaptif bahasa madura berbasis ltsa sebagai upaya melestarikan kearifan lokal masyarakat madura',7,4,2014,NULL,NULL),
(21,'pengembangan game edukasi batik madura sebagai upaya pelestarian budaya madura',7,5,2024,NULL,NULL),
(22,'pemodelan baru berbasis arsitektur advanced machine learning sebagai pendukung sistem diagnosis autisme otomatis',7,5,2024,NULL,NULL),
(23,'klasifikasi level tumor otak berbasis pemilihan otomatis slice menggunakan deep extraction feature dan multiple classifier pada citra magnetic resonullce imaging',7,5,2024,NULL,NULL),
(24,'pengembangan media promosi augmented reality berbasis motion capture tari madura sebagai upaya peningkatan pariwisata dan pelestarian budaya madura.',7,5,2023,NULL,NULL),
(25,'pemodelan baru berbasis arsitektur advanced machine learning sebagai pendukung sistem diagnosis autisme otomatis',7,5,2023,NULL,NULL),
(26,'aplikasi game berbasis kinect untuk terapi anak autis',7,5,2021,NULL,NULL),
(27,'aplikasi game berbasis kinect untuk terapi anak autis',7,5,2019,NULL,NULL),
(28,'pengembangan metode baru untuk identifikasi fase plasmodium sebagai upaya pendeteksian penyakit malaria',7,5,2018,NULL,NULL),
(29,'pemanfaatan teknologi kinect untuk kamar ganti virtual',7,5,2016,NULL,NULL),
(30,'gj gan: generator notasi gamelan jawa berbasis generative adversarial network',6,7,2024,NULL,NULL),
(31,'inovasi desain warna batik dengan generative adversarial network (gan): studi tentang integrasi warna batik madura dan batik bali',6,7,2024,NULL,NULL),
(32,'pengembangan game edukasi batik madura sebagai upaya pelestarian budaya madura',6,7,2024,NULL,NULL),
(33,'aplikasi game berbasis kinect untuk terapi anak autis',6,7,2021,NULL,NULL),
(34,'aplikasi game berbasis kinect untuk terapi anak autis',6,7,2019,NULL,NULL),
(35,'pemanfaatan teknologi kinect untuk kamar ganti virtual',6,7,2016,NULL,NULL),
(36,'pengembangan model pemilihan bibit unggul sapi lokal madura berdasarkan body condition dengan metode ensemble ls-svm fast corelation',6,8,2024,NULL,NULL),
(37,'peramalan luas panen dan hasil panen dalam peningkatan produksi tanaman padi di madura dengan penerapan model svr-pso',6,8,2024,NULL,NULL),
(38,'peningkatan efisiensi ekonomi sistem produksi sapi madura berbasis manajemen pakan dan diusapi (direktori usaha sapi) untuk mendukung program nasional swasembada daging sapi',6,8,2024,NULL,NULL),
(39,'pemetaan kualitas olahan pangan dendeng ragi sapi madura berdasarkan body condition dan teknik pengolahan dengan menggunakan metode k-medoid clustering',6,8,2023,NULL,NULL),
(40,'sistem pendukung keputusan peningkatan produktifitas umkm madura yang berstandart halal dengan menggunakan algoritma topsis',6,8,2022,NULL,NULL),
(41,'sistem pakar deteksi kekurangan unsur hara tanaman jagung berbasis android dengan menggunakan metode nave bayes',6,8,2021,NULL,NULL),
(42,'pengembangan data center terdistribusi e-commerce ukm batik madura dengan menggunakan adhaptive clustering pada proviling customer untuk meningkatkan penjualan',6,8,2016,NULL,NULL),
(43,'pemodelan klaster ukm madura berbasis teknologi informasi (ti) untuk pengembangan strategi bisnis terintegrasi dengan layanull cloud computing',6,8,2016,NULL,NULL),
(44,'pemodelan klaster ukm madura berbasis teknologi informasi (ti) untuk pengembangan strategi bisnis terintegrasi dengan layanull cloud computing',6,8,2015,NULL,NULL),
(45,'kombinasi metode particle filter gaussian (pfg) dengan edge direction matrix (edm) berbasis adaptif untuk deteksi karakter plat nomor kendaraan bergerak secara otomatis',6,8,2014,NULL,NULL),
(46,'pengembangan model baru rekonstruksi citra wajah asli dari citra wajah tertutup masker berbasis deep learning untuk keamanull publik pasca covid-19',6,9,2024,NULL,NULL),
(47,'revitalisasi warisan budaya: restorasi aksara kuno madura menggunakan teknologi generative adversarial network',6,9,2024,NULL,NULL),
(48,'pemodelan baru berbasis arsitektur advanced machine learning sebagai pendukung sistem diagnosis autisme otomatis',6,9,2024,NULL,NULL),
(49,'pengembangan model sistem cerdas untuk pengenalan otomatis citra rimpang jamu madura sebagai upaya peningkatan produktifitas dan kualitas jamu madura',6,9,2023,NULL,NULL),
(50,'pengembangan model baru rekonstruksi citra wajah asli dari citra wajah tertutup masker berbasis deep learning untuk keamanull publik pasca covid-19',6,9,2023,NULL,NULL),
(51,'pengembangan metode baru untuk identifikasi fase plasmodium sebagai upaya pendeteksian penyakit malaria',6,9,2018,NULL,NULL),
(52,'pengembangan metode baru untuk identifikasi fase plasmodium sebagai upaya pendeteksian penyakit malaria',6,9,2017,NULL,NULL),
(53,'peramalan luas panen dan hasil panen dalam peningkatan produksi tanaman padi di madura dengan penerapan model svr-pso',6,10,2024,NULL,NULL),
(54,'pengembangan model pemilihan bibit unggul sapi lokal madura berdasarkan body condition dengan metode ensemble ls-svm fast corelation',6,10,2024,NULL,NULL),
(55,'aplikasi deteksi penyakit dan hama pada tanaman padi berdasarkan serangan gejala untuk ketahanull pangan',6,10,2024,NULL,NULL),
(56,'klasifikasi penentuan status stunting menggunakan metode naive bayes classifier berdasarkan feature selection information gain',6,10,2023,NULL,NULL),
(57,'klasifikasi penyakit padi berdasar pada kerusakan daun menggunakan akuisisi drone dan teknologi deep learning',6,10,2023,NULL,NULL),
(58,'aplikasi deteksi penyakit dan hama pada tanaman padi berdasarkan serangan gejala untuk ketahanull pangan',6,10,2023,NULL,NULL),
(59,'pemodelan klasifikasi dengan metode hybrid untuk mendeteksi penyakit tanaman jahe berbasis web',6,10,2022,NULL,NULL),
(60,'klasifikasi penyakit padi berdasar pada kerusakan daun menggunakan akuisisi drone dan teknologi deep learning',6,10,2022,NULL,NULL),
(61,'aplikasi deteksi penyakit dan hama pada tanaman padi berdasarkan serangan gejala untuk ketahanull pangan',6,10,2022,NULL,NULL),
(62,'sistem klasifikasi dan seleksi fitur untuk peningkatan jumlah wisatawan objek wisata di madura',6,10,2021,NULL,NULL),
(63,'sistem monitoring salinitas air untuk pengendalian pintu air muda meja kristalisasi rumah garam berbasis pesan text',4,11,2024,NULL,NULL),
(64,'decision support system untuk memprediksi kematangan cabe jamu (piper retrofractum) menggunakan som dan k-means.',4,11,2024,NULL,NULL),
(65,'sistem monitoring kekeruhan dan pengendalian ketinggian air muda pada proses kristalisasi garam dengan konsep internet of thing',4,11,2023,NULL,NULL),
(66,'purwarupa produksi garam menggunakan metode hybrid (model double slope lensa fresnel dan pemanas cahaya elektrik) berbasis internet of things',4,11,2022,NULL,NULL),
(67,'prototipe smart laboratorium dengan konsep internet of thing (iot) menggunakan raspberry pi',4,11,2021,NULL,NULL),
(68,'pengembangan prosedur pelaporan insiden keamanull informasi menggunakan standarisasi iso/iec 27001 dan 27002',4,11,2016,NULL,NULL),
(69,'pendekatan model baru legal ner menggunakan bert untuk ekstraksi informasi dokumen putusan pengadilan secara otomatis untuk pengembangan aplikasi cerdas hukum',6,12,2024,NULL,NULL),
(70,'pemodelan arsitektur artificial neural network backpropagation pada klasifikasi penyakit hipertensi',6,12,2024,NULL,NULL),
(71,'penerapan algoritma support vecktor mechine pada klasifikasi tumbuh kembang balita di wilayah madura',6,12,2024,NULL,NULL),
(72,'identifikasi garam madura berdasarkan kandungan dalam garam sebagai bentuk filterisasi produksi garam madura',6,12,2023,NULL,NULL),
(73,'pengaruh larutan nacl dalam menentukan kualitas garam',6,12,2022,NULL,NULL),
(74,'recovery pariwisata di madura pada masa pandemi dengan pengelompokan tempat wisata berdasarkan fasilitas umum',6,12,2021,NULL,NULL),
(75,'penentuan objek wisata di madura menggunakan metode duzzy',6,12,2019,NULL,NULL),
(76,'aplikasi pencarian jalur terpendek pada lokasi wisata di kabupaten jember',6,12,2018,NULL,NULL),
(77,'sistem peramalan jumlah kerusakan simcard pengguna provider telkomsel',6,12,2017,NULL,NULL),
(78,'pengembangan data center terdistribusi e-commerce ukm batik madura dengan menggunakan adhaptive clustering pada proviling customer untuk meningkatkan penjualan',6,12,2017,NULL,NULL),
(79,'pendekatan model baru legal ner menggunakan bert untuk ekstraksi informasi dokumen putusan pengadilan secara otomatis untuk pengembangan aplikasi cerdas hukum',6,13,2024,NULL,NULL),
(80,'analisis teknik peramalan hasil panen padi dengan metode forecasting extreme learning machine (elm)',6,13,2024,NULL,NULL),
(81,'pemanfaatan teknologi convolutional neural network (resnet-50) pada kasus penyakit daun jagung',6,13,2024,NULL,NULL),
(82,'prediksi status stunting di madura menggunakan metode single exponensial smooting',6,13,2023,NULL,NULL),
(83,'klasifikasi menggunakan metode machine learning untuk identifikasi tanaman rempah',6,13,2022,NULL,NULL),
(84,'sistem prediksi tiket masuk sesuai kebutuhan pengunjung objek wisata di madura',6,13,2021,NULL,NULL),
(85,'pengembangan metode baru mesin penerjemah bahasa madura-indonesia berbasis semantik untuk mendukung perkembangan pariwisata jawa timur',5,14,2024,NULL,NULL),
(86,'deep learning framework untuk peningkatan pengelolaan pariwisata di madura berbasis analisis sentimen pada google reviews',5,14,2024,NULL,NULL),
(87,'sitoreh : sistem informasi tanaman obat dan rempah etnobotani herbal madura berbasis mobile',5,14,2024,NULL,NULL),
(88,'strategi pengelolaan destinasi wisata madura dengan penerapan analisis sentimen ulasan trip advisor berbasis big data dan deep learning',5,14,2023,NULL,NULL),
(89,'pengembangan metode baru mesin penerjemah bahasa madura-indonesia berbasis semantik untuk mendukung perkembangan pariwisata jawa timur',5,14,2023,NULL,NULL),
(90,'personalisasi paket wisata madura menggunakan preferensi wisatawan dan metode ant colony dalam upaya mendukung program wisata halal jawa timur',5,14,2022,NULL,NULL),
(91,'pengembangan metode baru mesin penerjemah bahasa madura-indonesia berbasis semantik untuk mendukung perkembangan pariwisata jawa timur',5,14,2022,NULL,NULL),
(92,'prediksi tren pariwisata madura di masa new normal dengan teknik sentimen analisis berbasis twitter',5,14,2021,NULL,NULL),
(93,'pengembangan pilar sistem informasi terintegrasi di lingkungan universitas trunojoyo madura',5,14,2020,NULL,NULL),
(94,'identifikasi emosi dalam sosial media untuk temu kembali musik berbasis emosi',5,14,2017,NULL,NULL),
(95,'pendekatan model baru legal ner menggunakan bert untuk ekstraksi informasi dokumen putusan pengadilan secara otomatis untuk pengembangan aplikasi cerdas hukum',5,15,2024,NULL,NULL),
(96,'implementasi model addie untuk pengembangan lanjutan sistem pembelajaran bahasa madura berbasis web',5,15,2024,NULL,NULL),
(97,'pengembangan pembelajaran bahasa madura yang mudah dan praktis menggunakan pendekatan finite state automata',5,15,2023,NULL,NULL),
(98,'identifikasi penyakit jagung secara otomatis menggunakan klasifikasi support vector machine (svm) dan ekstraksi fitur gray level co-occurence metrics (glcm) untuk mendukung perbaikan kualitas jagung madura',5,15,2022,NULL,NULL),
(99,'ekstraksi informasi dokumen keputusan pengadilan yang bersifat adaptif menggunakan metode berbasis aturan dan pembelajaran mesin',5,15,2020,NULL,NULL),
(100,'public electronics medical records berbasis sistem manajemen workflow di puskesmas kabupaten sumenep',7,16,2024,NULL,NULL),
(101,'manajemen rantai pasok pupuk dan benih bersubsidi pada budidaya jagung berbasis service oriented architechture',7,16,2023,NULL,NULL),
(102,'decission support system big data untuk sistem informasi e-health',7,16,2017,NULL,NULL),
(103,'pemodelan integrated architecture framework untuk pengembangan software enterprise resource planning adaptif berbasis cloud computing',7,16,2016,NULL,NULL),
(104,'pemodelan integrated architecture framework untuk pengembangan software enterprise resource planning adaptif berbasis cloud computing',7,16,2015,NULL,NULL),
(105,'identifikasi penyakit tbc pada citra dahak dengan pendekataan model baru cnn berbasis hyperparameter untuk mendukung program kemandirian kesehatan',5,17,2024,NULL,NULL),
(106,'pemodelan baru feature learning berbasis convolutional neural network dan feature engineering untuk deteksi citra leukemia',5,17,2024,NULL,NULL),
(107,'pembelajaran mesin efektif-efisien untuk analisis sentimen ulasan destinasi pariwisata melalui eliminasi fitur secara rekursif',5,17,2024,NULL,NULL),
(108,'deteksi dini penyakit kanker kulit melalui klasifikasi citra berbasis pemodelan baru arsitektur asymmteric convolutional neural network',5,17,2024,NULL,NULL),
(109,'analisis sentimen terhadap big data ulasan destinasi pariwisata di madura menggunakan pembelajaran mesin dan seleksi fitur',5,17,2023,NULL,NULL),
(110,'internasionalisasi wisata halal madura dengan pemanfaatan google translate api, named entity recognition dan sentiment analysis',5,17,2022,NULL,NULL),
(111,'pengembangan aplikasi sistem perencanaan daerah dilingkungan pemerintah kabupaten bangkalan',5,17,2022,NULL,NULL),
(112,'penerapan locality-sensitive hashing untuk meningkatkan kinerja search engine terdistribusi sebi (corpus pariwisata)',5,17,2021,NULL,NULL),
(113,'gj gan: generator notasi gamelan jawa berbasis generative adversarial network',5,18,2024,NULL,NULL),
(114,'integrasi part-of-speech tagging dan n-gram ke dalam sistem koreksi query pada search engine berita pariwisata',5,18,2024,NULL,NULL),
(115,'pemodelan arsitektur artificial neural network backpropagation pada klasifikasi penyakit hipertensi',5,18,2024,NULL,NULL),
(116,'peningkatan kinerja search engine bahasa indonesia (sebi) dengan teknik koreksi ejaan terhadap query dan dokumen',5,18,2023,NULL,NULL),
(117,'pemilah telur otomatis berbasis mikrokontroler',5,18,2017,NULL,NULL),
(118,'pengembangan model baru rekonstruksi citra wajah asli dari citra wajah tertutup masker berbasis deep learning untuk keamanull publik pasca covid-19',6,19,2024,NULL,NULL),
(119,'penerapan similarity function pada sistem rekomendasi cerdas berbasis collaborative filtering dengan kombinasi teknik matrix factorization dan clustering',6,19,2024,NULL,NULL),
(120,'pengembangan model baru rekonstruksi citra wajah asli dari citra wajah tertutup masker berbasis deep learning untuk keamanull publik pasca covid-19',6,19,2023,NULL,NULL),
(121,'desain model ekosistem digital museum berbasis iot dan kecerdasan buatan untuk pemulihan eduwisata pasca pandemi covid-19',6,19,2023,NULL,NULL),
(122,'pengenalan tarian tradisional madura dengan menggunakan pendekatan algoritma berbasis machine learning melalui data video',6,19,2023,NULL,NULL),
(123,'pengembangan model deteksi dan klasifikasi obyek dengan detector berbasis arsitektur convolutional neural network untuk mendukung pariwisata halal',6,19,2022,NULL,NULL),
(124,'pengembangan purwarupa sistem deteksi wajah pada daerah pariwisata untuk penerapan protokol kesehatan pada masa pandemik covid-19 dengan menggunakan model deep learning',6,19,2021,NULL,NULL),
(125,'pengembangan model baru dan efisien untuk ekstraksi informasi dan pemetaan pada data media sosial dengan menggunakan kombinasi content based image dan text retrieval system',6,19,2020,NULL,NULL),
(126,'pengembangan model baru dan efisien untuk ekstraksi informasi dan pemetaan pada data media sosial dengan menggunakan kombinasi content based image dan text retrieval system',6,19,2019,NULL,NULL),
(127,'scaling up mycorn application into mypajale (my padi jagung kedele)',6,19,2019,NULL,NULL),
(128,'pembuatan model baru untuk klasifikasi benih padi menggunakan machine learning',4,20,2024,NULL,NULL),
(129,'strategi meningkatkan sosio-teknikal resiliensi usaha mikro kecil dan menengah dalam menghadapi bencana alam',4,20,2020,NULL,NULL),
(130,'strategi meningkatkan sosio-teknikal resiliensi usaha mikro kecil dan menengah dalam menghadapi bencana alam',4,20,2019,NULL,NULL),
(131,'pengembangan prosedur pelaporan insiden keamanull informasi menggunakan standarisasi iso/iec 27001 dan 27002',4,20,2016,NULL,NULL),
(132,'pengembangan model baru rekonstruksi citra wajah asli dari citra wajah tertutup masker berbasis deep learning untuk keamanull publik pasca covid-19',6,21,2024,NULL,NULL),
(133,'pembuatan model baru untuk klasifikasi benih padi menggunakan machine learning',6,21,2024,NULL,NULL),
(134,'sistem identifikasi benih padi berbasis arsitektur transfer learning',6,21,2024,NULL,NULL),
(135,'pengembangan model baru rekonstruksi citra wajah asli dari citra wajah tertutup masker berbasis deep learning untuk keamanull publik pasca covid-19',6,21,2023,NULL,NULL),
(136,'pemodelan baru berbasis arsitektur advanced machine learning sebagai pendukung sistem diagnosis autisme otomatis',6,21,2023,NULL,NULL),
(137,'sistem cerdas rekomendasi tempat wisata di madura menggunakan kecerdasan buatan',6,21,2023,NULL,NULL),
(138,'aplikasi sistem rekomendasi tempat wisata di madura menggunakan deep learning',6,21,2022,NULL,NULL),
(139,'pengembangan purwarupa sistem monitoring online tambak garam menggunakan wireless sensor network dan internet of things',6,21,2021,NULL,NULL),
(140,'identifikasi penyakit kelainull darah melalui citra leukosit menggunakan deep learning adaptive learning rate',4,22,2024,NULL,NULL),
(141,'sistem deteksi varian benih kacang tanah menggunakan machine learning dan deep learning',4,22,2023,NULL,NULL),
(142,'pemanfaatan deep vision untuk deteksi kualitas biji jagung menggunakan transfer learning',4,22,2022,NULL,NULL),
(143,'video compositing berbasis temporal alpha matte menggunakan 3d poisson blending',4,22,2018,NULL,NULL),
(144,'klasifikasi citra retina untuk mendeteksi otomatis penyakit mata glaukoma',4,22,2017,NULL,NULL),
(145,'sistem deteksi kanker payudara menggunakan two dimensional principal component analysis dan k-nearest neighboor',4,22,2016,NULL,NULL),
(146,'prototipe open data desa (odd) 3.0',7,23,2024,NULL,NULL),
(147,'pengembangan sistem informasi manajemen layanull (siml) 2.0 menggunakan devops dan fast collaboration competencies (fcc)',7,23,2024,NULL,NULL),
(148,'pengembangan open data village government (odvg) menggunakan devops di desa alang-alang, bangkalan, madura',7,23,2023,NULL,NULL),
(149,'sistem rekomendasi restoran menggunakan metode user based',7,23,2023,NULL,NULL),
(150,'pengembangan database objek wisata pesisir halal dengan foto 360',7,23,2022,NULL,NULL),
(151,'pengembangan open data village government (odvg) menggunakan devops di desa alang-alang, bangkalan, madura',7,23,2022,NULL,NULL),
(152,'pengembangan marketplace produk unggulan obat dan rempah universitas trunojoyo madura dengan iso 29148',7,23,2021,NULL,NULL),
(153,'pemanfaatan atribut item dalam sistem rekomendasi untuk mengatasi permasalahan sparsity dan cold-start pada pendekatan collaborative filtering',7,23,2020,NULL,NULL),
(154,'pengembangan model baru dan efisien untuk ekstraksi informasi dan pemetaan pada data media sosial dengan menggunakan kombinasi content based image dan text retrieval system',7,23,2020,NULL,NULL),
(155,'pemanfaatan atribut item dalam sistem rekomendasi untuk mengatasi permasalahan sparsity dan cold-start pada pendekatan collaborative filtering',7,23,2019,NULL,NULL),
(156,'pengembangan metode baru mesin penerjemah bahasa madura-indonesia berbasis semantik untuk mendukung perkembangan pariwisata jawa timur',6,25,2024,NULL,NULL),
(157,'penerapan similarity function pada sistem rekomendasi cerdas berbasis collaborative filtering dengan kombinasi teknik matrix factorization dan clustering',6,25,2024,NULL,NULL),
(158,'sistem rekomendasi cerdas berbasis pendekatan hybrid menggunakan kombinasi teknik matrix factorization dan semantic similarity untuk mendukung pengembangan rekomendasi wisata madura',6,25,2023,NULL,NULL),
(159,'pengembangan metode baru mesin penerjemah bahasa madura-indonesia berbasis semantik untuk mendukung perkembangan pariwisata jawa timur',6,25,2023,NULL,NULL),
(160,'pengenalan tarian tradisional madura dengan menggunakan pendekatan algoritma berbasis machine learning melalui data video',6,25,2023,NULL,NULL),
(161,'sistem rekomendasi berbasis teknik clustering dan popularitas objek dalam rangka mendukung pengembangan jaringan paket wisata madura',6,25,2022,NULL,NULL),
(162,'pengembangan metode baru mesin penerjemah bahasa madura-indonesia berbasis semantik untuk mendukung perkembangan pariwisata jawa timur',6,25,2022,NULL,NULL),
(163,'sistem rekomendasi hotel berbasis multi-kriteria sebagai pendukung sektor pariwisata dengan menggunakan teknik normalisasi dalam pendekatan collaborative filtering',6,25,2021,NULL,NULL),
(164,'pemanfaatan atribut item dalam sistem rekomendasi untuk mengatasi permasalahan sparsity dan cold-start pada pendekatan collaborative filtering',6,25,2020,NULL,NULL),
(165,'pemanfaatan atribut item dalam sistem rekomendasi untuk mengatasi permasalahan sparsity dan cold-start pada pendekatan collaborative filtering',6,25,2019,NULL,NULL),
(166,'sistem rekomendasi jamu madura berbasis metode deep learning sebagai upaya pelestarian kearifan lokal',7,26,2024,NULL,NULL),
(167,'retrieval of hadith information (rohi) menggunakan algoritma bidirectional encoder representations from transformers (bert)',7,26,2024,NULL,NULL),
(168,'klasifikasi defisiensi nutrisi tanaman padi berbasis particle swarm optimization dan convolution neural network (pso-cnn)',7,26,2024,NULL,NULL),
(169,'sistem informasi peramalan jumlah bahan rempah produksi jamu madura dengan metode single exponential smoothing',7,26,2023,NULL,NULL),
(170,'pengembangan sistem database jamu madura berbasis website',7,26,2022,NULL,NULL),
(171,'pemodelan proses bisnis kegiatan akademik di program studi teknik informatika universitas trunojoyo dengan business process modelling notation (bpmn)',7,26,2016,NULL,NULL),
(172,'pemodelan klaster ukm madura berbasis teknologi informasi (ti) untuk pengembangan strategi bisnis terintegrasi dengan layanull cloud computing',7,26,2016,NULL,NULL),
(173,'pengembangan alat deteksi abnormal bentuk paru-paru berbasis deep learning menggunakan citra radiologi dada sebagai upaya percepatan diagnosis penyakit',6,27,2024,NULL,NULL),
(174,'pemodelan baru feature learning berbasis convolutional neural network dan feature engineering untuk deteksi citra leukemia',6,27,2024,NULL,NULL),
(175,'metode baru untuk klasifikasi penyakit daun sirih berbasis convolutional neural network sebagai upaya peningkatan produktifitas tanaman rempah bahan pembuat jamu',6,27,2023,NULL,NULL),
(176,'aplikasi metode baru berbasis deep learning untuk klasifikasi covid-19 pada citra radiografi ct_scan dan x-ray dada sebagai upaya percepatan diagnosis penyakit',6,27,2023,NULL,NULL),
(177,'deteksi otomatis penyakit daun padi berbasis deep learning untuk mendukung modernisasi sistem pertanian di indonesia',6,27,2023,NULL,NULL),
(178,'pemodelan baru feature learning berbasis convolutional neural network dan feature engineering untuk deteksi citra leukemia',6,27,2023,NULL,NULL),
(179,'aplikasi metode baru berbasis deep learning untuk klasifikasi covid-19 pada citra radiografi ct_scan dan x-ray dada sebagai upaya percepatan diagnosis penyakit',6,27,2022,NULL,NULL),
(180,'sistem pendukung keputusan berdasarkan model multi-criteria untuk prioritasisasi renewable energy technology pada kepulauan madura',6,27,2022,NULL,NULL),
(181,'pemodelan baru feature learning berbasis convolutional neural network dan feature engineering untuk deteksi citra leukemia',6,27,2022,NULL,NULL),
(182,'implementasi deep learning untuk deteksi penyakit daun jagung serta pemberian solusinya secara realtime sebagai upaya peningkatan produktifitas jagung madura',6,27,2022,NULL,NULL),
(183,'klasifikasi penyakit diabetes menggunakan pendekatan machine learning k-nn di madura',6,28,2024,NULL,NULL),
(184,'identifikasi penyakit batang jagung dengan metode cnn-resnet 152v2 untuk pencegahan penurunull produksi jagung di madura',6,28,2024,NULL,NULL),
(185,'pemetaan produksi garam di madura berdasarkan kualitas garam',6,28,2023,NULL,NULL),
(186,'klasterisasi hasil pertanian jagung menggunakan k-means sebagai salah satu peningkatan ketahanull pangan di pulau madura',6,28,2021,NULL,NULL),
(187,'pemilihan lahan tanaman padi dalam rangka ketahanull pangan di bangkalan-madura berbasis sistem pendukung keputusan',6,28,2020,NULL,NULL),
(188,'perancangan purwarupa heat excanger type shell and tube model counter flow sebagai media ajar pengendalian temperatur menggunakan neuro-fuzzy control',6,28,2018,NULL,NULL),
(189,'public electronics medical records berbasis sistem manajemen workflow di puskesmas kabupaten sumenep',4,29,2024,NULL,NULL),
(190,'peringkas teks otomatis pada artikel ilmiah dengan metode maximal margin relevance',4,29,2023,NULL,NULL),
(191,'hyperparameter tuning pada convolutional neural network untuk klasifikasi citra histopatologi kanker paru-paru',4,29,2023,NULL,NULL),
(192,'rancang bangun reaktor biogas sebagai sumber energi terbarukan dari variasi kotoran sapi dan limbah makanullan nasi berbasis skala rumah tangga',4,29,2022,NULL,NULL),
(193,'hyperparameter tuning pada convolutional neural network untuk klasifikasi citra histopatologi kanker paru-paru',4,29,2022,NULL,NULL),
(194,'autonomous museum tour guide robot dengan pendeteksian objek menggunakan machine learning tensorflow (studi kasus museum keraton sumenep)',4,29,2021,NULL,NULL),
(195,'autonomous smart home berbasis mikrokontroler',4,29,2017,NULL,NULL),
(196,'pengembangan metode baru untuk identifikasi fase plasmodium sebagai upaya pendeteksian penyakit malaria',7,30,2018,NULL,NULL),
(197,'pengembangan metode baru untuk identifikasi fase plasmodium sebagai upaya pendeteksian penyakit malaria',7,30,2017,NULL,NULL),
(198,'kapas (kamar pas smart) untuk mendukung e-commerce batik',7,30,2015,NULL,NULL),
(199,'kapas (kamar pas smart) untuk mendukung e-commerce batik',7,30,2014,NULL,NULL);
/*!40000 ALTER TABLE `riset` ENABLE KEYS */;
UNLOCK TABLES;

--
-- Table structure for table `role_has_permissions`
--

DROP TABLE IF EXISTS `role_has_permissions`;
/*!40101 SET @saved_cs_client     = @@character_set_client */;
/*!40101 SET character_set_client = utf8mb4 */;
CREATE TABLE `role_has_permissions` (
  `permission_id` bigint(20) unsigned NOT NULL,
  `role_id` bigint(20) unsigned NOT NULL,
  PRIMARY KEY (`permission_id`,`role_id`),
  KEY `role_has_permissions_role_id_foreign` (`role_id`),
  CONSTRAINT `role_has_permissions_permission_id_foreign` FOREIGN KEY (`permission_id`) REFERENCES `permissions` (`id`) ON DELETE CASCADE,
  CONSTRAINT `role_has_permissions_role_id_foreign` FOREIGN KEY (`role_id`) REFERENCES `roles` (`id`) ON DELETE CASCADE
) ENGINE=InnoDB DEFAULT CHARSET=utf8mb4 COLLATE=utf8mb4_unicode_ci;
/*!40101 SET character_set_client = @saved_cs_client */;

--
-- Dumping data for table `role_has_permissions`
--

LOCK TABLES `role_has_permissions` WRITE;
/*!40000 ALTER TABLE `role_has_permissions` DISABLE KEYS */;
INSERT INTO `role_has_permissions` VALUES
(1,1),
(1,6),
(2,1),
(2,6),
(3,1),
(3,6),
(4,1),
(4,6),
(5,1),
(5,6),
(6,1),
(6,6),
(7,1),
(7,6),
(8,1),
(8,6),
(9,1),
(9,6),
(10,1),
(10,6),
(11,1),
(11,6),
(12,1),
(12,6),
(13,1),
(14,1),
(15,1),
(16,1),
(17,1),
(18,1),
(19,1),
(20,1),
(21,1),
(22,1),
(23,1),
(24,1),
(25,1),
(26,1),
(27,1),
(28,1),
(29,1),
(30,1),
(31,1),
(32,1),
(33,1),
(34,1),
(35,1),
(36,1),
(37,1),
(37,6),
(38,1),
(38,6),
(39,1),
(39,6),
(40,1),
(40,6),
(41,1),
(41,6),
(42,1),
(42,6),
(43,1),
(43,6),
(44,1),
(44,6),
(45,1),
(45,6),
(46,1),
(46,6),
(47,1),
(47,6),
(48,1),
(48,6),
(49,1),
(50,1),
(51,1),
(52,1),
(53,1),
(54,1),
(55,1),
(56,1),
(57,1),
(58,1),
(59,1),
(60,1),
(61,1),
(61,6),
(62,1),
(62,6),
(63,1),
(63,6),
(64,1),
(64,6),
(65,1),
(65,6),
(66,1),
(66,6),
(67,1),
(67,6),
(68,1),
(68,6),
(69,1),
(69,6),
(70,1),
(70,6),
(71,1),
(71,6),
(72,1),
(72,6),
(73,1),
(74,1),
(75,1),
(76,1),
(77,1),
(78,1),
(79,1),
(80,1),
(81,1),
(82,1),
(83,1),
(84,1),
(85,1),
(85,6),
(86,1),
(86,6),
(87,1),
(87,6),
(88,1),
(88,6),
(89,1),
(89,6),
(90,1),
(90,6),
(91,1),
(91,6),
(92,1),
(92,6),
(93,1),
(93,6),
(94,1),
(94,6),
(95,1),
(95,6),
(96,1),
(96,6),
(97,1),
(97,6),
(98,1),
(98,6),
(99,1),
(99,6),
(100,1),
(100,6),
(101,1),
(101,6),
(102,1),
(102,6),
(103,1),
(103,6),
(104,1),
(104,6),
(105,1),
(105,6),
(106,1),
(106,6),
(107,1),
(107,6),
(108,1),
(108,6),
(109,1),
(109,6),
(110,1),
(110,6),
(111,1),
(111,6),
(112,1),
(112,6),
(113,1),
(113,6),
(114,1),
(114,6),
(115,1),
(115,6),
(116,1),
(116,6),
(117,1),
(117,6),
(118,1),
(118,6),
(119,1),
(119,6),
(120,1),
(120,6),
(121,1),
(121,6),
(122,1),
(122,6),
(123,1),
(123,6),
(124,1),
(124,6),
(125,1),
(125,6),
(126,1),
(126,6),
(127,1),
(127,6),
(128,1),
(128,6),
(129,1),
(129,6),
(130,1),
(130,6),
(131,1),
(131,6),
(132,1),
(132,6),
(133,1),
(133,6),
(134,1),
(134,6),
(135,1),
(135,6),
(136,1),
(136,6),
(137,1),
(137,6),
(138,1),
(138,6),
(139,1),
(139,6),
(140,1),
(140,6),
(141,1),
(141,6),
(142,1),
(142,6),
(143,1),
(143,6),
(144,1),
(144,6),
(145,1),
(145,6),
(146,1),
(146,6),
(147,1),
(147,6),
(148,1),
(148,6),
(149,1),
(149,6),
(150,1),
(150,6),
(151,1),
(151,6),
(152,1),
(152,6),
(153,1),
(153,6),
(154,1),
(154,6),
(155,1),
(155,6),
(156,1),
(156,6),
(157,1),
(157,6),
(158,1),
(158,6),
(159,1),
(159,6),
(160,1),
(160,6),
(161,1),
(161,6),
(162,1),
(162,6),
(163,1),
(163,6),
(164,1),
(164,6),
(165,1),
(165,6),
(166,1),
(166,6),
(167,1),
(167,6),
(168,1),
(168,6),
(169,1),
(169,6),
(170,1),
(170,6),
(171,1),
(171,6),
(172,1),
(172,6),
(173,1),
(173,6),
(174,1),
(174,6),
(175,1),
(175,6),
(176,1),
(176,6),
(177,1),
(177,6),
(178,1),
(178,6),
(179,1),
(179,6),
(180,1),
(180,6),
(181,1),
(182,1),
(183,1),
(184,1),
(185,1),
(186,1),
(187,1),
(188,1),
(189,1),
(190,1),
(191,1),
(192,1),
(193,1),
(194,1),
(195,1),
(196,1),
(197,1),
(198,1),
(199,1),
(200,1),
(201,1),
(202,1),
(203,1),
(204,1),
(205,1),
(205,6),
(206,1),
(206,6),
(207,1),
(207,6),
(208,1),
(208,6),
(209,1),
(209,6),
(210,1),
(210,6),
(211,1),
(211,6),
(212,1),
(212,6),
(213,1),
(213,6),
(214,1),
(214,6),
(215,1),
(215,6),
(216,1),
(216,6),
(217,1),
(218,1),
(219,1),
(220,1),
(221,1),
(222,1);
/*!40000 ALTER TABLE `role_has_permissions` ENABLE KEYS */;
UNLOCK TABLES;

--
-- Table structure for table `roles`
--

DROP TABLE IF EXISTS `roles`;
/*!40101 SET @saved_cs_client     = @@character_set_client */;
/*!40101 SET character_set_client = utf8mb4 */;
CREATE TABLE `roles` (
  `id` bigint(20) unsigned NOT NULL AUTO_INCREMENT,
  `name` varchar(255) NOT NULL,
  `guard_name` varchar(255) NOT NULL,
  `created_at` timestamp NULL DEFAULT NULL,
  `updated_at` timestamp NULL DEFAULT NULL,
  PRIMARY KEY (`id`),
  UNIQUE KEY `roles_name_guard_name_unique` (`name`,`guard_name`)
) ENGINE=InnoDB AUTO_INCREMENT=7 DEFAULT CHARSET=utf8mb4 COLLATE=utf8mb4_unicode_ci;
/*!40101 SET character_set_client = @saved_cs_client */;

--
-- Dumping data for table `roles`
--

LOCK TABLES `roles` WRITE;
/*!40000 ALTER TABLE `roles` DISABLE KEYS */;
INSERT INTO `roles` VALUES
(1,'super_admin','web','2025-01-18 17:12:51','2025-01-18 17:12:51'),
(6,'admin','web','2025-01-22 13:53:17','2025-01-22 13:53:17');
/*!40000 ALTER TABLE `roles` ENABLE KEYS */;
UNLOCK TABLES;

--
-- Table structure for table `users`
--

DROP TABLE IF EXISTS `users`;
/*!40101 SET @saved_cs_client     = @@character_set_client */;
/*!40101 SET character_set_client = utf8mb4 */;
CREATE TABLE `users` (
  `id` bigint(20) unsigned NOT NULL AUTO_INCREMENT,
  `name` varchar(255) NOT NULL,
  `id_lab` bigint(20) unsigned DEFAULT NULL,
  `email` varchar(255) NOT NULL,
  `email_verified_at` timestamp NULL DEFAULT NULL,
  `password` varchar(255) NOT NULL,
  `remember_token` varchar(100) DEFAULT NULL,
  `created_at` timestamp NOT NULL DEFAULT current_timestamp(),
  `updated_at` timestamp NOT NULL DEFAULT current_timestamp() ON UPDATE current_timestamp(),
  PRIMARY KEY (`id`),
  UNIQUE KEY `users_email_unique` (`email`),
  KEY `users_id_lab_foreign` (`id_lab`),
  CONSTRAINT `users_id_lab_foreign` FOREIGN KEY (`id_lab`) REFERENCES `laboratorium` (`id`) ON DELETE SET NULL
) ENGINE=InnoDB AUTO_INCREMENT=9 DEFAULT CHARSET=utf8mb4 COLLATE=utf8mb4_unicode_ci;
/*!40101 SET character_set_client = @saved_cs_client */;

--
-- Dumping data for table `users`
--

LOCK TABLES `users` WRITE;
/*!40000 ALTER TABLE `users` DISABLE KEYS */;
INSERT INTO `users` VALUES
(1,'SUPER ADMIN',NULL,'super_admin@gmail.com','2025-02-05 03:28:03','$2y$12$M/bpfZ/iOee4ETeoBhodB.ioQsUnPMDQpH/UI2VhHs5Dyslcd1dg2','j0FEoE73QvxTXqhIcOZh5Myj8ULnYgAszruUc7D5cImgWqqxCJLNcFhW3IJS','2025-02-05 03:28:03','2025-04-15 21:40:55'),
(2,'ADMIN LAB TEKNOLOGI INFORMASI DAN APLIKASI',1,'admin_tia@gmail.com','2025-02-05 03:28:03','$2y$12$Xa1HkKT/Qx6pii7/T315Zetr7tvgMOBPr4bRGXFKFNme56g12.sne',NULL,'2025-02-05 03:28:03','2025-02-05 03:28:03'),
(3,'ADMIN LAB COMMON COMPUTING',2,'admin_cc@gmail.com','2025-02-05 03:28:03','$2y$12$aNnEQ97fKsaJbz7urfm2ruLv.PlVdmr8xqfYGPg.6RjG7cRt2ofH6',NULL,'2025-02-05 03:28:04','2025-03-20 19:49:44'),
(4,'ADMIN LAB MULTIMEDIA',3,'admin_multimedia@gmail.com','2025-02-05 03:28:04','$2y$12$BoxhdCA/E4NaPr4idfwDfOX69UX4wve3kzMYcx9SN/7YmD9SuYey2',NULL,'2025-02-05 03:28:04','2025-02-05 03:28:04'),
(5,'ADMIN LAB SISTEM TERDISTRIBUSI',4,'admin_sister@gmail.com','2025-02-05 03:28:04','$2y$12$qwVQBgcy8n8O8PiIN6HYHOX2btWjQdRcBZAlh5SkNlbEp/ZFKM6ZK',NULL,'2025-02-05 03:28:04','2025-03-20 17:55:05'),
(6,'ADMIN LAB PERANGKAT LUNAK',7,'admin_pl@gmail.com','2025-02-05 03:28:04','$2y$12$iNhEe1J7ZufoF8Js5I8uXusk0ePGybaBUtX0sl.lwPnYfJ88Z9l.i',NULL,'2025-02-05 03:28:04','2025-03-20 17:50:11'),
(7,'ADMIN LAB BAHASA ALAMI',5,'admin_bahasa@gmail.com','2025-03-21 01:13:40','$2y$12$MECAang3AqxDsQvvwTwrKus204vauZnfZv/9zU5OGeh5MzyhwFGVq',NULL,'2025-03-20 17:37:37','2025-03-21 03:15:48'),
(8,'ADMIN LAB KECERDASAN KOMPUTASI',6,'admin_kk@gmail.com','2025-03-21 01:14:40','$2y$12$VzRVSg1DO2H8t0nc5fOtcuWR21g1X3noAJFEtn.G4V2JEpAfsqGdG',NULL,'2025-03-20 17:42:30','2025-03-21 03:15:35');
/*!40000 ALTER TABLE `users` ENABLE KEYS */;
UNLOCK TABLES;
/*!40103 SET TIME_ZONE=@OLD_TIME_ZONE */;

/*!40101 SET SQL_MODE=@OLD_SQL_MODE */;
/*!40014 SET FOREIGN_KEY_CHECKS=@OLD_FOREIGN_KEY_CHECKS */;
/*!40014 SET UNIQUE_CHECKS=@OLD_UNIQUE_CHECKS */;
/*!40101 SET CHARACTER_SET_CLIENT=@OLD_CHARACTER_SET_CLIENT */;
/*!40101 SET CHARACTER_SET_RESULTS=@OLD_CHARACTER_SET_RESULTS */;
/*!40101 SET COLLATION_CONNECTION=@OLD_COLLATION_CONNECTION */;
/*!40111 SET SQL_NOTES=@OLD_SQL_NOTES */;

-- Dump completed on 2025-04-16 14:18:44
